SAScore,SPS,smiles
8.312690646501837,79.2,C=Cc1cccc(C#CC23CC4CC(CC(C4)C2)C3)c1
8.25930596832359,79.2,C=Cc1ccc(C#CC23CC4CC(CC(C4)C2)C3)cc1
8.089017082372827,85.55555555555556,C(#CC12CC3CC(CC(C3)C1)C2)c1ccccc1
7.569889895087887,12.8,C#C/C1=C(\C#C)C#CC#C/C(C#C)=C(/C#C)C#CC#C1
9.26848887832303,147.11111111111111,CC12CC3CC(C1)C1C4CC5CC(C4)C3C1(C5)C2
8.378761178053965,89.6842105263158,CC(C)(C)C#CCC#CC12CC3CC(CC(C3)C1)C2
8.296568822038568,102.5,CC(C)(C)C#CC12CC3CC(CC(C3)C1)C2
8.079472618875576,101.71428571428571,C#CC#CC12CC3CC(CC(C3)C1)C2
9.071146889781804,132.44444444444446,C1=C[C@@H]2CCC[C@H](C1)C21C2CC3CC(C2)CC1C3
7.917074701774006,91.5,CC(C)(C)C12CCC(C(C)(C)C)(CC1)CC2
5.955634270046251,44.888888888888886,CC(C)(C)C(C)(C)C#CC#CC(C)(C)C(C)(C)C
9.106833275078491,128.0,CC1(C)CC2CC1C1(CC3CCC1C3)C2
7.637451322457486,39.0,CC(C)=c1c(C)c(C)c(=C(C)C)c(C)c1C
8.084070985388149,75.77777777777777,CCc1ccc(CC23CCC(C)(CC2)CC3)cc1
8.450902986512611,107.0,CC(C)(C)/C=C/C12CC3CC(CC(C3)C1)C2
8.222056072596759,71.15789473684211,C=CC12CCC(Cc3ccc(CC)cc3)(CC1)CC2
8.13336761318898,74.73684210526316,CCc1ccc(CC23CCC(CC)(CC2)CC3)cc1
8.789816912082006,112.53333333333333,CC12CC3CC(C1)CC(C(C)(C)C)(C3)C2
8.549101866947156,100.36363636363636,CC1C=C2CCCC(C)(C2)C1
8.37875818137753,105.77777777777777,C(#CC12CC3CC(CC(C3)C1)C2)C1=CCCCC1
6.2437034628452635,8.0,C1#CC#CC#CC#C1
5.238411498292406,49.142857142857146,C1#CCCCC#CC#CCCCC#C1
8.30684166106186,81.0,C=Cc1cc(C=C)cc(C23CC4CC(CC(C4)C2)C3)c1
8.549406309307491,99.33333333333333,CC1(C)CC2CCC1(C)C2(C)C
7.738866281223139,70.82352941176471,CC12CCC(C#Cc3ccccc3)(CC1)CC2
8.111207337713456,75.77777777777777,CCc1ccc(C23CCC(CC)(CC2)CC3)cc1
4.473394339636778,106.66666666666667,CCCC#CC12C3C4C1C1C2C3C41C#CCCC
6.084818294261099,43.5,CC(C)C(C)(C)C#CC#CC(C)(C)C(C)C
8.397019105682556,134.0,C1C2CC3CC1CC(C2)C1=C3C2CC3CC(C2)CC1C3
8.369966453452989,116.0,CC#CC12CC3C4CC5(C#CC)CC3C(C1)C(C5)C4C2
8.210358028880153,113.23076923076923,C#CCC12CC3CC(CC(C3)C1)C2
8.197438483981308,91.33333333333333,Cc1cc(C)cc(C23CC4CC(CC(C4)C2)C3)c1
8.549406309307491,99.33333333333333,CC1(C)C[C@@H]2CC[C@@]1(C)C2(C)C
7.78082945329337,18.666666666666668,C1#C/C=C\C#CC#C/C=C\C#C1
7.897499071549838,39.333333333333336,CC#CC#CC(C)(C)C(C)(C)C
8.253514802512392,93.41176470588235,c1ccc(CC23CC4CC(CC(C4)C2)C3)cc1
8.35566195053433,96.33333333333333,CC(C)=C1C=CC(C23CC4CC(CC(C4)C2)C3)=C1
7.371048400592705,102.0,C1#CC2C3C#CC4C1C1C#CC2C3C#CC41
8.685658956255718,147.3684210526316,C1C2CC3CC1CC(C2)C31C2CC3CC(C2)CC1C3
8.714718320833217,139.55555555555554,C1CC2CCCC(C1)C21C2CC3CC(C2)CC1C3
8.1206987671506,118.0,C#CC12CC3CC(CC(C3)C1)C2
8.393449905463303,87.8,CC(C)(C)c1ccc(C23CC4CC(CC(C4)C2)C3)cc1
8.40951106385339,89.47368421052632,CCCc1ccc(C23CC4CC(CC(C4)C2)C3)cc1
7.376221339986905,46.4,CC1(C)C#CC#CC(C)(C)C(C)(C)C#CC#CC1(C)C
8.280808377346057,128.47058823529412,C1C2CC3CC1CC(C2)C3=C1C2CCC1CC2
7.826493521054112,45.26315789473684,CCCC#CC1=Cc2ccc(C(C)CC)cc2CC1
8.32501142508237,91.33333333333333,CCc1ccc(C23CC4CC(CC(C4)C2)C3)cc1
7.8985205690919305,36.0,CC(C)(C)C1=CCc2c1cc1cccccc2-1
8.286840658725456,87.55555555555556,C=Cc1ccc(C23CC4CC(CC(C4)C2)C3)cc1
8.26237280827348,73.8,CC(C)c1ccc(C23CCC(C(C)C)(CC2)CC3)cc1
8.518359730795943,91.16666666666667,C=C1C2(C)CCC(C)(C2)C1(C)C
8.197485002740795,93.41176470588235,Cc1ccc(C23CC4CC(CC(C4)C2)C3)cc1
8.31358659694564,118.76923076923077,C/C=C/C12CC3CC(CC(C3)C1)C2
8.397019105682556,134.0,C1C2CC3CC1CC(C2)C3=C1C2CC3CC(C2)CC1C3
8.796457892798685,120.94117647058823,C1=CC2CC1CC2=C1C2CC3CC(C2)CC1C3
8.251585302073355,126.66666666666667,CCC12CC3CC(CC(C3)C1)C2
8.220025041438234,123.0,[CH]CC12CC3CC(CC(C3)C1)C2
8.240185046307017,124.58333333333333,[CH2]CC12CC3CC(CC(C3)C1)C2
6.048754437763919,40.61538461538461,CC(C)C#CC#CC(C)(C)C(C)C
7.728319140931598,76.3076923076923,CC(C)(C)C1C=CC2=C1CCCC2
8.518359730795943,91.16666666666667,C=C1C(C)(C)[C@]2(C)CC[C@@]1(C)C2
8.25405883677963,137.33333333333334,C1C2CC3CC(CC13)C2=C1C2CC3CC1CC3C2
7.92000801883193,79.73333333333333,c1ccc(CC23CCC(CC2)CC3)cc1
8.18223013748312,84.0,CC#Cc1ccc(C23CC4CC(CC(C4)C2)C3)cc1
9.074595127136439,124.0,CC1=CC23C[C@@H]4CC(C[C@@H](C4)C2)[C@H]3C1
4.344333991337475,40.25,CC(C)(C)C#CC1=Cc2ccccc2CC1
7.97277795516354,128.0,C1=CCC2C3CCC2C3C1
8.289488662373506,87.55555555555556,C=C(c1ccccc1)C12CC3CC(CC(C3)C1)C2
7.842993011084807,43.05882352941177,C(#CC1CCCC1)c1ccc2ccccc2c1
7.724704189921985,92.0,C=CC12CCC(C=C)(CC1)CC2
8.88457878017284,149.33333333333334,C1#CC2C3CC4C5CC(C1C35)C24
7.912651070665032,67.33333333333333,CC12CCC(C#Cc3ccccc3)(CC1)C2(C)C
8.286399263082783,120.61538461538461,C#CC1(C)C2CC3CC(C2)CC1C3
4.948612545824694,46.4,CC#CC(C)(C)C(C)(C)C
6.347579924506965,43.46666666666667,CC1C=CCC=C1C#Cc1ccccc1
8.543082656684097,99.33333333333333,CC1(C)CC2(C)CCC1C2(C)C
8.24798043260641,121.0,C=CC12CC3CC(CC(C3)C1)C2
7.37993610641237,32.4,C(C#CC1=CC=CC=CC=C1)#CC1=CC=CC=CC=C1
7.512845229213534,28.0,C(#CC1C=CC=C1)c1ccc2ccccc2c1
7.736305973165169,27.75,Cc1ccc2cc(C#CC(C)C)ccc2c1
8.505006550186792,126.66666666666667,C=CC12CC3C4CC5(C=C)CC3C(C1)C(C5)C4C2
4.338921291792471,58.666666666666664,CC1=CCC2=C1C(C)(C)C1=C(C(C)=CC1)C2(C)C
8.039395435113128,102.4,C1=CC(=C2C3CC4CC(C3)CC2C4)C=C1
8.55434441349582,99.27272727272727,C/C=C1\[C@@H]2CC[C@@H](C2)C1(C)C
8.55434441349582,99.27272727272727,C/C=C1\[C@H]2CC[C@H](C2)C1(C)C
7.535999212688134,132.0,C#CC12C3C4C1C1C2C3C41C#C
5.6328850500992695,58.4,CC1=C(C)C2=C(C1)C(C)(C)C1=C(CC(C)=C1C)C2(C)C
7.390154156877974,83.75,c1c2c(cc3c1C1CCC3CC1)CCCC2
8.063170818940975,76.94117647058823,CC(C)C12CCC(c3ccccc3)(CC1)CC2
7.156755937907789,75.75,C1=CCc2cc3c(cc2C1)C1CCC3CC1
7.363773705010602,33.111111111111114,C1=CC=CC(=c2ccc(=C3C=CC=C3)cc2)C=C1
8.985855733655898,139.07692307692307,CC1(C)[C@@H]2C3CC4C[C@@H]2C[C@H](C4)[C@H]31
7.681224467739586,26.571428571428573,C#CC#Cc1ccc(C(C)(C)C)cc1
8.743713913689792,124.18181818181819,C=C1CC2CC3CC(C2)C1C3
8.55434441349582,99.27272727272727,C/C=C1\C2CCC(C2)C1(C)C
8.73330370989916,124.92307692307692,CCC12CC3CCC(CC(C3)C1)C2
8.4443349124236,140.4,C1C2CC3CC1CC(C14CC5CC(CC(C5)C1)C4)(C2)C3
5.36465451652108,16.285714285714285,c1ccccc#cc2ccccc2c#1
7.921752474152897,107.63636363636364,CCC12CCC(C)(CC1)CC2
5.547276600813362,46.888888888888886,Cc1ccc2c3c(ccc2c1C)C(C)(C)CCC3
7.331280352419007,93.6,CC1(C)CC2(CCCC2)C1
8.526381622054387,115.8,c1ccc(C23CC4C5CC6CC4C(C2)C(C6)C5C3)cc1
8.335312084569788,122.66666666666667,C#CC12CC3C4CC5(C#C)CC3C(C1)C(C5)C4C2
6.2394763704891805,39.6,C=C(C#CCC)C(C)(C)C
7.831169303173621,79.73333333333333,Cc1ccc(C23CCC(CC2)CC3)cc1
8.635963122264036,132.44444444444446,C/C=C/C12CC3C4CC5(C)CC3C(C1)C(C5)C4C2
7.878509407897556,83.36842105263158,CC1(C)C(C)(C)C2(C)C(C)(C)C(C)(C)C1(C)C2(C)C
6.833729051590554,63.25,c1ccc2cc3c(cc2c1)C1CCC3CC1
7.684393230448301,27.75,CC(C)(C)C#Cc1ccc2ccccc2c1
8.6235329051433,137.45454545454547,C1CC2CCC3CC2CCC13
7.517192807146836,25.88235294117647,C=Cc1ccc2c(c1)Cc1cc(C=C)ccc1-2
7.991731564881144,42.0,Cc1ccc2c(c1)CC=C2C(C)(C)C
8.611250568854189,132.0,C[C@H]1C[C@H]2CC[C@@H]1C[C@@H]2C
8.648043442682006,112.0,C[C@@H]1C[C@@H]2CC[C@@]1(C)C2(C)C
7.233368585501237,86.0,C#CC12CCC(C#C)(CC1)CC2
7.5492765239558395,58.94736842105263,C1=C2[C@@H](Cc3ccccc31)[C@@H]1c3ccccc3C[C@H]21
8.56498416533629,71.52941176470588,Cc1ccc(/C=C2\[C@H]3CC[C@H](C3)C2(C)C)cc1
7.249549899684043,17.5,C1#Cc2ccccc2C#Cc2ccccc21
8.520858131821624,137.6,C1C[C@@H]2C/C(=C3/C[C@H]4CC[C@H]5CC[C@H]3[C@H]54)[C@H]3CC[C@H]1[C@H]23
7.674938736562418,98.2,CC(C)=C1C2CCC1CC2
8.018558077404304,103.27272727272727,CC(C)(C)C12CCC(CC1)C2
8.835986543684484,150.0,C1C2CC3CC1C1CCC3C1C2
8.827446946128578,160.6153846153846,C1C2CC3C4CC2C2C1CC3C2C4
8.255820011886039,97.33333333333333,C1=CC2(C=C1)CC1CCC2CC1
8.991372120571718,107.2,CC1=CC[C@]23C[C@H](CC[C@H]2C)C(C)(C)[C@H]13
6.9427756337669475,37.111111111111114,CC(C)(C)/C=C/C#Cc1cccc(C(C)(C)C)c1
8.30175004632524,107.5,CC1(C23CC4CC(CC(C4)C2)C3)C=CC=C1
7.5622952265612575,37.57142857142857,C(#Cc1ccccc1)[C]1[CH][CH][CH][CH]C1
3.2904658503637405,39.6,CC(C)c1ccc2c(c1)CCc1cc(C(C)C)ccc1-2
8.293964454650744,121.23076923076923,CC(C)C12CC3CC(CC(C3)C1)C2
8.85089847813951,167.86666666666667,C=C1C2C3C4C5CC6C4C2C2C1C3C5C62
8.824618414015347,166.26666666666668,[C]=C1C2C3C4C5CC6C4C2C2C1C3C5C62
7.482760496138455,4.0,c1c#cc#cc#cc#cc#1
8.08328762424622,77.4,C#Cc1cc(C#C)cc(C23CC4CC(CC(C4)C2)C3)c1
6.490325907426049,82.66666666666667,CC(C)(C)C1CCCC1
7.981731143711196,78.25,CCC12CCC(c3ccccc3)(CC1)CC2
7.849936733319392,39.75,CC(C)(C)c1ccc2cccc3c2c1CC3
7.98473925148997,101.45454545454545,C=CC12CCC(C)(CC1)CC2
9.043788509571158,160.57142857142858,C1=CC2C3C1C1C4C5CCC4C(C21)C53
7.922738054939008,140.8,C1CC2CC3CC1CC3C2
8.73852300647337,116.72727272727273,C/C=C1/CC2CC1C(C)C2C
7.644354715028802,109.6,C1=CCC2CCC(C1)CC2
7.419790729119048,13.0,[C]1=CC#CC#CC#C1
5.584979629980204,35.6,Cc1ccc2c(c1-c1ccc(C(C)(C)C)cc1)C=CC2
8.772627362824963,124.18181818181819,C=C1[C@H]2C[C@H]3CC[C@@H]1[C@H](C3)C2
8.694463622666149,165.33333333333334,C1C2CC3C4CC5CC(C1C53)C24
8.912972712709648,160.6153846153846,C1C2CC3CC1C1C4CC2C(C4)C31
6.50962582773256,52.0,CC1=CC=CC(C(C)(C)C)=CC1
6.826415136583581,20.4,c1ccc2c(c1)-c1cc3cc4ccccc4cc3cc1-2
4.9523643308898055,27.11111111111111,C1#Cc2ccccc2CC#Cc2ccccc2C1
8.915396910316279,142.0,C1C2CC3CC1CC1(CCC31)C2
8.379785156516599,87.78947368421052,Cc1ccc(/C=C\C23CC4CC(CC(C4)C2)C3)cc1
8.689498886496265,124.92307692307692,CC1(C)CC2CC3CC(C2)CC1C3
5.800278962976931,58.285714285714285,CC(C)(C)C1=CCC(C(C)(C)C)=CC1
6.095074576339362,42.588235294117645,CC1=C(C)CC(c2ccc(C(C)(C)C)cc2)=C1
9.255709696401318,149.6,C1C2CC3CC1CC1(C2)[C@@H]3[C@@H]2C3CC4CC(C3)CC21C4
8.783901914280742,154.1818181818182,C1C2CC3CC1C1CCC2C31
9.18914535118046,150.66666666666666,C[C@@H]1C[C@@H]2CC1C1C2C2C[C@H]1C1C3C=C[C@@H](C3)C21
7.916681181681953,90.66666666666667,C#CC12CCC(C)(CC1)C2(C)C
7.84300217917758,40.0,C1#CCCC#CC#CCCC#C1
8.733650131376763,138.66666666666666,CC1CC2CC3CC(C2)CC1C3
7.556295790090912,83.6923076923077,CC#CC#CC12CCC(CC1)CC2
8.281703551086443,76.0,Cc1ccc2c(c1)CC1CCC2C1
8.757617845852204,113.0,C=C1C2CC3CC(C2)CC(C3)C1(C)C
5.558711868626685,74.22222222222223,C1=CC2=C(CC1)CC(=C1CC3=C(CCCC3)C1)C2
8.321183958531813,89.55555555555556,C(=C/C12CC3CC(CC(C3)C1)C2)/c1ccccc1
7.7027276227009835,81.33333333333333,C1CCC2=C(C1)CC(=C1CC3=C(CCCC3)C1)C2
8.77641390862533,142.54545454545453,C1=CC2C3CC4CC(C3)C2C14
8.275708922994852,79.23076923076923,CC(C)=C1C=C2C(=C1)C1CCC2C1
7.331635285379597,18.857142857142858,C=CC#Cc1ccc2ccccc2c1
7.7337706263233414,81.42857142857143,c1ccc(C23CCC(CC2)CC3)cc1
7.545740166179351,64.42857142857143,c1ccc(C23CC[C](CC2)CC3)cc1
7.742995904837365,25.41176470588235,CCc1ccc(C#CCc2ccccc2)cc1
8.819013695623507,120.0,CC1=CC2C[C@@H]3CC1C[C@H](C2)C3
7.421321097855269,23.714285714285715,CCC#Cc1ccc2ccccc2c1
8.575376164815882,140.8,C1C[C@H]2C[C@@H]3CC[C@H]2C[C@H]13
7.968479173594445,93.81818181818181,C#CC12CCC(CC1)C2(C)C
7.766965502112484,56.0,C1#CCCCCC#C1
9.095653494947083,150.58823529411765,C1=C[C@H]2C[C@@H]1[C@H]1[C@H]3C[C@@H]([C@H]12)[C@@H]1[C@H]2CC[C@H](C2)[C@H]31
8.575376164815882,140.8,C1CC2CC3CCC2CC13
8.575376164815882,140.8,C1C[C@@H]2C[C@H]3CC[C@@H]2C[C@@H]13
8.350090647821272,93.2,C=C1CC2CCC(C1)C2=C
8.506604702051048,103.27272727272727,CC1(C)CC2CCC1C2(C)C
8.716009085172402,154.1818181818182,C1C2CC3CC1C1CC2CC31
8.577670635485024,128.72727272727272,C1CC2CC3CCC2(C1)CC3
5.630658287201234,34.0,CC(C)C(C)(C)C#Cc1ccccc1
7.979629225531614,103.33333333333333,CC(C)C12CCC(C)(CC1)CC2
4.358095275042531,41.77777777777778,C/C=C/C#CC(C)(C)C
7.5300835104238155,62.666666666666664,Cc1ccc2c(c1)C[C@@H]1C=CC=C[C@@H]1C2
5.549842438696658,40.30769230769231,CC(C)c1ccc(C(C)(C)C)cc1
8.520858131821624,137.6,C1C[C@@H]2C/C(=C3\C[C@@H]4CC[C@@H]5CC[C@@H]3[C@H]54)[C@H]3CC[C@H]1[C@H]23
7.542123062842356,31.8,CC1=Cc2cc3cc4cc(C)c(C)cc4cc3cc2C1
7.775765179252732,37.77777777777778,CCc1ccc2c(c1)CCc1cc(CC)ccc1-2
8.092257322489807,116.57142857142857,CC1(C)C2CC3CC1CC(C2)C3(C)C
7.7612759145559185,29.11111111111111,CC(C)=c1ccc(=c2ccc(=C(C)C)cc2)cc1
8.718885967383148,170.9090909090909,C1C2C3CC4C5CC(C1C35)C24
8.968635965091707,119.6,C[C@@H]1CCC[C@@]2(C)CC[C@@H]3[C@H]4C(C)(C)CC[C@@]4(C)C[C@]132
8.725169706949465,122.66666666666667,CC(C)C12CC3CC(CC1C3)C2
7.580231074411166,103.27272727272727,CC12CCC(C)(CC1)C2(C)C
7.063887927667052,16.285714285714285,C#Cc1ccc2cc(C#C)ccc2c1
7.9964540369441846,140.8,[2H]C12CC3CC(CC(C3)C1)C2
8.028283136706271,132.8,[C]1C2CC3CC1CC(C2)C3
8.021879069144871,136.2,[CH]1C2CC3CC1CC(C2)C3
7.9964540369441846,150.4,[2H]C1C2CC3CC(C2)CC1C3
7.9964540369441846,150.4,[3H]C1C2CC3CC(C2)CC1C3
7.601116176393737,140.8,C1C2CC3CC1CC(C2)C3
8.15691050265848,150.4,[3H]C1C2([3H])CC3CC(C2)CC1([3H])C3
7.901870515856739,126.6,C1[C]2CC3CC1CC(C2)C3
7.8040341797025885,140.8,[2H]C12CC3([2H])CC([2H])(C1)CC([2H])(C2)C3
8.939790532761876,177.6,C1C2[C@@H]3[C@@H]4C[C@H]5[C@H]6C[C@@H]4[C@H]4[C@@H]3C1[C@@H]([C@@H]25)[C@@H]64
8.587668234082088,95.2,c1ccc(C23CC4CC(CC2C4)C3)cc1
8.665256887616502,140.8,C1C[C@H]2C[C@H]3C[C@@H]1C[C@@H]2C3
8.665256887616502,140.8,C1CC2CC3CC1CC2C3
8.739673234197017,132.8,[C]1CC2CC3CC1C(C2)C3
7.837801706819275,43.4,CC1=C(C)CC(c2ccc(C3=CC(C)=C(C)C3)cc2)=C1
8.641430210716061,113.0,C[C@H]1[CH][C@H]2C[C@@H](C1)C2(C)C
4.795538348359664,60.36363636363637,CC1(C)C#CC(C)(C)C1(C)C
6.652428224696799,20.4,c1ccc2cc3c(cc2c1)-c1cc2ccccc2cc1-3
8.642054181749723,117.6,C[C@H]1C[C@H]2C[C@@H]1C(C)(C)C2
4.412141796668546,37.77777777777778,C=C(C#CC)C(C)(C)C
8.108125862075415,95.05882352941177,C1=CC=CC(=C2C3CC4CC(C3)CC2C4)C=C1
6.3931381576771935,84.66666666666667,CC1(C)CCCC2=C1CCCC2
7.975743531112799,56.0,CCC(C)C#CC1=C(C#CC(C)CC)CCC1
7.762799143582158,43.6,CC#CC1=C(C)C(C)=C(C#CC2=C(C)C(C)=C(C)C2)C1
8.891022302007121,119.15789473684211,C1=C[C@H]2CC(=C3C4CC5CC(C4)CC3C5)C[C@@H](C1)C2
8.099245079179926,83.15789473684211,C1=Cc2ccccc2C1=C1C2CC3CC(C2)CC1C3
8.011602557746903,61.666666666666664,C1#CC2CC(C1)c1ccccc12
8.688301894693042,165.33333333333334,C1CC2C3CC4C1C1CC4C3C12
8.862387388626784,107.6,CC(C)=C1[C@H]2C=C[C@@H]1[C@H]1[C@@H]2[C@H]2C=C[C@@H]1C2
8.802885366713575,154.1818181818182,C1C2CC3CC1C1CC3C1C2
6.55806555080278,56.0,c1ccc(C23CC(c4ccccc4)(C2)C3)cc1
7.834651287531173,44.30769230769231,C1=CC=CC2(C=C1)C=CC=CC=C2
7.7804187885174825,46.666666666666664,CC1=CC2=C(CC1)c1ccc(C)cc1C2
7.920169031118092,53.06666666666667,C1=C(c2ccccc2)CC2=C1CCCC2
8.525160674507676,72.26666666666667,C1=C[C@H](c2ccccc2)[C@H]2C=C[C@@H](C1)C2
8.1882653328074,97.0,c1cc(C23CCC(CC2)C3)ccc1C12CCC(CC1)C2
8.713531070551806,117.53846153846153,CC(C)(C)C12CC3CC(CC1C3)C2
8.612345072956243,113.5,CC1C=CC(C23CC4CC(CC(C4)C2)C3)=C1
8.997866921409598,169.71428571428572,C1CC2C3C1C1C4CC5C(C4)C(C21)C53
8.648043442682006,112.0,C[C@H]1CC2CC[C@@]1(C)C2(C)C
6.380204979733479,61.333333333333336,C1#CCCCC#CCC1
8.373006437580173,140.8,C1CC2CC3CC2CCC13
8.388455940928218,89.47368421052632,CC(C)c1ccc(C23CC4CC(CC(C4)C2)C3)cc1
8.649446660911499,128.0,C1=C[C@H]2CC[C@H]3C[C@@H]1C[C@H]32
8.24295069764141,57.333333333333336,C1=CC2C=C(c3ccccc3)C(C=C1)C2
8.447094091741299,108.88888888888889,C/C=C1/CC2CCC1C2
7.657398020932193,43.42857142857143,C(#CC1=CC=CC1)C1=CC=CCC=C1
7.5471383039249,29.5,C1#Cc2ccccc2CCc2ccccc21
7.327341237994787,21.714285714285715,C1#CC#CCC#C1
7.56793972692688,28.666666666666668,CCc1ccc2c(ccc3cc(CC)ccc32)c1
7.67726343775398,68.76923076923077,CC=C1C=CC2(C=C1)CCCCC2
7.851679018760282,108.22222222222223,C=C1CC2CCC1CC2
7.815543845225812,70.85714285714286,C(#CC1=CCCCC1)C1=CCCCC1
8.250264670243993,63.142857142857146,C1=CC2CC(C=C2c2ccccc2)C1
7.075890825988965,196.0,C12C3C4C1C1C5C6C7C8C6C1C4C8C3C7C25
8.932402434147349,153.14285714285714,CC12CC3C4CC5CC3C1C(C5)C4C2
8.274138068519719,101.375,C=C1C=CC=C1C12CC3CC(CC(C3)C1)C2
8.0520165035512,74.11764705882354,CC(C)(C)c1ccc(C23CCC(CC2)C3)cc1
8.508052683874224,180.66666666666666,C1C2C3C4CC5C3C1C1C2C4C51
8.419127246806749,95.6,C/C=C1/CC2C=CC1CC2
7.7699462171812765,40.61538461538461,CC(C)(C)C#CCC#CC(C)(C)C
8.780329407431482,128.47058823529412,C1CC2CC1CC2=C1C2CC3CC(C2)CC1C3
8.483875770656928,137.5,C#CC12CC3C4CC5CC3C(C1)C(C5)C4C2
7.450457833674648,72.3076923076923,Cc1ccc(C23CC(C)(C2)C3)cc1
7.619540236970355,26.625,C=C1C=CC=c2cc3ccccc3cc2=C1
7.628629592885068,101.14285714285714,C#CC12CC(C34CC(C#C)(C3)C4)(C1)C2
5.9856991562779385,47.69230769230769,C(#CC1C=CCC1)c1ccccc1
8.608698585336592,140.8,C1CC2CCC3C1CCC23
7.170790756169862,24.2,Cc1cc2cc3cc4ccccc4cc3cc2cc1C
7.752061480512358,65.0,c1c2c(cc3c1C1=C(CCCC1)C3)C1=C(CCCC1)C2
8.269112425386343,121.2,C1CCC(C23CC(C45CC(C6CCCC6)(C4)C5)(C2)C3)C1
8.921866676631375,151.16666666666666,[C]=C1C2C3CC4C5CC(C1C53)C42
5.7606301689740675,54.54545454545455,CC1=C(C)C(C(C)(C)C)=CC1
8.739035050256613,142.54545454545453,C1=CC2C3CC4CC1C2C4C3
8.992782577008766,143.05882352941177,C1=C[C@H]2CC1[C@H]1C3CC([C@H]12)[C@H]1[C@@H]3C2C=C[C@@H]1C2
8.046598352830497,180.66666666666666,C1C2C3CC4C1C1C2C2C3C4C12
6.332749319241877,42.4,CC(C)(C)Cc1ccc(C(C)(C)C)cc1
7.351461294531724,50.4,CCC1(C)C2=CC=C1C=C2
7.839626058945129,112.66666666666667,C1=C2CCC3C=C4CCC1C4C23
7.758204868994188,92.66666666666667,C1CCCC(=C2CCCC2)CC1
8.444476075113986,95.6,C/C=C1\C=CC2CCC1C2
8.39356916042314,140.8,CCC1CC2CC3CC1C23
8.355523950766425,110.22222222222223,C1=CCC2CCC(C1)C2
8.578462562936181,109.81818181818181,CC1=C[C@H]2[C@@H](C1)[C@H]1C=C[C@@H]2C1
7.7937005900102925,32.30769230769231,Cc1ccccc1C#CC(C)(C)C
8.353918692622951,112.0,C1=C[C@@H]2C/C(=C3\C[C@@H]4C=C[C@@H]5C=C[C@@H]3[C@@H]54)[C@H]3C=C[C@H]1[C@H]23
7.753495425737142,30.105263157894736,Cc1ccc2cc3ccc(C(C)(C)C)cc3cc2c1
8.477539410990978,123.33333333333333,C1=C2CC[C@@H]3C[C@H]4CC[C@@H](C1)C234
5.799002781408794,41.4,C=C1C#CC#CC(C)(C)C1
8.676750844698807,96.72727272727273,C1=CC2(C=C1)CC1CCC2C1
7.5300835104238155,62.666666666666664,Cc1ccc2c(c1)C[C@H]1C=CC=C[C@@H]1C2
8.161488410124695,130.8181818181818,[CH2]C12CC3CC(CC(C3)C1)C2
8.611365236592194,136.0,CC12CC3CC(CC1C3)C2
8.110228178992692,133.0909090909091,CC12CC3CC(CC(C3)C1)C2
8.660699675910326,120.18181818181819,CC12C[C]3CC(CC(C3)C1)C2
8.142557572591056,129.0909090909091,[CH]C12CC3CC(CC(C3)C1)C2
8.765524087438372,136.0,CC12C[C@@H]3CC1C[C@@H](C3)C2
8.64084431747529,131.6,[CH]C12CC3CC(CC1C3)C2
8.651655019581014,133.5,[CH2]C12CC3CC(CC1C3)C2
8.952692144127443,138.28571428571428,C1=CC2C3CC4C5C=CC3C1C5CC24
8.790844499421928,131.6,[CH]C12C[C@@H]3CC1C[C@@H](C3)C2
8.754162561353926,111.83333333333333,C=C1CC2C=CC3CC1CC2C3
8.459337248695997,95.25,c1c2c(cc3c1[C@@H]1CC[C@H]3C1)C1CC[C@@H]2C1
5.258749405810065,77.81818181818181,CC1(C)CCC(C)(C)C1(C)C
8.759463262984063,153.16666666666666,C=C1C2C3CC4C1C1C2CC3C41
8.831825082952736,165.33333333333334,C1C2CC3C1C1CC4C(C1)C3C24
8.744774835708228,151.16666666666666,[C]=C1C2C3CC4C1C1C2CC3C41
7.629848809139973,26.071428571428573,[C]#CC#Cc1ccc(C(C)(C)C)cc1
8.439056923489497,70.88888888888889,C1=CC2CC1C1Cc3c4cccccc-4cc3C21
8.577827460625993,135.11111111111111,CC1C[C@H]2C[C@@H]1C[C@@H]2C
8.47813606905578,83.38461538461539,CC1CC2CC1Cc1ccccc12
7.84493254091081,71.75,C1=C[C@@H]2C=C(c3ccccc3)[C@@H]3C=C[C@@H]1[C@@H]23
8.68444412576564,111.27272727272727,C=C1[C@@H]2C[C]3CC(C2)C[C@@H]1C3
8.929788298799377,124.70588235294117,C1=C[C@@H]2[C@H](C=C1)[C@@H]1C=C[C@H]2[C@H]2[C@H]3CC[C@H](C3)[C@@H]12
6.350116889750563,36.57142857142857,C=C(C)c1ccc(CC(C)(C)C)cc1
1.0,39.0,CCc1ccc(C(C)(C)C)cc1
8.604715690729984,105.33333333333333,CC1=C[C@H]2[C@@H](C1)[C@@H]1C=C(C)[C@H]2C1
7.795283286373414,61.111111111111114,c1ccc2c(c1)CC1=C(CC3=C(CCCC3)C1)C2
7.06555175642151,88.88888888888889,C1=CCC2(C1)CCCC2
7.261274844681787,21.23076923076923,CC#Cc1ccc2ccccc2c1
7.6164299834154265,67.85714285714286,CC(C)=C1C=CC2(C=C1)CCC2(C)C
7.948706228388681,40.0,CCc1ccc2c(c1)Cc1c-2ccc2c1CCC(C)=C2
7.990060857848104,108.4,C/C=C1\CC2CCC1CC2
6.271836475730785,38.10526315789474,CC(C)C1=Cc2cc3ccc(C(C)C)cc3cc2C1
8.46165471543718,102.66666666666667,C1=C[C@@H]2[C@H](C=C1)[C@@H]1C=C[C@H]2CC1
7.989770165140859,50.76923076923077,Cc1ccc2c(c1C)CCC2(C)C
7.019340548522515,25.8,C1=Cc2cc3cc4cc5c(cc4cc3cc2=C1)C=CC=5
6.989381989422433,69.33333333333333,CC1(C)C=CCC(C)(C)C1(C)C
7.274849987736686,40.888888888888886,c1ccc2c(c1)CC(=C1Cc3ccccc3C1)C2
8.236301335425011,110.93333333333334,C1=CC(C23CC4CC(CC(C4)C2)C3)=CC1
6.527602797056802,49.142857142857146,CC(C)C(C)(C)C#CC(C)(C)C(C)C
8.830046857030625,128.72727272727272,CC1(C)C2CC3CC(C2)C1C3
7.346483193810967,103.0,C1#CC2CCC1CC2
7.468386769758116,25.41176470588235,Cc1ccc(C#Cc2ccccc2C)cc1C
6.983753982078388,22.2,C1=c2c(ccc3c2=Cc2ccccc2-3)-c2ccccc21
7.482043073835832,94.54545454545455,CC1(C)CCCC12CCCC2
7.83839271366319,78.25,Cc1ccc(C23CCC(C)(CC2)CC3)cc1
7.948166594362108,33.45454545454545,[CH]c1ccc(C(C)(C)C)cc1
7.83900947282414,144.88888888888889,C1C2CC3CC1CC3C2
9.006506515440702,144.53333333333333,C1=C[C@H]2[C@H]3C[C@@H]([C@H]2C1)[C@H]1[C@@H]2CC[C@@H](C2)[C@@H]31
7.282351500858064,38.285714285714285,C(C#CC1C=CC=C1)#CC1C=CC=C1
6.461221084546949,45.55555555555556,CC(C)C1=CC2=C(C1)Cc1cc(C(C)C)ccc12
8.775536433707979,133.0909090909091,CC12CC3CCC1CC(C3)C2
8.521463771487449,114.18181818181819,C1=C[C@@H]2[C@H]3CC[C@H](C3)[C@@H]2C=C1
8.526707157209346,96.0,CC1=CC2CCC1CC2(C)C
7.162961532034631,18.933333333333334,C#CC#Cc1ccc2cc(C)ccc2c1
7.254659304592021,18.545454545454547,C#Cc1cccc(C#C)c1C
5.609095718972763,61.6,C#CC1=CCCC(C)(C)C1
8.684570833152154,128.0,C1=C[C@@H]2C[C@H]3CC[C@@H]2C[C@@H]13
6.648927314137177,41.42857142857143,CC(C)c1ccc(CC(C)(C)C)cc1
7.666161969502823,32.4,Cc1ccc2c(c1)CCc1c-2ccc2cc(C)ccc12
8.684570833152154,128.0,C1=CC2CC3CCC2CC13
7.798503304001998,43.46666666666667,Cc1ccc2c(c1)C=C1C2=CCC1(C)C
8.950602443798363,151.35714285714286,[CH2]C12CC3C4CC5CC3C1C(C5)C4C2
8.590405072960891,102.28571428571429,C1=CCC=C2C(=C1)C1CC3CC2C1C3
5.291752371405279,40.30769230769231,CCc1ccc(CC(C)(C)C)cc1
8.649446660911499,128.0,C1=C[C@@H]2[C@@H]3CC[C@@H](C3)[C@@H]2C1
7.558158730474269,97.25,C1CC2CC[C]1CC2
7.550981254503313,33.333333333333336,CC1=Cc2cc3cc(C)ccc3cc2C1
8.649446660911499,128.0,C1=C[C@H]2[C@H]3CC[C@H](C3)[C@H]2C1
8.154262390044721,73.66666666666667,Cc1ccc2c(c1)C1CCC2C1
8.535523503962786,107.07692307692308,CCCCC1CC2(C)C(CC)CC12
8.622238774466819,118.4,C1=C2CC3CC(C1)CC2C3
6.756375540939239,43.75,CC(C)c1ccc2c(c1)C=C(C(C)(C)C)C2
8.742748650208783,165.33333333333334,C1C2CC3C1C1CC4CC1C3C24
8.729115758015617,106.66666666666667,C#C[C@@H]1C[C@@H]2C[C@H]([C@H]1C)C2(C)C
8.371208216477743,90.5,C1=C2C(=CC1=C1CCCCC1)C1CCC2C1
8.799520728236722,131.2,C1C[C@@H]2C[C@@H]3CC[C@@]2(C1)C3
8.838367755231584,142.54545454545453,C1=CC2C3CC1C1CC2C3C1
8.799520728236722,131.2,C1C[C@H]2C[C@H]3CC[C@]2(C1)C3
7.875622929278047,36.25,C1#Cc2ccccc2C=CC2=C1C=CCC2
8.740772857935944,154.1818181818182,C1CC2C3CC4CC(C13)C2C4
8.507573015570049,65.33333333333333,C1=CC2CCC3(C=c4ccccc4=C13)C2
8.199888825513739,52.25,C1=C[C@H]2C=C[C@@H](C=C1)C(c1ccccc1)=C2
8.382999190429892,103.27272727272727,CC1(C)CC2CC1CC2(C)C
7.961448125390049,46.25,CCc1ccc(C#CC2=CCCCC2)cc1
7.632652502247707,20.0,c1cc2ccc3c4ccc5cc4c(c1)c2c53
8.461477032049427,85.42857142857143,C1=C[C@H]2C[C@@H]1[C@H]1Cc3ccccc3[C@H]12
8.461477032049427,85.42857142857143,C1=C[C@H]2C[C@@H]1[C@H]1c3ccccc3C[C@H]12
8.419127246806749,95.6,C/C=C1\CC2C=CC1CC2
5.784909951387203,54.4,CC1=CC(C(C)(C)C)=CC1
5.555736403514662,32.0,CC(C)(C)c1c#cccc1
7.463306563844711,26.4,C=Cc1ccc2c(c1)Cc1ccccc1-2
8.259669192075465,71.0,C=C1C2CCC1Cc1ccccc1C2
5.609095718972763,61.6,C#CC1=CCC(C)(C)CC1
5.352099535301949,54.46153846153846,Cc1ccc2c(c1)CCC(C)(C)C2
8.931028824640114,118.5,CC1(C)C2CC(C3C4C=CC(C4)C32)C1(C)C
6.979613714215033,20.4,c1ccc2cc3c(cc2c1)-c1ccc2ccccc2c1-3
7.464252370700867,28.666666666666668,Cc1cc2cc3ccc(C)c(C)c3cc2cc1C
7.531273571520613,27.058823529411764,Cc1ccc2cc3c(C)c(C)ccc3cc2c1
7.531273571520613,27.058823529411764,Cc1ccc2cc3ccc(C)c(C)c3cc2c1
7.351322619780214,28.666666666666668,Cc1ccc2cc3c(C)c(C)ccc3cc2c1C
7.0539711564690375,26.666666666666668,C1=c2ccccc2=CC1=C1C=c2ccccc2=C1
7.653319742202816,89.6,C1CC2CC3=C(CC1C3)C2
8.674013938686636,159.2,C1C2CC3C1C1CC2C3C1
8.213492085697672,89.89473684210526,C1=C(C23CC4CC(CC(C4)C2)C3)Cc2ccccc21
6.855461134654128,38.44444444444444,c1c2c(cc3cc4cc5c(cc4cc13)CC5)CC2
6.9227986277560065,58.0,c1cc2c3c(c1)-c1cc4c(cc1C3CCC2)CCCC4
7.59420116547286,27.75,CCC#Cc1ccc2cc(C)c(C)cc2c1
8.4567511528934,131.69230769230768,C1CC2(C1)C1CC3CC(C1)CC2C3
6.777118196184927,20.5,c1ccc2c(c1)-c1cc3ccccc3cc1-2
7.558429744311836,85.6,CC1=CCC2(CCCC2)C1
8.698627323444283,112.54545454545455,C=C1C2CC3C=CC1C(C3)C2
8.242988872332498,139.07692307692307,C1CC2CCC1C21C2CCC1CC2
7.958009117639442,54.90909090909091,C=C(C)C#CC1=CCCCC1
8.572107725881509,140.8,C1CC2C3CCC2CC1C3
5.870654628872341,63.111111111111114,CC1=CCC#CCCC1
8.520858131821624,137.6,C1C[C@@H]2C/C(=C3/C[C@@H]4CC[C@@H]5CC[C@@H]3[C@H]54)[C@H]3CC[C@H]1[C@H]23
7.825318306821158,29.41176470588235,Cc1cccc2ccc(C#CC(C)(C)C)cc12
8.703093090637799,137.45454545454547,C1CC2CC3CCC2CC1C3
7.813159240171824,98.18181818181819,C#CC12CCC(C)(CC1)CC2
7.044306383107003,27.25,C1=Cc2cc3cc4c(cc3cc2=C1)C=CC=4
6.28866161511576,32.888888888888886,CCc1ccc(-c2ccc(C(C)C)cc2)c(C)c1
8.06793924487167,165.33333333333334,C1CC2C3C1C1C4CCC(C43)C21
7.588037522563125,82.0,C1=C2CCCCC(=CCC1)CC2
7.827235330905788,53.06666666666667,C1=c2ccccc2=CC1=C1CCCCC1
8.949146202717113,149.8181818181818,CC12CC3CC1C1CC3CC12
6.549193113743873,36.57142857142857,C=CCc1ccc(CC(C)(C)C)cc1
7.080727983602911,28.666666666666668,Cc1cc2cc3cc(C)c(C)cc3cc2cc1C
7.812442964341658,45.6,Cc1ccccc1C#CC1=CCCCC1
7.779135807863658,113.33333333333333,C1=CC2CC3C=CC(CC1C3)C2
7.487286752380778,29.11111111111111,CC1=Cc2cc3cc4ccccc4cc3cc2C1
7.355746857478418,26.933333333333334,C(C#CC1C=CC=C1)#Cc1ccccc1
8.509494736217396,125.81818181818181,C1=[13CH]C2CC3CC1CC(C3)C2
5.139661608712364,34.0,C#CCc1ccc(CC(C)(C)C)cc1
8.526707157209346,96.0,CC1=CCC2CC1CC2(C)C
8.648769605943968,114.4,C[C@H]1[C@H]2CCC=C[C@@H]1CC2
8.561899588608124,170.9090909090909,C1C2C3CC4C5CC3C1C5C24
4.276514290909834,41.77777777777778,CC1=C(C(C)(C)C)C#C1
8.74463399299236,163.63636363636363,[C]1C2C3CC4C1C1C2CC3C41
8.780828809001727,126.2,C=C1C2CC3CC(C2)C1C3
8.747871539154996,128.66666666666666,C1=CC2C3C=CC4C1CC2C4C3
8.624967632021315,105.33333333333333,CC1=C[C@H]2[C@@H](C1)[C@H]1C=C[C@]2(C)C1
7.791786628441352,31.4,CC(C)c1ccc2cc3ccc(C(C)C)cc3cc2c1
8.864139397417485,136.0,C1=C[C@H]2C[C@@H]1[C@H]1C[C@H]3[C@@H]([C@H]12)[C@H]1C=C[C@@H]3C1
7.02847068487271,38.5,C1=CC2=CC(C3=CC4=CC=CC4=C3)=CC2=C1
8.096897904562557,94.8,[CH]C1CCC(C(C)(C)C)C1
8.426930336681128,108.36363636363636,C1CC2=C(C1)C1CCC(C2)C1
8.7605570775008,156.0,C=CC12C3[C@H]4C5CC([C@H]41)[C@H]2[C@@H]53
8.339267529588579,144.88888888888889,C1CC2CC3CC1C2C3
7.469521801371507,28.63157894736842,Cc1ccc2c(c1)Cc1cc3cc(C)ccc3cc1-2
6.647698875815767,54.666666666666664,Cc1ccc2c(c1)CCC(C)(C)C2(C)C
8.168762733835495,93.84615384615384,c1ccc2c(c1)C1CC3CC2C1C3
8.14490834260713,66.15384615384616,Cc1ccc2c(c1)C1C=CC2CC1
7.848494579265286,150.0,C1C2CC3CC1C1CC2CC3C1
8.597055006784226,114.18181818181819,C1=C[C@@H]2[C@H](C1)[C@@H]1C=C[C@H]2CC1
8.453393041959718,87.0909090909091,CC(C)=C1CC2C=CC1CC2
8.624967632021315,105.33333333333333,CC1=C[C@@H]2[C@@H]3C=C[C@@](C)(C3)[C@@H]2C1
7.99163606258997,76.13333333333334,C=C1CCC2=C(C1)CC1=C(CCCC1)C2
7.791786628441352,31.4,CC(C)c1ccc2cc3cc(C(C)C)ccc3cc2c1
6.8990469587514305,17.2,C#Cc1cc2c(cc1C#C)-c1cc3ccccc3cc1-2
7.610202153844398,52.57142857142857,C(#CC1=CC=CCC1)C1=CC=CCC1
8.57998604126525,156.0,C=CC12C3C4CC5C3C1C5C42
8.563890292302746,137.45454545454547,C1CC2CC3CC1CCC2C3
6.482205560248245,67.33333333333333,CC(C)(C)C#CC1(C)CCCC1
7.931778980439069,159.2,C1C2CC3C1C1CC2CC31
7.215731381316682,28.444444444444443,Cc1ccc2c(c1)C=C1C2=Cc2cc(C)ccc21
6.718964893224025,53.333333333333336,CC1=C(C)C(C)(C)C(C)(C)C#C1
7.291481751650839,23.666666666666668,C=C1C=c2cc3cc4ccccc4cc3cc2=C1
7.529031873670274,24.0,Cc1c#ccc2c(C)cccc12
7.753495425737142,30.105263157894736,Cc1ccc2cc3cc(C(C)(C)C)ccc3cc2c1
7.931101001476281,32.0,C#CC(C)(C)C#CC(C)(C)C#CC(C)(C)C#C
8.758216553036538,130.1818181818182,C[C@@H]1CC2C[C@H]1C1C=CC[C@H]21
7.728474901801552,63.27272727272727,CCC1C=CC(C(C)(C)C)=C1
8.890230639956773,126.66666666666667,C1CC2CC[C@]3(C1)CC[C@H](C2)C3
8.768336077718772,140.8,C1CC2CC3CC1CCC23
7.7673234698712035,49.142857142857146,C1#CCCCC#C1
7.761831652925199,43.666666666666664,CC1=Cc2ccc(C)cc2CC1
8.602038160991397,109.81818181818181,C[C@@]12C=C[C@@H](C1)[C@@H]1CC=C[C@@H]12
7.897038377507406,96.0,CC1=C2CCC(CCC1)CC2
6.380986953671587,60.666666666666664,CC(C)(C)C#CC1=CCCCC1
7.925083939276279,60.53333333333333,c1ccc2cc3c(cc2c1)[C@@H]1CC[C@H]3C1
8.520858131821624,137.6,C1C[C@@H]2C/C(=C3/C[C@@H]4CC[C@@H]5CC[C@@H]3[C@H]54)[C@@H]3CC[C@@H]1[C@H]23
8.57890541563417,109.81818181818181,CC1=CC[C@@H]2[C@H]1[C@@H]1C=C[C@H]2C1
8.837791340903644,160.6153846153846,C1C2CC3C4CC5CC(C14)C(C2)C53
7.274849987736686,40.888888888888886,c1ccc2c(c1)CC1=C(C2)Cc2ccccc2C1
7.749130973165168,27.75,CC#Cc1ccc2cc(C(C)C)ccc2c1
8.589020093457139,85.0909090909091,C1=CC2(C=C1)C[C@@H]1C=C[C@H]2C1
8.351152699465048,85.89473684210526,C=C(c1ccc(C)cc1)C12CC3CC(CC(C3)C1)C2
8.520443743859163,104.8,CC1C=C2CCCC(C2)C1
8.800002668965483,150.0,C1C2CC3CC4CC1CC4C3C2
7.5980932635074225,23.5,C#Cc1ccc(-c2ccc(C)cc2C)cc1
8.22175665805495,110.93333333333334,C1=CCC(C23CC4CC(CC(C4)C2)C3)=C1
7.991767807267851,104.8,CC1=CC[C@@H]2CCC[C@H]2C1
7.990450110751443,39.6,CC(C)=CC#CC(C)(C)C
6.922511429014912,22.75,C1=Cc2cc3cc4ccccc4cc3cc21
8.39392300065915,81.0,C=Cc1ccc(C(=C)C23CC4CC(CC(C4)C2)C3)cc1
7.195445382318711,22.526315789473685,Cc1ccc2cc3cc4ccccc4cc3cc2c1
6.213275356906797,103.11111111111111,C1CCC2(C1)CCCC2
7.782331200272053,30.3,CC(C)(C)C1=Cc2cc3cccc4cccc(c2=C1)c43
6.004871905587025,42.93333333333333,CC1C=CCc2cc3ccccc3cc21
9.067436113130807,124.0,CC1=C[C@H]2C3C[C@@H]4C[C@H](C3)CC2(C1)C4
7.315608091096388,21.23076923076923,C#Cc1ccc2cc(C)ccc2c1
8.835490962311924,118.5,C=C1[C@@H]2CC3C[C@H]1CC(C)(C3)C2
8.692532347173868,118.5,C=C1C2CC3CC1CC(C)(C3)C2
8.37867172469546,91.5,CC1(C)C2C[C]3[CH][CH][CH][C]3C1C2
8.330756730809643,88.72727272727273,CC1=CCC2CC1CC=C2C
7.548659993867715,28.666666666666668,CCc1ccc2cc3ccc(CC)cc3cc2c1
8.009770497596122,100.66666666666667,C/C=C/C12CCC(C)(CC1)CC2
8.447094091741299,108.88888888888889,C/C=C1\CC2CCC1C2
7.8630351027668,84.36363636363636,CC1=C[C@]2(C)C=CC[C@@]2(C)C1
8.37867172469546,91.5,CC1(C)[C@H]2C[C]3[CH][CH][CH][C]3[C@@H]1C2
7.029548573934963,17.11111111111111,C#Cc1ccc2cc3ccc(C#C)cc3cc2c1
6.587053538302202,64.92307692307692,c1ccc2c(c1)CC1(CCCC1)C2
8.401066513057577,92.0,CC1=CCC2C=CC(C1)C2
7.344372492000172,27.058823529411764,Cc1ccc2cc3cc(C)c(C)cc3cc2c1
8.128832315018343,69.84615384615384,C1=CCC2CC(C1)c1ccccc12
8.634798368550822,124.44444444444444,C[C@@H]1C[C@]2(C)CC[C@H]1C2
8.864139397417485,136.0,C1=C[C@H]2C[C@@H]1[C@H]1[C@@H]2C[C@H]2[C@@H]1[C@@H]1C=C[C@H]2C1
5.327151813031472,46.5,CC(C)=C1C=CC(C(C)(C)C)=C1
8.83927957978232,165.33333333333334,C1C2CC3C1C1CC4CC3C4C21
8.835686486618473,149.8181818181818,CC12CC3C4CC1CC4C3C2
7.703130916659793,84.85714285714286,Cc1ccc(C2C3CCC2CC3)cc1
8.645918082440058,126.66666666666667,CC1(C)[C@@H]2CC[C@H]1[C@H]1CCC[C@@H]12
8.396765156627024,80.0,C#CC1=C[C@H]2CC[C@]1(C)C2(C)C
8.527622867794694,76.28571428571429,C1=CC2c3ccccc3C3C1C=CC23
7.680809590975315,120.57142857142857,C1CC2CCC1C2=C1C2CCC1CC2
6.996639598326596,47.55555555555556,c1c2c(cc3c1Cc1cc4c(cc1C3)CC4)CC2
8.527622867794694,76.28571428571429,C1=C[C@H]2[C@@H]3c4ccccc4[C@H]2C=C[C@H]13
8.359613075183406,130.9090909090909,C1=CC2C3C=CC4C1C2CC43
8.591659011034325,115.55555555555556,C[C@@H]1C[C@H]2C=C[C@@H]1CC2
7.548659993867715,28.666666666666668,CCc1ccc2cc3cc(CC)ccc3cc2c1
7.008691966084646,60.666666666666664,CC1=CC2=CC=C(C)CC2C=C1
7.734943416342567,42.333333333333336,CCCCCC1c2cccc1c2
7.560616263540785,34.2,Cc1ccc(C)c2cc3cc4c(cc3cc12)=CCCC=4
8.961737594952162,136.0,C1=C[C@H]2[C@H]3C[C@@H]([C@H]2C1)[C@H]1[C@@H]3[C@H]2C=C[C@@H]1C2
8.604640443291144,133.0,C[C@@H]1C[C@@H]2CC[C@H]1C2
8.250264670243993,63.142857142857146,C1=CC2CC1CC=C2c1ccccc1
7.322916106271496,112.8,CC12CCC(C)(CC1)CC2
8.52663321984237,115.2,C1=CC2CC3C=CC2CC13
7.348157134441683,108.8,C1CC2=C(C1)C1CCCC21
7.348157134441683,108.8,C1CC2=C(C1)[C@@H]1CCC[C@H]21
8.591659011034325,115.55555555555556,C[C@@H]1C[C@@H]2C=C[C@H]1CC2
8.686526436196486,102.54545454545455,C1=CC2C=CC3CC1C=CC23
7.50949582552788,87.2,CC1=CCC2C(C)=CCC12
6.24407896386617,58.90909090909091,CC1=CCC(C(C)(C)C)=CC1
8.585178407480461,105.33333333333333,C[C@@]12CCC[C@H]1[C@@H]1C=CC3=CCC=C[C@@H]3[C@H]1CC2
8.704875168384522,153.23076923076923,C1CC23CCC4C(C2)C2CC1C3C42
7.517707304281293,25.41176470588235,Cc1cccc(C#Cc2ccc(C)cc2C)c1
8.663177418776352,128.0,C1=C[C@@H]2CC[C@H]3[C@@H]2CC[C@@H]13
7.795554253052947,46.666666666666664,CC1=CC2=C(C1)Cc1ccc(C)cc1C2
8.726516439522884,113.33333333333333,C1=CC2CC3C=CCC2CC3C1
8.447094091741299,108.88888888888889,C/C=C1\C[C@@H]2CC[C@H]1C2
6.913854354638545,51.77777777777778,CC1(C)CC2(Cc3cccc4cccc(c34)C2)C1
8.663177418776352,128.0,C1=CC2CCC3C1CCC23
8.395348453805676,84.72727272727273,C/C=C1\CC2C=CC=CC1C2
7.7657657952652,25.75,CC=c1ccc(=c2ccc(=CC)cc2)cc1
8.770764360448245,128.0,C1=CC2CC3CC2CC3C1
7.850922335386735,98.9090909090909,CC1(C)C2CCC1(C)C2(C)C
8.543398955923074,62.526315789473685,C1=CC2CC1CC21Cc2cc3ccccc3cc2C1
8.770692210978606,159.2,C1C2CC3C1C1CCC3C21
7.667127897342809,31.142857142857142,CC(C)(C)c1cc2cccccc-2c1
7.2497860032216925,65.33333333333333,C1=C2C(=Cc3ccccc32)C2CCCC12
5.5282732563666155,74.66666666666667,C1=CCC2(C1)CC=CC2
7.547694524428696,35.714285714285715,C(#Cc1ccccc1)C1=CC=CCC1
7.875335078546239,64.66666666666667,C1=CC2=CC3=CC=C4C=C1C4C32
7.2497860032216925,65.33333333333333,C1=C2C(=Cc3ccccc32)[C@@H]2CCC[C@H]12
7.495578584853795,68.28571428571429,Cc1cc2c(cc1C)C[C@H](C)[C@H](C)C2
7.606087787940581,30.526315789473685,CC1=Cc2c(ccc3cc4c(C)cccc4cc23)C1
8.031884264218037,67.75,C1=CCc2cc3c(cc2C1)C1C=CC3CC1
6.879756191336275,43.714285714285715,c1c2c(cc3cc4c(cc13)CC4)CC2
8.684172629028067,118.54545454545455,C[C@@H]1C=C[C@@H]2[C@H]1[C@@H]1C=C[C@H]2C1
7.766366383750002,62.5,C(C#CC1=CCCCC1)#CC1=CCCCC1
8.479604269515894,98.2,C=C1C[C@@H]2C[C@H]1CC2(C)C
7.156100058727456,63.166666666666664,C=C1C=CC2CC(C)=CC=C2C1
8.479604269515894,98.2,C=C1C[C@H]2CC1CC2(C)C
7.985702565263227,61.6,CCC#CC1=CCCCC1
6.817271030471842,77.77777777777777,C/C=C1\CCCC1(C)C
8.878544990419952,165.33333333333334,C1C2CC3C4CC5CC(C14)C2C53
7.515477046009596,69.84615384615384,C1=CC[C@H]2c3ccccc3C[C@H]2C1
8.207927294300077,108.5,CCCC12CC(C34CC(CCC)(C3)C4)(C1)C2
8.479604269515894,98.2,C=C1CC2CC1CC2(C)C
8.197044960698458,69.84615384615384,C1=c2ccccc2=CC2CCC1C2
7.93121659031209,36.0,CC(C)(C)C1=Cc2ccc3ccccc3c2C1
7.448475177225895,28.0,C(#CC1C=CC=C1)c1ccc2cccc-2cc1
7.670457635977057,29.375,C=c1ccc2c(c1)Cc1cc(C)ccc1C=2
8.807620630495157,136.0,CC12CC3CCC1CC3C2
8.370662406476283,78.13333333333334,C1=C[C@@H]2[C@H](C=C1)[C@@H]1C[C@H]2c2ccccc21
8.479604269515894,98.2,C=C1C[C@H]2C[C@@H]1CC2(C)C
6.683461340718554,73.45454545454545,CC1(C)CC(C)(C(C)(C)C)C1
8.479604269515894,98.2,C=C1CC2CC1C(C)(C)C2
7.793210338125387,79.73333333333333,CC12CCC(c3ccccc3)(CC1)CC2
7.8051806116172076,63.333333333333336,CC1=CCC2=C(CC=C(C)C2)C1
7.1880226690670685,25.25,Cc1ccc2cc3ccc(C)cc3cc2c1
7.098828762843517,23.5,Cc1ccc(C#Cc2ccc(C)cc2)cc1
7.761428985944943,28.666666666666668,CCCc1ccc2cc3cc(C)ccc3cc2c1
8.721738975107066,128.0,C1=CC2CC3CC1CC2C3
7.628349798217404,84.57142857142857,C1CCC2=C(C1)CC1=C(CCCC1)C2
7.395086832121003,29.142857142857142,Cc1ccc2c(c1)Cc1ccccc1-2
6.4327574565505135,50.35294117647059,CC(C)CC#CC1=C(C#CCC(C)C)CCC1
7.843294980900735,36.666666666666664,CC(C)(C)c1ccc2cc(C(C)(C)C)ccc2c1
8.461477032049427,85.42857142857143,C1=C[C@H]2C[C@@H]1[C@@H]1Cc3ccccc3[C@@H]12
7.257585813265708,24.2,Cc1cccc2cc3cc4cccc(C)c4cc3cc12
7.489146267638817,26.4,C=c1ccc2c(c1)Cc1cc(=C)ccc1=2
7.12184769014489,19.294117647058822,C(#Cc1ccccc1)CC#Cc1ccccc1
7.4720097047638445,157.2,C(C#CC12C3C4C5C3C1C5C42)#CC12C3C4C5C3C1C5C42
8.404123098968121,108.22222222222223,C=C1CC2CCC(C1)C2
8.651643030557594,110.9090909090909,C=C1C2CCC3C(=C)C2CC13
6.657985415217662,46.22222222222222,C1=CC(c2ccccc2)c2cc3c(cc21)CCC3
8.461477032049427,85.42857142857143,C1=C[C@H]2C[C@@H]1[C@@H]1c3ccccc3C[C@@H]12
9.213349490538395,144.94117647058823,C1=CC2CC1C1C3CC4(CC5CCCC3C54)C21
7.053063940741134,16.285714285714285,C#CC#Cc1ccc2ccccc2c1
5.583796068811509,35.529411764705884,CC(C)c1ccc2cc(C(C)(C)C)ccc2c1
7.7660601812366705,31.0,C#CC#CC(C)(C)C
8.604715690729984,105.33333333333333,CC1=C[C@H]2[C@@H](C1)[C@H]1C=C(C)[C@@H]2C1
8.563350799104734,113.55555555555556,C=C1CC2CC1CC2C
2.9101849074265758,44.0,CC(C)(C)c1ccc(C#CC2=CCCC2)cc1
8.575460078409186,95.66666666666667,C/C=C1\C[C@H]2CC[C@]1(C)C2(C)C
8.575460078409186,95.66666666666667,C/C=C1\CC2CCC1(C)C2(C)C
8.273748180045818,187.63636363636363,C1C2C3C4C1C1C2C2C3C4C12
7.672028299192972,22.22222222222222,C#CC#CC(C)(C)C#C
7.151064282040854,47.42857142857143,C1=CC2=C3C(=CC4=C3C(=C2)CC=C4)C1
8.604715690729984,105.33333333333333,CC1=C[C@@H]2[C@H](C1)[C@@H]1C=C(C)[C@H]2C1
8.42913976870235,104.88888888888889,CC1=CCC2CCC1C2
8.919477353829052,109.0,CC(C)(C)C12CC3C[C@@](C)(C1)C[C@](C)(C3)C2
7.211901594208006,18.333333333333332,C#Cc1ccc2cccc-2cc1
8.520858131821624,137.6,C1C[C@@H]2C/C(=C3\C[C@@H]4CC[C@@H]5CC[C@@H]3[C@H]54)[C@@H]3CC[C@@H]1[C@H]23
8.073996106599749,72.3076923076923,Cc1cc2c(cc1C)[C@H]1CC[C@@H]2C1
8.598344488132684,144.88888888888889,C1C[C@H]2C[C@@H]3C[C@H]2C[C@H]13
7.875473118299607,31.0,C#CC(C)(C)C#CC
7.5385035673850185,40.0,C1=CC2c3ccccc3C1c1cc3ccccc3cc12
7.751034176702067,20.0,c1ccc2c(c1)-c1cc3cc4ccc3c-2c14
7.049813492821501,108.8,C1CC2=C1C1CCC2CC1
8.971228691925186,140.30769230769232,C[C@H]1C[C@H]2CC1[C@H]1[C@@H]2[C@H]2C=C[C@@H]1C2
8.426823306200495,112.8,CC1(C)C2CCCC1CC2
7.464875325430022,80.0,C1=CC=CC(=C2C3CCC2CC3)C=C1
7.922839568304377,30.105263157894736,CCc1ccc2cc3cc(C(C)C)ccc3cc2c1
7.622467419374634,27.666666666666668,C/C=C/C#Cc1cccc(C)c1
8.581242276114928,128.0,C1=CC2C3CCC2CC1C3
5.352099535301949,54.46153846153846,Cc1ccc2c(c1)CC(C)(C)CC2
7.588930876055357,67.11111111111111,C1=CCC2=C(C1)CC1=C(C2)CC2=C(CC=CC2)C1
8.559767262459506,115.2,C1=C[C@H]2[C@@H](C1)[C@H]1C=C[C@@H]2C1
7.606649737273987,154.75,C=C1C2C3C4C1C1C2C2C5C(=C)C(C32)C4C51
8.559767262459506,115.2,C1=C[C@@H]2[C@H](C1)[C@@H]1C=C[C@H]2C1
8.104294864239055,92.66666666666667,CC(C)C12C=CC(C)(CC1)CC2
7.162488427664732,77.6,C1=C2CCC(=CCC1)CC2
8.994359833210302,136.93333333333334,CC(C)=C1C2CC3C4CC5CC4C(C13)C52
7.257585813265708,24.2,Cc1cccc2cc3cc4c(C)cccc4cc3cc12
8.69489284453146,78.0,CC1=C(C)C2(C)C(C)(C)C(C)(C)C(C)(C1(C)C)C2(C)C
8.559767262459506,115.2,C1=C[C@@H]2C3C=C[C@@H](C3)[C@@H]2C1
8.431006746921934,96.0,CC1(C)C2CCC1C(C)(C)C2(C)C
8.528439466664365,100.9090909090909,C=C1C=C[C@H]2[C@@H]1[C@H]1C=C[C@@H]2C1
6.4699060037457174,46.888888888888886,CCc1ccc2c3c(ccc2c1)C(C)(C)CCC3
7.962597026168372,52.0,CC1C=c2cc3c(cc2=C1)CC(C)(C)C3
5.523352539863037,35.5,C#CC(=C)C(C)(C)C
7.754516510460224,79.52941176470588,CC1C=C/C(=C2C=C/C(=C3/C=CC(C)C3)C/2)C1
8.947842005014632,165.33333333333334,C1C2C3CC4C2CC2C1C(C3)C42
5.36020185611013,36.75,CC(C)(C)C#Cc1cccc(C(C)(C)C)c1
8.971228691925186,140.30769230769232,C[C@H]1C[C@@H]2CC1C1C2C2C=C[C@@H]1C2
8.201352733142656,87.6470588235294,C(=C1C2CC3CC(C2)CC1C3)c1ccccc1
6.601245556106646,39.0,C=C(c1ccc(C(C)(C)C)cc1)C(C)(C)C
7.464417757434547,23.5,Cc1cccc(C#Cc2ccccc2C)c1
8.601104967873232,135.11111111111111,C[C@H]1[C@@H]2CC[C@@H](C2)[C@@H]1C
7.539865000447866,21.7,C=c1c(-c2ccccc2)ccc2c1=Cc1ccccc1-2
6.289512094999225,46.888888888888886,CC1(C)CCc2c(ccc3ccccc23)C1(C)C
7.4880874422188874,23.157894736842106,CC#Cc1ccc(C#Cc2cccc(C)c2)c(C)c1
5.9886248456579505,37.84615384615385,C/C=C(\c1ccccc1)C(C)(C)C
8.323936230705481,82.2,C=C1C2C=CC1CC=CC2
8.701225633588583,113.4,C=C1[C@H]2C[C@@H]3C=C[C@H]2C[C@H]13
4.801480841842739,45.63636363636363,CC(=C1C=CC=C1)C(C)(C)C
7.305598720232891,28.285714285714285,Cc1cc2c3c(c(C)ccc3c1)C=C2
7.813254205714994,40.5,CC(C#CC1C=CC=C1)C#CC1C=CC=C1
8.65270232613359,80.70588235294117,C1=C[C@H]2C[C@@H]1CC1=C2[C@@H]2C[C@H]1c1ccccc12
7.1880226690670685,25.25,Cc1ccc2cc3cc(C)ccc3cc2c1
7.451197074520819,33.0,C(#CC1C=CC=C1)c1ccccc1C#CC1C=CC=C1
8.460767356025688,108.0,C1CCC2=C(C1)C[C@H]1CC[C@@H]2C1
7.909725572847961,46.4,CC1(C)C#CC#CC1(C)C
8.601104967873232,135.11111111111111,C[C@H]1C2CCC(C2)[C@@H]1C
7.979516695693094,32.8,CCc1ccc2cc(C(C)C)ccc2c1
8.460767356025688,108.0,C1CCC2=C(C1)CC1CCC2C1
8.820723606122284,142.66666666666666,C[C@H]1C[C@@H]2[C@@H](C1)[C@H]1C[C@@H]2[C@@H](C)C1
7.589967889684709,25.833333333333332,Cc1ccc2cc(C)c[c]c2c1
8.691179083921087,121.23076923076923,CC12CC3CC(C1)C(C)(C)C(C3)C2
7.599789135490194,85.6,CC1=CCC2(CCC2)CC1
7.604802646210135,27.11111111111111,CC(C)(C)c1ccc(C#Cc2ccccc2)cc1
6.719188588009908,70.54545454545455,CC1=CCC(C)(C)C(C)(C)C1
7.867337904992742,117.0,[C]1CC2CCC1CC2
8.564219291969225,115.76470588235294,C1=CC2=CC[C@H]3[C@@H]4CCC[C@H]4CC[C@@H]3[C@H]2CC1
7.756032323595857,79.27272727272727,CC1=C(C)C(C)(C)CCC1C
8.751042642094161,117.0909090909091,C1=C2CCCC3CC1CCC23
7.892083388757712,137.45454545454547,C1CC2CC3CC1CC(C2)C3
7.689857890166387,134.66666666666666,C1CC2CCC3CCC2CCC13
7.699230754406194,25.833333333333332,Cc1[c]c2ccc(C)cc2cc1
7.775621556771353,30.333333333333332,Cc1ccccc1C#CC(C)C
7.239252583855578,27.529411764705884,C1=c2cc3cc4ccccc4cc3cc2=CC1
6.176688753545134,56.0,CC1(C)C#CCCC#CC1(C)C
7.800785523563697,49.142857142857146,C1#CCCC#CC1
8.826150233344556,122.5,[2H]C1([2H])C(=C)C2C[C@@H]3CC1C[C@H](C2)C3
5.874565122202142,34.10526315789474,Cc1cc(C)c(-c2ccc(CC(C)C)cc2)cc1C
7.2555164142089685,92.44444444444444,CC1(C)CC2(CCC2)C1
8.701225633588583,113.4,C=C1C2CC3C=CC2CC13
7.547648805891126,33.77777777777778,CC#CC#CC(C)(C)C
3.80812872262588,30.933333333333334,C=CCC#Cc1ccc(C(C)(C)C)cc1
8.597055006784226,114.18181818181819,C1=C[C@H]2[C@@H](C1)[C@@H]1C=C[C@H]2CC1
8.858331324686763,133.0909090909091,CC12CCC3CC1CCC3C2
7.996764729240956,49.45454545454545,CC(C)C#CC1=CC=CCC1
8.273695327078377,116.0,C=C(C)C12CC3CC(CC(C3)C1)C2
7.916885557101505,40.92307692307692,CC(C)(C)C1=CCc2ccccc21
8.591503735694367,108.8,CC#C[C@@H](C)C12CC3CC(CC(C3)C1)C2
7.744358614615235,36.0,CCC#CC#CC(C)(C)C
7.687564508829628,58.57142857142857,c1ccc2c(c1)CC1=C(CCCC1)C2
7.717298409396005,79.6923076923077,c1ccc(C23CCC(CC2)C3)cc1
8.178730892534443,91.4,C1=C[C]2C(=C1)C1CCC2C1
7.733052599607718,42.57142857142857,CC1(C)CC=C2C1=Cc1ccccc12
7.830324488044014,36.63157894736842,CC1=C2c3c(cccc3-c3ccccc3C2(C)C)C1
8.271313121190373,84.3157894736842,Cc1cc(C)cc(C=C2C3CC4CC(C3)CC2C4)c1
6.374561287494462,43.36842105263158,C=Cc1ccc(C2=CC3=C(C=C(CC)CC3)C2)cc1
6.7877238708417345,67.6,C/C=C1/C=CC(C)(C)CC1
7.5789721468063185,35.714285714285715,C(#Cc1ccccc1)C1=CCCC=C1
7.8082208721974915,44.705882352941174,c1ccc2c(c1)CC1(C2)Cc2ccccc2C1
7.303571712202748,77.6,CC1(C)CCC2C=CC=C21
8.083413551405744,134.66666666666666,C1C[C@H]2CC[C@H]3CCC[C@@H]3[C@@H]2C1
7.951887090967145,98.18181818181819,CC1=C[C@@H]2C=C[C@@H]3C=C[C@H]1[C@@H]32
8.21985560569679,133.77777777777777,C1CC2(C34CC(C3)C4)CCC1(C13CC(C1)C3)CC2
6.990946298013481,64.0,C1=CC2=CC3CCC=CC3=CC2=CC1
8.305922002059795,137.45454545454547,C1C[C@@H]2C3CCC(CC3)[C@H]2C1
7.635912896546484,43.36842105263158,c1ccc2c(c1)C1CC2c2cc3ccccc3cc21
7.184919652625254,23.533333333333335,[C]#Cc1ccc2c(c1)Cc1ccccc1-2
7.468496160345087,21.818181818181817,C=CC#Cc1ccccc1C
8.305922002059795,137.45454545454547,C1C[C@H]2C3CCC(CC3)[C@@H]2C1
6.684281891098513,67.6,C/C=C1\CC=CCC1(C)C
5.9822082345434335,43.833333333333336,C=C1C=CC=CC=C1C(C)(C)C
8.579378842190426,144.0,CCC12CC3C4CC5CC3C(C1)C(C5)C4C2
8.59299865819198,159.2,C1C2CC3CC4C1CC2C34
7.316177700113423,26.823529411764707,Cc1ccc2c(c1)C1=Cc3ccccc3C1=C2
7.516524613828918,29.647058823529413,C1=CCc2cc3c(cc2=C1)C=c1ccccc1=3
5.838698030940618,45.89473684210526,Cc1ccc2c(c1)CC1(C2)Cc2ccc(C)cc2C1
7.499143773171006,42.888888888888886,C1=Cc2cc3cc4c(cc3cc2CC1)C=CCC4
8.381008981724005,86.88888888888889,C[C@@]12CCC[C@H]1[C@@H]1C=Cc3ccccc3[C@H]1CC2
8.82659894817345,139.33333333333334,C1=C[C@H]2C[C@@H]1[C@@H]1[C@@H]3CC[C@@H](C3)[C@@H]12
7.866089123276717,65.0,CC1=CCC2=C(C1)CC1=C(CC(C)=CC1)C2
8.697301763821763,125.71428571428571,C1CC2CC1C/C2=C1/CC2CCC1C2
8.865279840251908,150.28571428571428,C[C@@H]1[C@H](C)[C@H]2[C@H]3C[C@H]([C@H]4CCC[C@H]43)[C@@H]12
8.697301763821763,125.71428571428571,C1C[C@H]2C[C@@H]1C/C2=C1/C[C@@H]2CC[C@H]1C2
7.416057829583236,36.61538461538461,Cc1cccc(C#CC2=CCC2)c1
7.709496239898085,27.5,C=c1cc2c(c3ccccc13)=Cc1ccc(C)cc1C2
7.5300835104238155,62.666666666666664,Cc1ccc2c(c1)C[C@H]1C=CC=C[C@H]1C2
7.963036425196205,103.0,CC=C1C[C@H]2CCC[C@@H]2C1
4.737320710330791,37.1,CC1(C)C(=Cc2ccccc2)C(C)(C)c2ccccc21
7.822073775954509,28.666666666666668,C#C\C=C/C=C\C=C/C=C\C#C
8.607037853463495,108.8,C1=C2CC3CCC2(CC1)C3
7.317182215807309,46.0,CC1=CC=C2C=CC=CC(=C1)C2
7.870815459194971,110.22222222222223,C1=CC2CCC(C1)CC2
7.145378599950491,48.0,C1=CC2=CC3=C(C=C(C=C1)C2)CC=C3
7.870815459194971,110.22222222222223,C1=C[13CH]2CCC(C1)CC2
8.190517871425707,129.77777777777777,C[C@@H]1CC[C@H]2CCC[C@@H]21
8.163541626404346,108.5,CC(C)C12CC(C34CC(C(C)C)(C3)C4)(C1)C2
8.820723606122284,142.66666666666666,C[C@H]1C[C@@H]2[C@H](C1)[C@H]1C[C@@H]2[C@@H](C)C1
7.912032757001834,35.42857142857143,CC1(C)C#CC#C1
6.567995890753913,67.2,CC1=CCC(C)(C)C1(C)C
6.954766578314478,64.0,C1=CCC2=CC3CCC=CC3=CC2=C1
7.817022829084701,92.0,CC1=CC[C@@H]2C=CC[C@@H]2C1
8.569008794949141,113.55555555555556,C=C1[C@H]2CC[C@H](C2)[C@H]1C
6.922186637626212,43.25,Cc1cc(CC(C)(C)C)ccc1C(C)(C)C
7.702665774579131,31.9,C=C1Cc2c(C)ccc(C#Cc3ccc(C)cc3)c2C1
8.54813708016048,140.8,C1C[C@H]2C3CCC(C3)[C@@H]2C1
7.511778193645511,64.0,CC1C=CC(C(C)(C)C)=C1
8.560349244678722,112.0,CC1CCC2=C(C1)C1CCC2C1
7.467936313268362,79.6923076923077,c1ccc2c(c1)C[C@@H]1CCC[C@H]1C2
7.1958560338191475,74.66666666666667,C1=CC2(CC=CC2)CC1
7.811001125397341,102.88888888888889,CC=C1C2CCC1CC2
7.994582847757645,37.45454545454545,CC(C)(C)Cc1ccccc1
8.52663321984237,115.2,C1=C[C@@H]2CC1[C@@H]1C=CC2C1
7.467936313268362,79.6923076923077,c1ccc2c(c1)C[C@H]1CCC[C@@H]1C2
7.966259831586321,40.0,CC(C)(C)C1=CC#C1
8.766866327472918,118.4,C1=C[C@@]23CCC[C@H]2C[C@@H]1C3
8.055436698111164,99.2,C1CC2CCC1=C1CCC12
7.50441703703755,98.6,[CH]1[CH][C]2CC3CC(C3)[C]2[CH]1
8.331301320974191,94.66666666666667,C/C=C1/CC2C=CC1C2
8.098456685025702,96.0,C1=CC2CCC1C1=C2CC1
8.331301320974191,94.66666666666667,C/C=C1/C[C@H]2C=C[C@@H]1C2
8.477451032000976,121.25,[CH]1CCC2CCC1C2
7.561152767068914,182.85714285714286,C1C2C3C4C1C1C2C2C5CC(C32)C4C51
7.094613009208538,61.84615384615385,Cc1cc2c(cc1C)CC(C)CC2
8.559767262459506,115.2,C1=C[C@H]2C=C[C@H]3C[C@@H]1C[C@@H]23
8.451860196392698,95.2,CC1=CC2CC1C(C)(C)C2
8.54813708016048,140.8,C1C[C@H]2[C@@H]3CC[C@@H](C3)[C@@H]2C1
8.591659011034325,115.55555555555556,C[C@H]1C[C@H]2C=C[C@@H]1CC2
7.418207432115005,86.66666666666667,C1=CC23CC=CCC2(C=C1)CC3
6.954766578314478,64.0,C1=CCC2C=C3C=CCCC3=CC2=C1
8.355009909681923,94.0,C=C1CC2C=CC(C1)C2
8.190433751011215,60.75,CC(C)=C1C=C2C(=C1)C1C=CC2C1=C(C)C
7.74099158050195,49.8,CCC1=CC2=Cc3cc(CC)c(C)cc3CC2C=C1C
7.889499590270937,58.4,CC1=CCCc2cc3c(cc21)CCCC3
8.38642009097445,90.46153846153847,CC1(C)C2C=C3CCCC3=CC1C2
8.559767262459506,115.2,C1=CC2C=CC3CC1CC23
7.045883198114674,74.46153846153847,CC(C)(C)C1CC(C)(C)C(C)(C)C1
9.053283679073148,145.5,C1=C[C@H]2C3CC4C5CC3[C@@H]1C1C2[C@@H]4C=C[C@@H]51
7.42786817827196,27.11111111111111,Cc1ccc2c(c1)-c1cc3ccccc3cc1C2
6.7962871199112245,53.53846153846154,C1=CC2=CC3=C(C=C(C=C1)C2)CC3
7.443478062576757,28.842105263157894,C(#CC1C=CC=C1)C1=Cc2cccc3cccc1c23
4.04975797256685,39.77777777777778,CC1=CCc2c(ccc3c(C)cccc23)C1(C)C
8.735424650355943,139.33333333333334,C1=CC2C3CCC2C2CCC3C12
8.686810307909624,130.66666666666666,CC12CCC3CC(CC(C3)C1)C2
8.331301320974191,94.66666666666667,C/C=C1/C[C@@H]2C=C[C@H]1C2
7.951887090967145,98.18181818181819,CC1=CC2C=CC3C=CC1C32
7.670653775485679,78.6,C#CC12CC[C](CC1)CC2
8.684172629028067,118.54545454545455,C[C@@H]1C=C[C@H]2[C@@H]1[C@@H]1C=C[C@H]2C1
7.368087665765767,31.77777777777778,C1=c2cc3cc4ccccc4cc3cc2=CCC1
8.446506577642422,112.8,CC1(C)CC2CCC(C2)C1
8.652632591231802,119.81818181818181,C=C1C2CC3CC1CC3(C)C2
7.918868507967145,40.6,CC1(C)CCCc2cc3cc4ccccc4cc3cc21
4.442809052637823,42.15384615384615,CC1(c2ccccc2)C=CCC=C1
8.76610545784975,124.7,[CH2]C[C@@H]1C[C@@H]2C[C@H]1C[C@@H]2C
7.496489822211875,25.25,Cc1ccc2cc3cccc(C)c3cc2c1
7.427504565048309,37.55555555555556,CC1=Cc2cc3cc4c(cc3cc2C1)CC(C)=C4
7.715116386233231,34.11764705882353,CC1(C)C=Cc2cc3ccccc3cc2C=C1
6.370457710463459,47.142857142857146,C1=CCC2C=c3ccccc3=CC2=C1
7.823440766539461,28.266666666666666,C=C(C)c1ccc2cc(CC)ccc2c1
7.761307419374633,26.666666666666668,[CH]c1cccc(C#CC(C)C)c1
8.736461675702396,120.72727272727273,C[C@@H]1[C@H](C)C[C@H]2C[C@@H]1C2(C)C
7.2770158159884515,22.526315789473685,Cc1cccc2cc3cc4ccccc4cc3cc12
7.813358042298299,102.4,C#CC12CCC(CC1)CC2
7.1107925626740975,20.666666666666668,c1cc2ccc3cc4ccccc4cc3cc-2c1
8.736461675702396,120.72727272727273,C[C@@H]1[C@H]2C[C@@H](C[C@@H]1C)C2(C)C
7.8122814125405835,39.666666666666664,Cc1ccc2c(c1)C=CC2(C)C
7.744298802619796,25.11111111111111,C#Cc1ccc2ccc(C#CCC(C)C)cc2c1
7.963074639238039,48.8,C#CC1=CCC(C)(C)C=C1
6.578692086592849,43.75,CC1=CCc2cc3ccccc3cc2C1C
7.817022829084701,92.0,CC1=C[C@@H]2CC=CC[C@@H]2C1
7.465599075305862,23.157894736842106,C#Cc1cc(C)c(C#Cc2ccc(C)cc2)c(C)c1
7.817022829084701,92.0,CC1=C[C@H]2CC=CC[C@H]2C1
8.446710246076803,95.2,CC1=CC2CC(C1)C2(C)C
8.38231207654085,121.25,[CH]1CC2CCC(C1)C2
7.4674224303015455,40.36363636363637,C#Cc1ccc2c(c1)CCC2
8.698627323444283,112.54545454545455,C=C1C2C=CC3CC1CC3C2
7.795518730032197,32.421052631578945,CC1(C)C=CC=c2cc3c(cc21)=Cc1ccccc1-3
8.604352759285788,144.88888888888889,C1CC2CC3CC1CC23
7.396345741671148,36.0,Cc1ccc2cc3c(cc2c1)CC3
8.559767262459506,115.2,C1=C[C@H]2[C@@H](C1)[C@@H]1C=C[C@H]2C1
7.757173720232892,30.333333333333332,Cc1cccc(C#CC(C)C)c1
6.6469904200596,20.285714285714285,c1cc2cc3cccc4cc(c1)c2=c34
7.0768607360971245,21.25,CC#Cc1ccc2cc(C#CC)ccc2c1
7.237814221857425,49.42857142857143,C1=CCc2cc3c(cc2C1)CC=CC3
7.946486075835453,112.8,CC1(C)CC2CCC1CC2
7.878030011626707,28.25,CC(C)(C)/C=C/C#CC#Cc1ccccc1
7.325944100302817,27.529411764705884,C1=Cc2cc3cc4ccccc4cc3cc2C1
7.598108549183509,27.058823529411764,CCc1ccc2cc3cc(C)ccc3cc2c1
7.815416765477219,98.28571428571429,C1=CC[C@@H]2CC3=C(CCCC3)C[C@H]2C1
7.5419432233595725,77.66666666666667,c1ccc2c(c1)C[C@H]1CCC[C@H]21
8.473767171788847,98.2,CC(C)=C1C[C@@H]2CC[C@H]1C2
7.779171934703628,37.75,CC1=c2cc3cccc(C)c3cc2=CCC1
8.083413551405744,134.66666666666666,C1C[C@H]2CC[C@@H]3CCC[C@H]3[C@@H]2C1
8.18507536201263,84.0,C1=CC2C=CC(C=C1)CC2
8.906527134075876,116.44444444444444,C1=C[C@@H]2[C@H](C=C1)[C@@H]1C=C[C@H]2[C@H]2[C@@H]1[C@H]1C=C[C@@H]2CC1
8.953315303167305,153.06666666666666,C1C[C@@H]2[C@H](C1)[C@H]1C[C@@H]2[C@@H]2[C@H]3CC[C@H](C3)[C@H]12
7.57827886835774,66.46153846153847,CC1=CC=C2C(C)(C)CC=C[C@@]12C
7.766495295177508,40.25,C1=CCC=c2cc3c(cc2=C1)C=CCC=C3
8.57890541563417,109.81818181818181,CC1=C[C@H]2C[C@@H]1[C@H]1C=CC[C@H]12
8.473767171788847,98.2,CC(C)=C1CC2CCC1C2
7.521753430287115,64.0,CC1=CC(C(C)(C)C)C=C1
7.5419432233595725,77.66666666666667,c1ccc2c(c1)C[C@@H]1CCC[C@@H]21
8.403493328170864,88.4,C=CC1=C2CCC(C2)C1C
7.618204107602904,76.8,C1=CC2CC3=C(CC1C3)C2
8.463077599004116,98.2,C=C1CC2CC(C1)C2(C)C
7.70265555877103,56.705882352941174,C=C1C=C/C(=C2C=C/C(=C3/C=CC(=C)C3)C/2)C1
6.99942563198075,22.22222222222222,C1=Cc2c3c(cc4cccc1c24)-c1ccccc1-3
7.48177985430672,58.11764705882353,C1=C[C@@H]2CCC[C@H]2c2ccc3ccccc3c21
7.65291650869443,39.666666666666664,CC1=Cc2c(ccc(C)c2C)C1
7.5857659439028335,25.41176470588235,CC(C)c1ccc(C#Cc2ccccc2)cc1
7.47232882471114,87.33333333333333,CC1(C)CC(C)(C)C12CCCC2
7.725838454989634,109.0,CC12CC(C1)C2(C)C
3.481235966076879,43.714285714285715,Cc1ccc2c(c1)C=C1C=CC=CC12
3.481235966076879,43.714285714285715,Cc1ccc2c(c1)C=C1C=CC=C[C@@H]12
8.18507536201263,84.0,C1=CC2C=CC(C=CC2)C1
8.293050795120552,79.25,C1=C[C@H]2CC1c1cc3c(cc12)[C@@H]1C=C[C@H]3C1
8.622357087322916,123.2,CC12C=CC3CC(CC31)C2
6.715697360815441,11.714285714285714,C#CC#Cc1ccc(C#CC#C)cc1
7.903648266938633,31.529411764705884,CCCc1ccc(-c2cc(C)cc(C)c2)cc1
7.628883842728715,18.333333333333332,c1cccc(-c2ccccc2)c#1
6.880930856748239,43.07692307692308,C1=CC2=CC=C1C21C2=CC=C1C=C2
5.574042103399649,75.63636363636364,CC1=CCC2=C(CCCC2)C1
8.19380278320868,114.18181818181819,C1=C[C@@H]2[C@H](C1)C[C@@H]1C=CC[C@@H]21
6.595093003860721,50.61538461538461,C=C1Cc2cc(C)c(C)cc2C1C
7.6450069794515665,42.54545454545455,Cc1ccc2c(c1)CC=CC2
7.490176510901917,41.53846153846154,CC1=Cc2cc3c(cc2C1)C=CC3
8.591659011034325,115.55555555555556,C[C@H]1C[C@@H]2C=C[C@H]1CC2
8.894957746509267,141.71428571428572,C[C@H]1[C@H]2C=C[C@H]3[C@@H]4[C@H]5C=C[C@@H]4[C@@H]1[C@H]5[C@@H]23
6.977246285091663,21.0,c1ccc(-c2ccc3cccc-3cc2)cc1
7.923190023853423,54.8,C=CC#CC1=CCCCC1
7.732747524129678,34.25,Cc1cc(C)c2ccc(C(C)(C)C)ccc1-2
6.816006865877555,61.09090909090909,CC1=CC2CC=CC=C2C=C1
7.76974775869443,43.666666666666664,CC1=C(C)c2ccccc2CC1
8.894957746509267,141.71428571428572,C[C@@H]1[C@@H]2C=C[C@@H]3[C@@H]4[C@H]5C=C[C@@H]4[C@@H]([C@@H]32)[C@@H]15
6.749242544367606,49.333333333333336,C=CC(C)(C)C(C)(C)C
8.830840648933265,156.57142857142858,C1CC2C3CC4CC3C1C1CC4CC21
7.57827886835774,66.46153846153847,CC1=CC=C2C(C)(C)CC=CC12C
7.5035781045497085,25.25,CCc1ccc2cc3ccccc3cc2c1
6.798162256682698,85.81818181818181,CC1(C)CC2(C1)CC(C)(C)C2
6.49026713291869,42.31578947368421,Cc1cccc2c1ccc1c3c(ccc12)C(C)CC3
6.886592730191305,29.5,Cc1cc2c(cc1C)-c1cc(C)c(C)cc1-2
7.444198038371836,24.2,Cc1ccc2cc3ccc4ccccc4c3cc2c1C
7.287284693367405,54.4,CC1=CCC#CCC=CC1
7.427868178271959,27.11111111111111,Cc1ccc2c(c1)Cc1cc3ccccc3cc1-2
7.464417757434547,23.5,Cc1ccc(C)c(C#Cc2ccccc2)c1
5.780316789017071,31.529411764705884,CCc1ccc(-c2cccc(C(C)C)c2)cc1
7.226916020447594,17.166666666666668,C#Cc1ccc2c[c]ccc2c1
6.748396978788204,20.857142857142858,c1cc2ccc3cccc-3ccc-2c1
8.09158909272388,55.55555555555556,C=C1C(=C)C2C=CC1C1=C2Cc2ccccc2C1
7.1640766880498505,17.0,C#Cc1cccc(C#Cc2ccccc2)c1
7.926860626206522,98.9090909090909,CC12CCC(C(C)(C)C)(C1)C2
6.598865788565811,74.0,CC1(C)CC=CC2=C1CCCC2
8.503169997122665,117.0909090909091,C[C@@H]1C2=C([C@@H]3CC[C@H]2C3)[C@@H]1C
7.633183743244214,26.94736842105263,C1=c2ccccc2=Cc2cc3cccccc-3c2C1
7.598705346860465,40.857142857142854,Cc1ccc2c3c(ccc2c1)CCC3
8.691789071162273,136.0,CC12CCC3CC(C1)C3C2
7.97894239676613,100.36363636363636,CC1=C(C)[C@@H]2CCC[C@H]2CC1
7.436015872467709,111.0,C1=CC2CCC1CC2
7.1270879176263175,30.333333333333332,Cc1cc2c3c(cccc3c1)C2
6.94880080026848,70.76923076923077,C1=CCC2C(=C1)CC1=CCCC=C12
7.9814943186643355,30.88888888888889,CC(C)C#Cc1ccc2cc(C(C)C)ccc2c1
7.863342124668532,134.66666666666666,C1CC2CC3CCC(CC1C3)C2
8.865279840251908,150.28571428571428,C[C@@H]1[C@H](C)[C@@H]2[C@@H]3C[C@@H]([C@@H]4CCC[C@@H]43)[C@H]12
5.75333964492285,34.75,Cc1cc(C)c(/C=C/C#CC(C)C)c(C)c1
6.635059829971501,73.77777777777777,CC1=CCC(C)(C)CC1
6.790760753652119,61.09090909090909,CC1=CC=C2C=CC=CC2C1
7.706532034759249,38.0,C=C1CCc2ccccc2C1=C
6.627008173513817,64.0,CC1=CCC(C)(C)C=CC1
7.991731564881144,42.0,Cc1ccc2c(c1)C(C(C)(C)C)=CC2
5.701250732088985,37.84615384615385,Cc1ccc(/C=C/C(C)(C)C)cc1
7.41307372236916,102.4,C1=CC2C=CC3C1C=CC23
7.931778980439069,159.2,C1C[C@H]2C3C4[C@H]2CC[C@@H]4[C@H]13
6.547187835172056,70.2,CC(C)(C)C=C1CCCC1
7.700486701002123,30.333333333333332,CCC#Cc1cccc(CC)c1
7.768440474071384,20.285714285714285,c1cc2cc3c4cccc3c(c1)c2c4
8.054951714900564,104.0,C[C@@H]1CCC(C)(C)[C@H]1C
7.485119690751994,31.764705882352942,C1=CCC2=c3cc4ccccc4cc3=CC2=C1
8.300541062876205,96.8,C1=CC2CC=CC(C1)CC2
7.774846182243958,81.45454545454545,CC1=C[C@@H]2C=CC=C[C@H]2CC1
8.802885366713575,154.1818181818182,C1CC2C3CC4C1CC2C4C3
7.987135977664662,64.0,CC1=CC2=C(CC=CC2)CC1
6.635059829971501,73.77777777777777,CC1=CCCC(C)(C)C1
8.244216283321967,69.84615384615384,C1=CC2Cc3ccccc3C(C1)C2
8.434534735046553,86.76923076923077,CC1(C)[C@H]2CC[C@]1(C)C1=C2C=CC1
7.233389759888479,18.333333333333332,C#Cc1ccc2ccccc2c1
8.244216283321967,69.84615384615384,C1=C[C@H]2Cc3ccccc3[C@@H](C1)C2
8.658490218053183,141.33333333333334,[2H]C1C2CC3[C@@H]1C=C[C@H]3C2
7.687646584381094,159.2,C1CC2C3CCC4C1C2C43
7.521408957836172,24.666666666666668,C=C(C)C#Cc1cccc(C)c1
6.480134658868585,70.0,CC1=CC2=C(CCCC2(C)C)C1
7.770812404430526,77.33333333333333,CC1CCC#CC1(C)C
7.93060412683336,80.0,CC(C)(C)C12C=CC(C=C1)C2
6.765983130821739,84.0,C1=CC2C=CC1C2=C1C2C=CC1C=C2
8.190517871425707,129.77777777777777,C[C@@H]1CC[C@@H]2CCC[C@H]21
7.660595152058552,49.2,Cc1ccc2c(c1)CCC2
7.4853413870258585,31.142857142857142,Cc1cc2ccc(C)c(C)c2cc1C
7.226916020447594,17.166666666666668,C#Cc1ccc2cc[c]cc2c1
7.7729544040860095,33.111111111111114,CC(C)(C)C#Cc1cccc(C#CC(C)(C)C)c1
8.658490218053183,141.33333333333334,[2H]C1[C@H]2C[C@H]3[C@@H]1C=C[C@H]3C2
7.646731787844041,33.111111111111114,CC(C)(C)C#Cc1ccc(C#CC(C)(C)C)cc1
7.764750918819689,99.55555555555556,CC1=CC[C@@]2(C)CC[C@H]12
7.774846182243958,81.45454545454545,CC1=C[C@H]2C=CC=C[C@@H]2CC1
7.752007419987039,30.333333333333332,C1#Cc2ccccc2C#CCC1
7.764750918819689,99.55555555555556,CC1=CC[C@]2(C)CC[C@@H]12
7.744587315336371,81.25,C1=CC2CC[C]1CC2
7.201071863461722,17.75,[C]#Cc1ccc2ccccc2c1
8.578534692059083,125.81818181818181,C1=CC[C@H]2[C@H]3CC[C@H](C3)[C@@H]2C1
7.362760859193518,30.4,C1=Cc2cc3c(cc2CC1)-c1cccc2cccc-3c12
7.339424795216614,56.61538461538461,CC(C)(C)C1=CC2C=CC=C2C=C1
8.166124673877881,87.38461538461539,C1=CC2CC1C1=C2C2=C(CCC2)C1
7.763055016357895,38.13333333333333,CC1(C)C=CC=C2C1=Cc1ccccc12
8.416843799920867,101.77777777777777,C[C@]12CC=C3C4=C(CCCC4)CC[C@H]3[C@@H]1CCC2
7.815354287277736,34.25,CC(C)c1ccc2cc(C(C)C)ccc2c1
8.578534692059083,125.81818181818181,C1=CC[C@@H]2[C@H]3CC[C@H](C3)[C@H]2C1
8.625106248003565,112.6,C=C1CC2CCC1CC2C
7.1874836123005394,24.2,Cc1ccc2ccc3c4cc(C)ccc4ccc3c2c1
7.712799614032219,40.4,[C]1=[C][CH][C]2[CH][CH][CH][C]2[C]=[C]1
7.230978694315975,51.25,c1c2c(cc3cc4c(cc13)CCC4)CCC2
7.787526440096829,108.0,C1CC2CCC1=C1CCC2CC1
7.756766355308086,44.53333333333333,C1=CCC(=C2Cc3ccccc3C2)C=C1
7.434161921755398,40.285714285714285,C1=CCc2cc3c(cc2=C1)CC=CC=3
7.982854966655788,54.333333333333336,CC1(C)CCc2ccccc2C1
7.651093061078272,39.75,C(C#Cc1ccccc1)#CC1=CCCCC1
7.72720761446366,43.666666666666664,CC1=CCCc2cc(C)ccc21
7.660798062871317,51.38461538461539,CC1=Cc2cc3c(cc2C1)CCC3
8.961737594952162,136.0,C1=C[C@H]2[C@@H](C1)[C@@H]1C[C@H]2[C@@H]2[C@H]1[C@H]1C=C[C@@H]2C1
8.961737594952162,136.0,C1=C[C@@H]2[C@H](C1)[C@H]1C[C@@H]2[C@H]2[C@@H]1[C@@H]1C=C[C@H]2C1
6.046686685108859,48.61538461538461,CC(C)(C)C#CC(C)(C)C(C)(C)C
7.924151562314963,32.8,C#C/C=C/C#CC(C)(C)C
8.79825303046155,128.0,C1=CC2CC3CCC2C3C1
8.211200941039136,96.72727272727273,C1=CCC2=C(C1)C1CCC2C1
7.880288417576605,41.0,Cc1c(C)c(C)c(C2=CC3=CC=CC3=CC2)c(C)c1C
6.966799043123363,47.111111111111114,C1#CCCCC#CC=C1
7.369600775442626,30.666666666666668,CCC#CCC#CCC#CCC
6.917228591044942,64.0,C1=CCC2C=C3CC=CCC3=CC2=C1
6.308704216641594,54.57142857142857,CC1(C)CCc2ccccc2C1(C)C
7.749041421048837,165.33333333333334,C1C2CC3CC4CC1C1C2C3C41
6.741603124995816,77.77777777777777,C/C=C1/CCC(C)(C)C1
8.736461675702396,120.72727272727273,C[C@@H]1[C@@H](C)C[C@H]2C[C@@H]1C2(C)C
6.963429328993945,75.33333333333333,C#CC1=C(C#C)C2CCC1CC2
8.49725490228279,113.77777777777777,CC1(C)C[C@@H]2CC[C@H]1C2
7.994723136475563,81.6,CC1C#CC(C)CCC=C1
7.678157647127226,29.41176470588235,Cc1ccc(/C=C2\C=Cc3ccccc32)cc1
8.567101249261803,139.75,C=CC12CC3C4CC5CC3C(C1)C(C5)C4C2
8.514435709143223,94.36363636363636,C=C1CC2CCC1(C)C2(C)C
7.990060857848104,108.4,C/C=C1/CC2CCC1CC2
8.584567980079,126.4,CC12CC3CCCC3(C1)C2
7.133751379164779,30.333333333333332,Cc1ccc2cccc3c2c1C3
6.540425863134172,62.2,C=C1CCC(C)=CC1(C)C
8.648043442682006,112.0,C[C@H]1C[C@@H]2CC[C@@]1(C)C2(C)C
8.514435709143223,94.36363636363636,C=C1C[C@H]2CC[C@]1(C)C2(C)C
7.660290594287656,39.529411764705884,Cc1ccc2c(c1)CCc1ccc(C)cc1C2
7.817022829084701,92.0,CC1=CC[C@H]2CC=C[C@H]2C1
6.896577431773579,74.66666666666667,C1=CC2(C=CCC2)CC1
7.629295192220598,45.23076923076923,C1=CC2=C(C1)Cc1ccccc1C2
7.899263445860392,41.05263157894737,CC1(C)CC=CC2=C1Cc1cc3ccccc3cc12
6.382015534730405,45.2,C1=C2CC3=C(Cc4ccccc43)CC2c2ccccc21
7.8244170251372065,117.71428571428571,C[C@@H]1CCC[C@@H]1C
7.0067123339922865,25.714285714285715,Cc1ccc2c(c1)-c1ccc(C)cc1-2
5.4821901814848815,56.72727272727273,CC(C)(C)C#CC1=CCCC1
8.736461675702396,120.72727272727273,C[C@H]1[C@H](C)C[C@@H]2C[C@H]1C2(C)C
8.736461675702396,120.72727272727273,C[C@@H]1[C@H](C)C[C@@H]2C[C@H]1C2(C)C
8.736461675702396,120.72727272727273,C[C@H]1[C@@H](C)C[C@H]2C[C@@H]1C2(C)C
7.388720451411551,27.764705882352942,CC#Cc1ccc2c(c1)Cc1cc(C)ccc1-2
7.267176912134814,77.6,C1=C2CCC=C(CC1)CC2
5.782810156448746,52.61538461538461,C1=CC2Cc3ccccc3CC2=C1
8.38587368313472,96.0,C1=CC2C=CC(C1)CC2
6.894338343768964,58.13333333333333,C1=CCC2=CC=C3C=CC=CC3CC2=C1
8.832030442794547,136.0,CC12CCC3C(CCC31)C2
7.968868326389655,34.0,CC(C)C#Cc1ccc(C(C)C)cc1
8.281116527915882,96.0,C1=CC2CC=CC(C1)C2
6.07508131100426,50.0,C=C1C=C(C)C(C)(C)C=C1C
7.453061367161416,27.11111111111111,Cc1cccc2c1Cc1cc3ccccc3cc1-2
8.514435709143223,94.36363636363636,C=C1C[C@@H]2CC[C@@]1(C)C2(C)C
7.892141568692125,88.72727272727273,C[C@@H]1CC2=C(CC=C2)C[C@@H]1C
7.7468603410813355,39.333333333333336,C(#Cc1ccc2ccccc2c1)C1=CCCCC1
6.890202705335275,67.0,C1=CCC2c3ccccc3C2C1
7.994311454768372,111.42857142857143,[CH][C@@H]1CCC[C@@H]1C
7.603917085949245,70.66666666666667,C1=CCC2=C(C1)CC1=C(CC1)C2
3.934430658900908,39.77777777777778,CC1(C)C=Cc2cc3ccccc3cc2C1(C)C
5.847476916088126,61.6,C#CC1=CCCCC1(C)C
7.828883339722742,32.30769230769231,Cc1cccc(C#CC(C)(C)C)c1
7.565171035578264,36.0,CC(C)C#CC#CC(C)C
7.138121485473464,24.2,Cc1ccc2cc3cc4ccc(C)cc4cc3cc2c1
8.520858131821624,137.6,C1C[C@@H]2C/C(=C3/C[C@@H]4CC[C@@H]5CC[C@@H]3[C@H]54)[C@H]3CC[C@@H]1[C@H]23
8.64463610875433,112.44444444444444,C[C@@]12CCC[C@H]1[C@@H]1CC=C3C=CCC[C@@H]3[C@H]1CC2
5.908710706467988,55.07692307692308,C1=CCC2(C1)Cc1ccccc1C2
7.426013688483016,37.55555555555556,CC1=Cc2ccc3c4c(ccc3c2C1)C=C(C)C4
6.818921529437708,68.0,CC1(C)C#CCCC1
7.266455302072632,19.88888888888889,[c]1cccc2cc3cc4ccccc4cc3cc12
7.610670256299293,100.0,CC12C=CC(C)(CC1)CC2
7.944374722946353,64.0,CC1=CCC2=C(CC=CC2)C1
8.601104967873232,135.11111111111111,C[C@@H]1[C@@H]2CC[C@@H](C2)[C@H]1C
7.2714087597720525,23.2,Cc1ccc2cc3ccccc3cc2c1
8.631182020983124,124.44444444444444,C[C@@H]1C[C@H]2CC[C@]1(C)C2
7.257585813265708,24.2,Cc1ccc(C)c2cc3cc4ccccc4cc3cc12
8.49725490228279,113.77777777777777,CC1(C)CC2CCC1C2
7.20089595283427,20.666666666666668,c1ccc2cc3cc4ccccc4cc3c-2cc1
8.678580631714441,115.2,C1=C[C@@H]2[C@H](C=C1)[C@@H]1C=C[C@H]2[C@H]2CCC[C@@H]12
8.443770593550218,104.88888888888889,CC12CC=CC(CC1)C2
7.425633917635037,29.23076923076923,Cc1ccc2ccc(C)c-2c(C)c1
8.730096586240625,146.1818181818182,C[C@@H]1[C@H](C)[C@@H]2[C@H]3CC[C@H](C3)[C@H]12
6.726529285522235,40.25,CC(C)[C]1[C][C][C][C]1
7.347241642035118,35.142857142857146,C1=CCc2cc3ccccc3cc2C1
8.519782101313401,72.75,C[C@H]1[C@@H](C#Cc2ccccc2)[C@@H]2C=C[C@H]1C2
8.992782577008766,143.05882352941177,C1=C[C@H]2C[C@@H]1[C@@H]1C3CC([C@@H]4[C@H]3[C@H]3C=C[C@@H]4C3)[C@@H]12
7.8085131701977435,85.86666666666666,C1CCC(=C2CCC(=C3CCCC3)C2)C1
8.415059471495615,95.2,CC1=C(C)[C@]2(C)CC[C@H]1C2
5.015088785365792,52.285714285714285,Cc1ccc(C2=CCCCC2)c(C)c1
7.107534699147746,16.285714285714285,C#Cc1cc2ccccc2cc1C#C
5.259078433180218,34.0,CC(C)C#Cc1cccc(C(C)C)c1
7.319512826367761,22.526315789473685,Cc1cccc2cc3c(ccc4ccccc43)cc12
7.557353668091504,30.0,Cc1ccc2cc3c(cc2c1)Cc1cc(C)c(C)cc1-3
8.097268129438243,71.71428571428571,c1ccc2c(c1)CC1=C2[C@H]2CC[C@@H]1C2
5.159974374120841,43.714285714285715,CC1=CC2=Cc3ccccc3C2C=C1
7.185162781187858,67.71428571428571,c1ccc2c(c1)CCC1(CCCC1)C2
8.348343936199864,82.18181818181819,C#CC1=CC[C@H]2C[C@@H]1C2(C)C
7.303784726801436,72.72727272727273,CC12C=CCCC1=CC=CC2
7.850884056771353,42.166666666666664,C=C1Cc2ccccc2C1(C)C
7.477980803484335,33.57142857142857,CC1=CC2=Cc3ccccc3[C]2C=C1
8.461477032049427,85.42857142857143,C1=C[C@H]2C[C@@H]1[C@H]1Cc3ccccc3[C@@H]12
6.774020742368628,50.4,C/C=C\C(=C/C)C(C)(C)C
6.402505177076638,62.2,C=C1C(C)=CCCC1(C)C
7.867648815060711,34.2,CC1(C)CC=Cc2c1ccc1c2ccc2ccccc21
7.652055817033139,100.0,C[C@@]12CC=CC[C@]1(C)CC2
7.85266154576024,49.86666666666667,Cc1ccc2c(c1)CCC1=C2CCC=C1
8.461477032049427,85.42857142857143,C1=C[C@H]2C[C@@H]1[C@@H]1c3ccccc3C[C@H]12
7.610796291121698,45.23076923076923,C1=CC2=C(C1)c1ccccc1CC2
8.281116527915882,96.0,C1=C[C@@H]2CC=C[C@H](C1)C2
7.9278736141879405,48.470588235294116,C=C1C(=C)C2CC1c1cc3ccccc3cc12
7.1329892106322745,88.0,C1=C2CCCC2C2=C1CCC2
7.506611778619622,70.33333333333333,C[C@@H]1Cc2ccccc2C[C@@H]1C
7.26250423705086,32.46153846153846,C(#Cc1ccccc1)[C]1[CH][CH][CH][CH]1
8.858811202251095,104.0,CCC1CC2C3C(C)=C(C(CC)C(C)C)C3C2C1C
7.268085253964289,21.0,C=c1ccc2cc3cc(=C)ccc3cc2c1
8.604640443291144,133.0,C[C@H]1C[C@H]2CC[C@@H]1C2
8.460912708236059,88.72727272727273,CC1=CC2(C)CC=CC(C1)C2
7.866818563873828,104.88888888888889,CC1=CC2CCC1CC2
7.8111558002008055,37.45454545454545,Cc1ccc(C(C)(C)C)cc1
7.485171383059686,31.764705882352942,C1=CC2=c3ccc4ccccc4c3=CC2=CC1
6.743145735667979,20.22222222222222,c1cc2cc3cc4cc5cccc-5c4cc3c-2c1
7.596920573427296,90.4,C1CCC(=C2CCCC2)C1
7.955589493484836,118.66666666666667,C1CCC(C23CCC(CC2)C3)C1
8.508028759053152,84.5,CC(C)=C1CC2C=CC1(C)CC2
7.6302969537514285,46.4,CC(C)(C)C#CC(C)(C)C
7.9278736141879405,48.470588235294116,C=C1C(=C)[C@@H]2C[C@H]1c1cc3ccccc3cc12
7.801378548571077,46.4,c1ccc2c(c1)C1CCC2c2cc3ccccc3cc21
8.236448844112147,68.0,CC1=CCC[C@]2(C)c3ccc(C(C)C)cc3CC[C@@H]12
7.351926655850059,50.666666666666664,CC#CC(C)C(C)(C)C
7.6876906748510745,62.15384615384615,CC(C)(C)C1=C[C@H](C(C)(C)C)C=C1
8.526105125913858,100.0,CC1(C)C=CC2CCC1C2
8.359692389948531,89.33333333333333,CC1(C)C2CC3=CCC=C3C1C2
7.7584700490519705,30.105263157894736,Cc1cc2cc3ccccc3cc2cc1C(C)(C)C
8.097178749438006,60.0,C1=CC2C=CC(C1)c1ccccc12
7.648548020629952,56.470588235294116,CC(C)(C)C1=CC2=CC(C(C)(C)C)=CC2C=C1
8.82659894817345,139.33333333333334,C1=C[C@H]2CC1[C@H]1[C@H]3CC[C@H](C3)[C@H]12
7.863860244207349,37.81818181818182,CC(C)C#CC#CC(C)(C)C
8.702240346315987,144.88888888888889,C1CC2CCC3C1CC23
7.928688006932812,66.28571428571429,C1=CC2=C(CC1)CC1=C(CC=CC1)C2
8.563350799104734,113.55555555555556,C=C1C[C@@H]2C[C@H]1C[C@@H]2C
8.259377568368675,145.45454545454547,C1CC2CC3CCC4CC1C423
7.029548573934963,17.11111111111111,C#Cc1ccc2cc3cc(C#C)ccc3cc2c1
7.444198038371836,24.2,Cc1cccc2cc3c(C)c4ccccc4cc3cc12
7.292019073155669,21.0,C=c1cc2cc3ccccc3cc2cc1=C
8.591175436573064,116.44444444444444,C1=CC2C3C=CC2C1C3
8.660770356172966,136.77777777777777,[CH2]C12CC3C1CCCC32
7.393834559006225,68.36363636363636,C1=CCC2=CCCC=C(C1)C2
8.957715012442403,149.8181818181818,CC12C3CC4CC1CC2C4C3
7.527557442499404,47.06666666666667,CC1=C[C]2[CH][C]3C=C(C)C=C[C]3[C]2C=C1
6.407214547781853,56.785714285714285,[CH2]C1C(C)=Cc2cc3c(cc21)CCC3
7.387683741034102,61.833333333333336,CC(C)=C1C=CC2(C=C1)CCC2
7.902287522996433,55.25,C1=C[C@H]2CC[C@@H]1c1cc3ccccc3cc12
7.600939287223372,30.22222222222222,CC#CC#C/C=C\CC
7.952324078839549,97.75,C=C1CC[C@@H](C)[C@H]1C
8.82659894817345,139.33333333333334,C1=C[C@H]2C[C@@H]1[C@H]1[C@@H]3CC[C@@H](C3)[C@H]12
7.520466898479906,28.0,CCC#Cc1cccc(C)c1
7.8156015487312995,34.8,CC(C)(C)c1ccc2c(c1)=c1cc(C(C)(C)C)ccc1=2
7.83498045196609,56.30769230769231,CC12C=CC1(c1ccccc1)C=C2
7.3272783022460946,33.6,CC#CC#CC1C=CC=C1
7.843719150901809,46.25,Cc1cccc(C)c1C#CC1=CCCCC1
8.898134093458411,134.66666666666666,C[C@H]1C2C[C@@H]3C[C@H](C2)CC1(C)C3
8.82659894817345,139.33333333333334,C1=C[C@@H]2CC1[C@@H]1C3CCC(C3)[C@@H]12
6.023022656003917,41.55555555555556,CC1CCc2c1ccc1c2ccc2ccccc21
6.717793783374862,47.27272727272727,CC(C)C#CC(C)(C)C(C)C
8.323936230705481,82.2,C=C1C2C=CC=CC1CC2
7.321954682854026,34.285714285714285,CC(C)(C)C#CC#CC#CC(C)(C)C
6.917818452662921,86.0,CC(C)C1CCCC1
8.363816296096875,99.55555555555556,CC1(C)[C@@H]2C=C[C@H]1CC2
8.947754599841849,121.11111111111111,C=C1C2C[C@@H]3/C(=C4\[C@@H]5C[C@H]6C(=C)C5C[C@@H]46)[C@H]2C[C@H]13
7.952324078839549,97.75,C=C1CC[C@H](C)[C@@H]1C
7.07557666161993,17.0,C#Cc1ccc(C#Cc2ccccc2)cc1
6.681093237265465,52.0,CC(C)(C)C1(C(C)(C)C)Cc2ccccc2C1
6.825054097717183,50.2,C=C1C2=CC=CC=C1CC2
7.9447446078252,35.294117647058826,C1=CC2C(=Cc3ccccc32)c2ccccc21
7.700219545579968,96.0,C1=CC[C@H]2C=CC[C@H]2C1
7.243719379516267,25.41176470588235,c1ccc2c(c1)Cc1cc3ccccc3cc1-2
7.700219545579968,96.0,C1=CC[C@@H]2C=CC[C@@H]2C1
5.835661924221269,64.0,C1#CCCCC=CC1
8.414471885090533,103.33333333333333,CC1(C)CC2CCC1CC2(C)C
8.961737594952162,136.0,C1=C[C@H]2[C@H]3C[C@@H]([C@H]2C1)[C@H]1[C@@H]3[C@@H]2C=C[C@H]1C2
8.204748197556395,96.72727272727273,C1=C2C(=CCC1)[C@H]1CC[C@@H]2C1
7.274417453359703,26.941176470588236,C1=Cc2ccccc2C2=Cc3ccccc3[C]12
7.6829925879559875,49.2,[2H]c1cc2c(cc1C)CCC2
7.743509333852977,40.8,C#CC1=CCC=C(C)C=C1
7.1546363504375226,22.705882352941178,[CH]1c2ccccc2-c2cc3ccccc3cc21
5.27835920743507,56.0,CC1=CCC(C)=CCC=C1
7.3961695691912555,29.23076923076923,Cc1ccc(C)c2c(C)ccc-2c1
7.967771284969537,52.285714285714285,CC1=C(c2ccc(C)cc2)CCCC1
7.858116581840557,43.0,C[C]1[C][C]2C=CC=C[C]2[C]1
8.703296392097059,100.8,CC1=C2C[C@H]3CC[C@@](C)([C@H]2CC1)C3(C)C
8.363816296096875,99.55555555555556,CC1(C)C2C=CC1CC2
7.714989759583756,67.77777777777777,c1ccc2c(C34CCC(CC3)CC4)cccc2c1
7.271019169267098,74.66666666666667,C1=C2CC(=CCCC1)C2
7.310081439533167,44.0,CC1=CC(=C2C=C(C)C(C)=C2)C=C1C
8.490893021982178,128.0,C1=C[C@H]2CC[C@@H]1[C@@H]1CC[C@@H]12
7.437699060775397,31.2,C1=Cc2cc3ccccc3cc2C=CC1
7.978511664558452,63.0,Cc1ccc2c(c1)[C@H]1C=C[C@@H]2C1
7.78098003791816,40.92307692307692,Cc1cc2c(cc1C)C(C)(C)C=C2
7.240218580469069,19.0,C#Cc1cccc2cc3cc4ccccc4cc3cc12
8.491853086601985,91.63636363636364,CC1=CC2CCC1(C)C2(C)C
7.987172310305095,77.55555555555556,[CH]1[CH][C]2CCC[C]2[CH]C1
6.298076971790277,36.75,CC(C)CC#Cc1ccc(C(C)(C)C)cc1
6.46154986372407,60.44444444444444,C1=CC2(C=C1)CC=CC2
8.898134093458411,134.66666666666666,C[C@@H]1C2C[C@@H]3C[C@H](C2)CC1(C)C3
7.479076928615329,21.333333333333332,C=Cc1cc2cccccc-2c1
8.530391769124018,94.36363636363636,C=C1C2(C)CCC(C2)C1(C)C
8.530391769124018,94.36363636363636,C=C1C(C)(C)[C@@H]2CC[C@@]1(C)C2
4.250210065556464,54.22222222222222,CC(C)(C)C1C=CC=C1
8.01130259962267,95.11111111111111,CC1=CC[C@@H](C)[C@@H](C)C1
8.491853086601985,91.63636363636364,CC1=C[C@H]2CC[C@]1(C)C2(C)C
7.075364372271317,25.866666666666667,c1ccc2c3c4c(cccc4cc2c1)C3
7.379796965713123,52.285714285714285,Cc1ccc2c(c1)C=CC(C)(C)C2C
8.396334122364882,139.55555555555554,CC12CC3CC1CC2C3
8.232445922909239,96.0,C1=CC2=C(C1)C1CCC2C1
7.982234445469447,91.63636363636364,CC(C)(C)C1=CC2CC(C1)C2
6.924415200748184,58.4,C#CC1=C(C)C(C)C=CC1
8.604715690729984,105.33333333333333,CC1=C[C@@H]2[C@@H](C1)[C@@H]1C=C(C)[C@H]2C1
7.581723759665439,96.0,CC1CCCC1=C1CCCC1
8.31160947628092,86.66666666666667,C1=CC(=C2CC3CCC2C3)C=C1
7.50531707539265,29.454545454545453,C1#CCc2ccccc2C=C1
7.12048138418427,18.285714285714285,c1c2ccccc2c2ccccc2c#1
6.666913185142598,51.666666666666664,Cc1ccc2c(c1)C=CC(C)C2
6.341722396051979,40.0,C#C/C=C/C(C)(C)C
7.857665932369503,31.4,Cc1ccc(C)c2c1ccc1cc(C(C)(C)C)ccc12
8.20269526109792,101.33333333333333,CC1CC2C=CC1C=C2
6.611410564432206,43.2,CC(C)C#C/C=C/C(C)C
7.993878233149031,58.285714285714285,C1#CCCC=CC1
6.128151500629075,53.0,c1ccc2c(c1)CC1c3ccccc3CC21
8.393492664295685,97.0,CC12C#CC(CC1)C2
7.953225666271253,34.10526315789474,Cc1cc(C)c(-c2ccc(C(C)(C)C)cc2)c(C)c1
5.673104418581407,52.61538461538461,C1=CC2CCc3ccccc3C2=C1
8.268032138805761,85.88888888888889,Cc1ccc(C=C2C3CC4CC(C3)CC2C4)cc1
7.454791311435372,17.857142857142858,C(#Cc1ccccc1)c1[c]cccc1
5.006043426615383,62.888888888888886,C=C1CCCC(C)=C1C
7.5518689376976,38.4,C#CC1=CC=C(C#C)CC1
8.523489894637153,103.27272727272727,CC1(C)CCC2CC1C2(C)C
7.584147671281842,32.285714285714285,Cc1ccc(C#CC2C=CC=C2)cc1
7.842049522684641,57.142857142857146,C1=CCC2=CC3=C(CCC=C3)CC2=C1
7.485219986365705,53.53846153846154,C1=CC2=C3C=CCC=C3CC2=CC1
8.285045570098257,116.57142857142857,CC(C)(C)C12CC3CC(CC(C3)C1)C2
6.922566917295925,42.0,C(C#C[C]1[CH][CH][CH][CH]1)#C[C]1[CH][CH][CH][CH]1
7.9102209487144695,56.0,CC1(C)C#CC1(C)C
7.876421466447806,32.888888888888886,Cc1cccc(C)c1-c1ccc(C(C)(C)C)cc1
7.588837295790001,30.46153846153846,C#Cc1ccc(C2C=CC=C2)cc1
8.429981651455948,100.0,CC1(C)C2C=CC1CCC2
7.660906650143865,37.0,Cc1ccc2c(c1)CC=CC=C2
7.244658122682646,30.4,C1=c2cc3c(cc2=CCC1)-c1cccc2cccc-3c12
7.932493065024654,50.333333333333336,Cc1ccc2c(c1)CCC2(C)C
8.523489894637153,103.27272727272727,CC1(C)CC[C@@H]2C[C@H]1C2(C)C
8.562454492943555,86.28571428571429,C1=CC2CC1=C(C1=CC3C=CC1C3)C2
8.604715690729984,105.33333333333333,CC1=C[C@H]2[C@@H](C1)[C@@H]1C[C@H]2C=C1C
8.771818197769129,139.55555555555554,CC12CC3CC1CCC32
7.481698540016781,29.77777777777778,c1ccc2c(c1)CCc1c-2ccc2ccccc12
7.553193125827297,35.142857142857146,C1=Cc2cc3ccccc3cc2CC1
8.530391769124018,94.36363636363636,C=C1C(C)(C)C2CC[C@]1(C)C2
8.644843335857981,103.0909090909091,C=C1[C@@H](C)C[C@H]2C[C@@H]1C2(C)C
8.047739557631026,110.0,CC1[C@H](C)CC[C@@H]1C
7.032834091588125,196.0,C12C3C4C1C1C5C6C1C2C3C6C54
8.461477032049427,85.42857142857143,C1=C[C@H]2C[C@@H]1[C@@H]1Cc3ccccc3[C@H]12
7.752113072290633,29.41176470588235,Cc1cc2ccc(C#CC(C)C)cc2cc1C
7.349967780663069,23.5,Cc1ccc(C#Cc2ccccc2)cc1C
8.461477032049427,85.42857142857143,C1=C[C@H]2C[C@@H]1[C@H]1c3ccccc3C[C@@H]12
5.765243471900025,59.0,C1=C2c3ccccc3CC2CC1
8.644843335857981,103.0909090909091,C=C1[C@H](C)C[C@@H]2C[C@H]1C2(C)C
8.525794953523542,130.66666666666666,C1=C[C@H]2CC3CC2[C@H]1C3
7.8186666081563025,92.0,CC1C[C@H]2C=CC=C[C@@H]2C1
8.559059163340976,79.75,C1=C[C@H]2C[C@@H]1[C@H]1CC=C(c3ccccc3)[C@H]12
7.635667352576247,30.5,Cc1cccc2c1CC=C2c1ccccc1
7.745926434109833,26.727272727272727,CCC#Cc1[c]ccc(C)c1
7.646380139287783,90.66666666666667,CC1=CC[C@@H]2CC=C[C@H]12
7.720555967305819,42.54545454545455,CC1=Cc2ccccc2CC1
7.515322603774331,66.28571428571429,C1=CCC2=C(C1)CC1=C(CC=CC1)C2
8.523489894637153,103.27272727272727,CC1(C)CC[C@H]2C[C@@H]1C2(C)C
8.110178923815747,67.0,C1=C[C@@H]2C[C@H](C1)c1ccccc12
7.978511664558452,63.0,Cc1ccc2c(c1)C1C=CC2C1
8.933697974711961,157.33333333333334,CC12CC3C4C5CC3C1(C)C5C42
8.668075026639038,108.8,C1=C[C@H]2C[C@@H]1CC21CCC1
7.834329666388034,68.33333333333333,C=C1CC2=C(CCCC2)CC1=C
4.112854314787147,75.2,CC1(C)CC(C)(C)C1(C)C
8.206977290721516,61.75,CC1(C)[C@H]2C=C3C(=Cc4ccccc43)[C@@H]1C2
7.574443571225683,40.857142857142854,Cc1ccc2cc3c(cc2c1)CCC3
8.434240587832797,99.55555555555556,CC1(C)CC2C=CC1C2
8.434240587832797,99.55555555555556,CC1(C)C[C@H]2C=C[C@@H]1C2
7.040182648018561,25.714285714285715,Cc1cc2c(cc1C)-c1ccccc1-2
6.029091154786868,67.33333333333333,CC1=CCC2=C(C=C1)CCCC2
7.8186666081563025,92.0,CC1C[C@@H]2C=CC=C[C@H]2C1
8.634941598362042,113.33333333333333,C1=C[C@@H]2[C@@H](CC1)[C@@H]1C=C[C@H]2CC1
7.620059559393731,40.285714285714285,C1=CC2=Cc3ccccc3CC2=CC1
7.596269774547052,27.6,C=c1ccc2c(c1)Cc1ccccc1C=2
7.8356900663867375,39.666666666666664,CC1=Cc2ccccc2C1(C)C
7.868529552149302,52.0,c1ccc2cc3cc4c(cc3cc2c1)C1CCC4C1
7.551869877836718,27.11111111111111,Cc1cc(C#Cc2ccccc2)c(C)c(C)c1C
7.533910722686613,174.22222222222223,C(#CC12C3C4C5C3C1C5C42)C12C3C4C5C3C1C5C42
7.777550051650127,51.38461538461539,CC1C=c2cc3c(cc2=C1)CCC3
7.978511664558452,63.0,Cc1ccc2c(c1)[C@@H]1C=C[C@H]2C1
7.644357597370671,54.6,[CH]1[CH][CH][C](C2=CCC=C2)[CH]1
7.621068957836172,27.0,CCc1ccc2ccccc2c1
6.6123671727795355,39.6,Cc1ccc2cc1C2(C)C
8.645918082440058,126.66666666666667,CC1(C)[C@@H]2CC[C@H]1[C@@H]1CCC[C@H]12
8.250776557055316,165.33333333333334,C1CC2C3CC4C5CC3C1C5C24
6.666913185142598,51.666666666666664,Cc1ccc2c(c1)CC(C)C=C2
7.397217214693595,88.88888888888889,C1=CCC2(CC1)CCC2
7.842073963650946,68.0,CC1C#CC(C)C#C1
5.767541890565181,41.111111111111114,C1=CC2=CCc3c(ccc4ccccc34)C2C=C1
8.506923585751682,100.0,CC1(C)CC2C=CC1CC2
7.150116889791031,17.857142857142858,C(#Cc1ccccc1)c1cc[c]cc1
6.887948874202376,18.857142857142858,C(#Cc1ccccc1)c1ccccc1
8.475078979268009,98.2,C=C1CC2CCC1C2(C)C
7.697065009040498,38.5,Cc1ccc2c(c1)CCc1ccccc1C2
8.530391769124018,94.36363636363636,C=C1C(C)(C)[C@H]2CC[C@]1(C)C2
8.475078979268009,98.2,C=C1C[C@@H]2CC[C@H]1C2(C)C
6.368089814223995,66.14285714285714,C=C1C(C)(C)C(C)(C)C(C)(C)C1(C)C
7.988329063879523,42.0,[2H]C1CC=Cc2cc3ccccc3cc21
4.57116170114665,72.0,CC1(C)CC=CCC1(C)C
7.836479729848277,43.666666666666664,CCc1ccc2c(c1)C=CCC2
7.750410398425256,26.0,Cc1c#cccc1C
6.85881183158792,69.6,CC1=CC[C@H]2C=CC=C2C1
7.525928226547473,20.4,Cc1cc[c]c(C#Cc2ccccc2)c1
8.475078979268009,98.2,C=C1CC2CC[C@H]1C2(C)C
8.003641721896606,76.61538461538461,C1=CC23Cc4ccccc4[C@H]2C[C@H]13
8.475078979268009,98.2,C=C1CC2CC[C@@H]1C2(C)C
7.42577558071422,35.55555555555556,C(#CC1=CC=CC=CC=C1)C1=CC=CC=CC=C1
7.781221342870245,42.888888888888886,C1=CC2=C(CC1)CCc1c2ccc2ccccc12
3.815049424072832,36.21052631578947,CCc1cc2c(cc1C)C(C)(C)c1cc(C)ccc1-2
7.68864828486198,76.0,CC12CCC(CC1)c1ccccc12
7.453920947715105,31.857142857142858,[CH]1C=Cc2cc3ccccc3cc2C1
7.855188042691511,144.0,C1=CC2C3C1C1C4C=CC(C43)C21
7.451815351513271,23.5,CCc1ccc(C#Cc2ccccc2)cc1
6.213687145144522,36.333333333333336,[2H]/C(=C/C(C)(C)C)c1ccccc1
5.639537151253846,36.333333333333336,CC(C)(C)/C=C\c1ccccc1
6.842204361996087,40.8,Cc1ccc2c(c1)C=C1C=Cc3cc(C)ccc3[C@@H]1C2
7.85566153894455,77.6,C1=CCC(=C2CCCC2)C1
7.656201562446426,118.0,C1=CC2C3C=CC2C2C1C=CC32
7.99657902234318,39.714285714285715,CC(C)c1ccc(C2=CC=CC2)cc1
8.585178407480461,105.33333333333333,C[C@@]12CCC[C@H]1[C@@H]1CC=C3C=CC=C[C@@H]3[C@H]1CC2
7.879396291924979,115.63636363636364,CC12CC(C3CCCC3)(C1)C2
7.795182329847894,78.0,Cc1ccc(C23CCC(CC2)C3)cc1
7.73832116981313,40.888888888888886,C1=Cc2c(ccc3c2CCc2ccccc2-3)CC1
7.71270274699281,46.25,CC(c1ccc(C(C)(C)C)cc1)C(C)(C)C
7.333929718432598,31.142857142857142,C1=CC(=C2C=c3ccccc3=C2)C=C1
8.019620079386412,76.22222222222223,C[C@@]12CCC[C@H]1C1=C(CC2)c2ccccc2CC1
8.640665797112252,103.0909090909091,C=C1C[C@@H]2C[C@H]([C@H]1C)C2(C)C
7.7623485202755385,41.42857142857143,CC(C)(C)c1ccc(C(C)(C)C)cc1
6.511698936938148,68.0,C1=CC2CC3=C(C=CC3)CC2=C1
8.019620079386412,76.22222222222223,C[C@]12CCC[C@@H]1C1=C(CC2)c2ccccc2CC1
7.073919404953771,34.0,C(#CC#CC1C=CC=C1)C#CC1C=CC=C1
7.9135529941409954,62.57142857142857,C1=CC2CC1C1=C2c2ccccc2C1
7.673160825605413,42.54545454545455,Cc1ccc2c(c1)CCC=C2
7.768018905009358,52.0,C1=C[C@H]2C[C@@H]1c1cc3ccccc3cc12
7.744406782975859,37.77777777777778,[C]1[C][C]2C=CC=C[C]2[C]1
8.971228691925186,140.30769230769232,C[C@@H]1C[C@@H]2CC1[C@@H]1[C@H]2[C@H]2C=C[C@@H]1C2
7.575480756671923,62.285714285714285,CC1=C(C)CC(=C2CC(C)=C(C)C2)C1
7.346624505265518,23.2,Cc1ccc2c(ccc3ccccc32)c1
7.180306465663682,20.857142857142858,c1cc2ccc3ccccc3cc-2c1
8.70495336968174,116.0,C[C@@]12CC=C[C@]1(C)[C@H]1CC[C@@H]2C1
7.819934414585181,66.28571428571429,C1=CC2=C(CC1)CC1=C(C=CCC1)C2
5.26078916362971,39.77777777777778,CC1(C)C=Cc2c(ccc3ccccc23)C1(C)C
7.364886900512306,23.5,[C]1=C2C(=Cc3ccccc32)c2ccccc21
6.812314353767518,39.25,C/C(=C/C=C(\C)c1ccccc1)C(C)(C)C
7.912646216517015,27.428571428571427,C#CC(C)(C)C#C
8.768336077718772,140.8,C1CCC2C3CC(C1)C2C3
8.70495336968174,116.0,C[C@@]12C=CC[C@]1(C)[C@H]1CC[C@@H]2C1
7.009462495338463,51.75,Cc1ccc2cc3c(cc2c1)CCC(C)C3
7.318776811564174,29.846153846153847,C1=c2cc3ccccc3cc2=CC1
7.758580116490193,15.11111111111111,c1c#cc2ccccc2c#cc2ccccc2c#1
4.8865206581809355,50.0,CC(C)=C1C=CC(C)(C)C=C1
6.438325083809081,74.28571428571429,[C]1CC=CCCC1
7.644498915640032,25.11111111111111,C#Cc1cc(C#C)c2ccc(C(C)(C)C)ccc1-2
7.5305935786501745,49.42857142857143,C1=Cc2cc3c(cc2CC1)C=CCC3
7.756721512874692,54.0,C=C1CCCc2cc3c(cc21)C(=C)CCC3
7.327430775430898,25.8,C1=Cc2cc3cc4c5c(ccc4cc3cc2=C1)=CC=C5
7.810898685794226,45.06666666666667,[C]1CC2=C3C(=CC=CC13)c1ccccc12
6.7858339457826995,64.8,C1=CC2(C=CC1)CC=CC2
9.024460064739404,160.57142857142858,C1=CC2C3C1C1C4CC5CC4C(C53)C21
8.603366008519716,119.2,C[C@H]1[C@H](C)[C@H]2C=C[C@@H]1CC2
8.117517493017752,60.0,C1=CC2C=CC(C2)c2ccccc21
8.006764765333893,100.0,C[C@@H]1CCC=C[C@@H]1C
7.417470796248367,78.0,C#C[C@@H]1CC[C@@H]1C#C
7.951887090967145,98.18181818181819,CC1=C[C@@H]2C=C[C@H]3C=C[C@H]1[C@@H]32
7.332724964576783,25.0,C1=Cc2cc3c(cc2=C1)C=c1ccccc1=3
8.535935994025918,113.4,C=C1[C@H]2CC[C@@H]1[C@@H]1C=C[C@@H]12
8.649446660911499,128.0,C1=C[C@@H]2[C@H]3CC[C@H](C3)[C@@H]2C1
8.006764765333893,100.0,C[C@@H]1C=CCC[C@@H]1C
7.959790226767012,62.22222222222222,C#CC1=C(C)CCCC1
6.726417793452412,20.285714285714285,c1cc2cc3c4cccc-4cc=3c-2c1
7.579068520538639,72.0,CC1=CCC(C)C#CCC1
7.98658696430597,47.25,C1=CC2C=CC1c1cc3ccccc3cc12
8.331301320974191,94.66666666666667,C/C=C1\C[C@H]2C=C[C@@H]1C2
7.632200348527665,30.5,Cc1ccc(C2=CCc3ccccc32)cc1
8.649446660911499,128.0,C1=C[C@H]2[C@@H]3CC[C@@H](C3)[C@H]2C1
7.596920573427296,90.4,C1CCC2=C(C1)CCCC2
7.837405408468808,60.0,CC1=CCC2=C(C=C1)CC2
8.15035995644653,69.4,C=C1C2C=CC=CC1C=C2
7.918192220442855,39.714285714285715,Cc1ccc2c(c1)C=CC(C)(C)C=C2
8.603366008519716,119.2,C[C@@H]1[C@@H](C)[C@H]2C=C[C@@H]1CC2
1.0,168.0,CCC12C3C4C5C3C1C5C42
7.713193236581165,44.44444444444444,c1ccc2c(c#1)CCC2
8.50521457607668,108.0,CC1(C)CC2CCC1(C)C2
8.093668548501814,128.72727272727272,CC1(C)C2CC3CC1CC3C2
7.364665033485321,70.0,CC1C#CCC=CC1
7.669928258049272,29.23076923076923,CCc1ccc2c(C)cccc2c1
4.472732657421374,55.0,CC1=Cc2cccc3c2C1CC3
8.283413333310213,99.55555555555556,C1=C2CCC(CCC1)C2
7.532202941628099,97.33333333333333,C1=C2C3=CCCC[C@@H]3[C@@H]2CCC1
7.587507494077141,29.05263157894737,Cc1ccc(C)c2c1CC=C2C#Cc1ccccc1
6.7515764615450795,41.6,Cc1ccc(C#Cc2ccc(C)c3c2CC(C)C3)cc1
8.301176579117765,101.0909090909091,CC1C=C2C(=C1)C1CCC2C1
8.560066335621869,107.11111111111111,C[C@@]12CCC[C@H]1[C@@H]1CCC3=C(CCC=C3)[C@H]1CC2
7.044762915267061,18.545454545454547,CC#CC#Cc1ccccc1
7.988124643809443,39.6,CC(C)c1ccc2c(c1)Cc1ccc(C(C)C)cc1C2
8.601104967873232,135.11111111111111,C[C@@H]1[C@@H]2CC[C@@H](C2)[C@@H]1C
8.559767262459506,115.2,C1=C[C@@H]2[C@H](C1)[C@H]1C=C[C@@H]2C1
7.880408484773522,74.18181818181819,CC1(C)C2=C(CCC2)C1(C)C
7.656471271642463,26.94736842105263,C1=c2cc3cccccc-3c2=Cc2ccccc2C1
8.631182020983124,124.44444444444444,C[C@H]1C[C@H]2CC[C@]1(C)C2
6.1193207972237165,65.11111111111111,CC1(C)CCC(C)(C)c2cc3c(cc21)CCCC3
7.113464886357516,65.14285714285714,CC1C=CC#CC1
6.068567756779023,54.4,CC1=C(C(C)(C)C)CC=C1
5.847953751235373,47.23076923076923,CC1=CC(C(C)(C)C)=CC1=C(C)C
6.535829902698574,83.2,C1=CC2C=CC1C1=C2CC1
8.169989688978578,110.93333333333334,C1=CC(C23CC4CC(CC(C4)C2)C3)C=C1
7.663311496863692,36.53333333333333,CC1=Cc2ccc3ccccc3c2CC1
7.186375210949881,64.8,C1=CC2(C=C1)CC=CCC2
8.038299898515431,75.27272727272727,c1ccc2c(c1)C1CCC2C1
7.954873816821803,29.166666666666668,CC(C)(C)C#Cc1[c]cccc1
7.661858301458805,33.88235294117647,CCc1ccc2c(c1)Cc1cc(CC)ccc1-2
6.734111066786285,56.30769230769231,Cc1ccc2c(c1)C1C=CC2C=C1
5.673104418581407,52.61538461538461,C1=CC2Cc3ccccc3C2=CC1
5.251187636153764,45.42857142857143,CC1(C)C=Cc2ccccc2C1(C)C
7.986078883704529,31.529411764705884,Cc1ccc(-c2ccc(C(C)C)cc2C)cc1
7.3531921600472785,30.75,[2H]c1cc2cc3ccccc3cc2c2c1CC2
8.32564945697343,74.18181818181819,C1=CC2C=CCC(C=C1)C=C2
7.7367571336944305,43.666666666666664,CC1=CCc2ccc(C)cc2C1
7.4544694318819,27.36842105263158,C(#Cc1ccc(C2C=CC=C2)cc1)c1ccccc1
7.138320715537628,74.4,C1=CCC2CC=CCC2=C1
6.185904129544399,45.333333333333336,CC#CC(C)(C)C(C)C
7.8116088070205265,100.0,C[C@@H]1CC=CC[C@@H]1C
7.434157725951202,35.142857142857146,C1=c2cc3ccccc3cc2=CCC1
7.973767241902477,40.0,CC1C=Cc2cc3c(cc21)Cc1ccccc1-3
7.6133690731556705,38.5,C(#CC1C=CC=C1)/C=C\C#CC1C=CC=C1
5.895203646935304,59.0,C1=C2Cc3ccccc3C2CC1
8.555274811895773,100.36363636363636,CC1(C)[C@H]2CCC=C[C@@H]1CC2
8.364174470249749,144.0,CC12CC3C4CC5(C)CC3C(C1)C(C5)C4C2
8.552161230537957,102.15384615384616,C1=C[C@H]2C[C@@H]1C1=C2[C@@H]2C=C[C@H]1CC2
7.933207405315845,129.77777777777777,CC1C[C@@H]2CCC[C@H]2C1
3.815049424072832,36.21052631578947,CCc1cc2c(cc1C)-c1cc(C)ccc1C2(C)C
7.800657549756244,45.6,Cc1ccc(C#CC2=CCCCC2)cc1
7.3279215014275465,44.0,C(#CC1=CC=CC1)C1=CC=CC1
8.795347227883951,118.0,CC1=CC[C@@]2(C)[C@@H](CC[C@H]3[C@@H]4CCC[C@@]4(C)CC[C@@H]32)C1
8.59149643559276,120.88888888888889,C[C@@H]1[C@@H](C)[C@H]2C=C[C@@H]1C2
7.596756730682137,45.23076923076923,C1=CCC2=C(C1)Cc1ccccc12
6.428820457591664,51.27272727272727,CC1C=CCc2ccccc21
7.4736527770365,28.0,C(#CC1C=CC=C1)c1cc2cccccc-2c1
7.845053527925199,42.166666666666664,C=C1c2ccccc2CC1(C)C
7.5569700940339715,23.09090909090909,Cc1[c]cc2ccccc2c1
8.759173529429663,121.26315789473684,C[C@]12CCC[C@@H]1[C@@H]1CC[C@H]3CCC=C[C@]3(C)[C@H]1CC2
7.495280894142662,24.2,Cc1ccc2cc3c(C)c4ccccc4cc3cc2c1
7.628014314886416,25.11111111111111,CC(C)(C)C#CC#Cc1cccc2ccccc12
7.455121641545285,25.2,C#Cc1cccc(C)c1C
7.496103345989392,35.05882352941177,c1ccc2cc3c4c(ccc3cc2c1)CCC4
7.311216483313595,30.75,c1ccc2cc3c4c(ccc3cc2c1)CC4
8.5314190660594,103.4,CC1(C)[C@@H]2C[CH][C@@]1(C)CC2
6.5156756962935685,58.76923076923077,CC12CCC=C1c1ccccc1C2
7.933207405315845,129.77777777777777,CC1C[C@H]2CCC[C@@H]2C1
7.810838012470653,119.11111111111111,CC12CCC(CC1)CC2
8.700090895464124,146.4,C1=CC2C3CC2C2CC3C12
5.222707685833701,38.8,C1=C2C=c3ccccc3=C2C=C2c3ccccc3CC12
7.433219817819687,24.363636363636363,[11CH3]c1ccc2ccccc2c1
7.433219817819687,24.363636363636363,[13CH3][13c]1[13cH][13cH][13c]2[13cH][13cH][13cH][13cH][13c]2[13cH]1
7.303240009040499,22.2,C1=c2cc3c(cc2-c2ccccc21)=c1ccccc1=C3
8.01346624349276,60.0,C1=CC2CC(C=C1)c1ccccc12
7.151878667831194,56.72727272727273,C1=CC2(C=C1)C=CCC=CC2
7.46325909564942,84.0,C1=C[C@@H]2CC=CC[C@@H]2C=C1
7.585542453790824,25.25,CCc1cccc2c3ccccc3cc-2c1
8.5314190660594,103.4,CC12[CH]CC(CC1)C2(C)C
3.1005823805516135,31.714285714285715,CC(C)(C)/C=C/C#Cc1ccccc1
7.84931907980842,59.63636363636363,CC1=CC2=C(C)CCC=C2C1
8.371880617287612,73.53846153846153,C[C@H]1C=C[C@@H]2C[C@H]1c1ccccc12
7.66452414116671,92.66666666666667,CC12CC[C](CC1)CC2
6.952784937975627,76.8,CC(C)(C)C1CC[C]CC1
8.699826727893877,128.72727272727272,CC1(C)[C@@H]2C[C@H]3CCC3[C@H]1C2
8.920559747935123,106.0,C=C1[C@@H]2CC3C[C@H]1CC(C(C)(C)C)(C3)C2
7.1455726918414495,20.666666666666668,c1ccc2cc3cc4cccc4ccc3c2cc1
6.02704356082006,47.09090909090909,CC1C=C[CH]c2ccccc21
8.604640443291144,133.0,C[C@@H]1C[C@H]2CC[C@@H]1C2
7.828791204849573,68.33333333333333,C=C1CCC2=C(C1)CC(=C)CC2
8.410875547367125,102.88888888888889,C=C1CC2(C)CCC1C2
7.5899576798957975,26.94736842105263,C1=Cc2c(cc3cccccc2-3)Cc2ccccc21
7.477381126413171,24.2,[2H]c1cc2cc3cc(C)c(C)cc3cc2c2ccccc12
7.884713634696821,108.0,CC12CCC(CC1)C2(C)C
8.5314190660594,103.4,CC1(C)[C@H]2C[CH][C@]1(C)CC2
6.60937886789893,44.470588235294116,CCc1cc2c(cc1CC)CC(C(C)(C)C)=C2
6.093614853355984,59.0,C1=C2CCCC2c2ccccc21
4.871495259917925,37.625,C=C1C(C(C)(C)C)=Cc2cc(C)cc(C)c21
8.528780734063835,101.33333333333333,C[C@@]12CC=CC=C1[C@@H]1CC[C@H]2C1
7.368592263317755,24.2,Cc1cc2cc3ccc4ccccc4c3cc2cc1C
8.614875662575201,136.0,CC12CC3CC(C1)C(C3)C2
7.806521220354946,21.5,Cc1c#cc#cc1C
6.291562786443496,50.0,[CH]=C1C=C(C(C)(C)C)C=C1C(C)(C)C
5.29252790878547,61.5,C=C1CCC(=C)C1C
7.5184786400227965,31.857142857142858,[CH]1C=c2cc3ccccc3cc2=CC1
8.426478690220478,100.0,CC1(C)CC2C=CC(C2)C1
7.496490584971719,99.55555555555556,C[C@@H]1C2=C(CCC2)[C@@H]1C
9.084981702667775,121.71428571428571,CC1C2C=CC(C2)C12CC1C=CC2C1
7.646652005789807,59.0,CC1=C(C)C2=C(C1)CC1=C(CC(C)=C1C)C2
8.644843335857981,103.0909090909091,C=C1[C@H](C)C[C@H]2C[C@@H]1C2(C)C
7.110844805328425,28.6,c1ccc2c(c1)Cc1cc3c(cc1-2)-c1ccccc1C3
7.545466926613156,23.09090909090909,Cc1ccc2ccc[c]c2c1
6.4388209724531045,68.44444444444444,CC1(C)C=CCC1(C)C
7.4593676907519955,29.647058823529413,C1=CCc2ccc3c(c2=C1)=Cc1ccccc1-3
8.366856542325138,90.2,C=C1C(C)=CC2CCC1C2
8.38323320662732,81.66666666666667,CC1CC2CC1c1ccccc12
7.9127199786841365,39.714285714285715,CCC1=CC=C(c2ccc(C)cc2)C1
7.49867018774805,51.0,C1=c2cc3c(cc2=CC1)CCC3
8.604640443291144,133.0,C[C@H]1C[C@@H]2CC[C@H]1C2
8.447207301679743,95.2,CC1=C[C@@H]2CC[C@H]1C2(C)C
7.935252718386309,104.88888888888889,CC12C=CC(CC1)CC2
7.872294001821384,110.33333333333333,C=C1C2CC3CC1CC(C2)C3=C
7.8156015487312995,34.8,CC(C)(C)c1ccc2c(c1)=c1ccc(C(C)(C)C)cc1=2
7.2398247905404105,34.0,C#Cc1ccc2c(c1)CC2
8.945708954509982,103.2,CC1(C)/C(=C\C=C2\[C@@H]3CC[C@@H](C3)C2(C)C)[C@@H]2CC[C@H]1C2
7.619306150940709,70.66666666666667,C=CC1=C2CC(CC1)C2
7.566508010325981,103.11111111111111,CCC12CC(CC)(C1)C2
8.751583385359346,121.26315789473684,C[C@]12CCC[C@@H]1[C@@H]1CC[C@H]3CC=CC[C@]3(C)[C@H]1CC2
7.230308831807527,28.42105263157895,C1=CC2=Cc3cc4ccccc4c4ccc(c2c34)C1
5.602747463346635,46.90909090909091,Cc1ccc2c(c1)C=CC2C
7.841465216190121,30.105263157894736,Cc1cc2c(ccc3ccccc32)cc1C(C)(C)C
5.190743643877212,44.6,C=C1C=CC(C(C)(C)C)=C1
6.013799922042808,52.61538461538461,C1=CCC2C(=Cc3ccccc32)C1
7.880995152058553,51.8,C#CC1=C(C)CC(=C)CC1
6.357486288070236,70.3529411764706,C=C1CC2=C(C1)CC1(C2)CC2=C(CC(=C)C2)C1
8.953315303167305,153.06666666666666,C1C[C@@H]2[C@H](C1)[C@H]1C[C@@H]2[C@@H]2[C@@H]3CC[C@@H](C3)[C@H]12
7.640619393309815,39.666666666666664,CC1=C(C)c2ccc(C)cc2C1
7.643213573220788,35.5,C=C1C(C)=CCc2ccccc21
7.882713299365281,45.75,CCc1ccc2cc3c(cc2c1)CCCC3
7.749994833702578,45.27272727272727,C=C1CCc2ccccc2C1
6.970607707319383,18.285714285714285,C#Cc1ccc2c(c1)-c1ccccc1-2
8.313603799035668,163.0,C=C1C2C3C4C1C1C2C3C41
9.142585987134002,162.85714285714286,C1C2CC3C1C1C4CC5CC4C3C51C2
4.093896119653043,56.0,CC1=CC=CCC=CC1
7.669422695073745,27.058823529411764,CCc1ccc2c(ccc3c(C)cccc32)c1
7.615704936800835,26.0,C=c1cc2c(c3ccccc13)=Cc1ccccc1C2
5.45145177938039,31.0,[2H]CC([2H])c1ccc2ccccc2c1
7.504407076602146,32.5,Cc1ccc2c(c1)-c1cc(C)c(C)cc1C2
7.613171362567641,92.8,C1=C[C@H]2C=C[C@@H]3CC=C1[C@H]23
8.159013481473432,146.4,C1=C[C@H]2C3C4[C@H]2CC[C@@H]4[C@H]13
8.733667097116282,144.5,CC1CCCC2C(C)C(C3CC4CCC43)C12
8.32825581705367,93.14285714285714,C1=CC2C=CC1C1=C2[C@H]2C=C[C@@H]1CC2
7.947223736556565,131.2,CC12CC3CC1(C)CC3C2
8.423829824780722,111.0,C1=C[C@@H]2CCC(C1)C2
6.842204361996087,40.8,Cc1ccc2c(c1)C=C1C=Cc3cc(C)ccc3C1C2
7.613171362567641,92.8,C1=C[C@@H]2C=C[C@H]3CC=C1[C@@H]23
7.737507105102224,48.142857142857146,C=C1CCCC2=C1Cc1ccccc12
8.534573376346362,110.22222222222223,CC1=C[C@@H]2C[C@H]1C[C@@H]2C
8.534573376346362,110.22222222222223,CC1=CC2CC1CC2C
7.883642336071292,36.666666666666664,CC(C)C#C/C=C\C#CC(C)C
8.431357545766813,116.36363636363636,CCCC1C(C)C2(C)CCC12
6.161094557838829,34.8421052631579,C=c1cccc2c1=CC=C1c3ccccc3C=C[C@@H]12
8.159013481473432,146.4,C1=C[C@H]2C3CC[C@H]4C1C2C34
7.50949582552788,87.2,CC1=CC=C(C)C2CCC12
7.113227561656596,33.0,c1ccc2c(c1)CC1=C2Cc2ccccc21
7.781440049000065,29.333333333333332,C1#C/C=C\C=C/C#C/C=C\C=C/1
7.496352416253462,64.8,C1=CCC(=C2CC=CC2)C1
7.751668406601857,32.30769230769231,CC#Cc1ccc(C(C)(C)C)cc1
7.688230095306615,94.66666666666667,C/C=C1/CC2C=CCC12
5.613885532115976,47.142857142857146,C1=CC=C2c3ccccc3CC2C=C1
8.390273007270995,101.0,[C]1[C@@H]2CC=C[C@H]1CC2
8.701683061931831,157.33333333333334,CC1(C)C2C3C4CC5C3C1C5C42
7.778717689616384,45.06666666666667,Cc1cccc2c3c(cc-2c1)CCCC3
6.360814740494643,73.75,C=C1CCC(C)(C)C1
8.423829824780722,111.0,C1=CC2CCC(C1)C2
8.423829824780722,111.0,C1=C[C@H]2CC[C@@H](C1)C2
7.2418108124405265,25.25,Cc1cccc2cc3c(C)cccc3cc12
8.398967756400488,100.6,C=C1[C@H]2C=C[C@@H]1[C@@H]1C=C[C@@H]12
8.423829824780722,111.0,C1=C[C@@H]2CC[C@H](C1)C2
6.24099988986597,62.888888888888886,C=C1C=CCC(C)(C)C1
8.617730411350463,92.75,CC12CC3CC(C1)c1ccccc1C(C3)C2
7.469521801371507,28.63157894736842,Cc1ccc2c(c1)-c1cc3ccc(C)cc3cc1C2
7.608482429487094,65.33333333333333,C(#CC1=CCCC1)C1=CCCC1
8.520069351550967,123.33333333333333,C1C[C@H]2C[C@@H]1C1=C2[C@@H]2CC[C@H]1C2
8.520069351550967,123.33333333333333,C1C[C@@H]2CC1C1=C2[C@H]2CC[C@@H]1C2
6.525830178656458,34.10526315789474,CC(C)c1cccc(-c2ccc(C(C)(C)C)cc2)c1
8.300541062876205,96.8,C1=CCC2C=CC(C1)CC2
7.601975111682326,51.0,c1ccc2c(c1)CC1=C2CCC1
7.395001650366687,27.058823529411764,Cc1cc2cc3cccc(C)c3cc2cc1C
7.764443686857087,35.666666666666664,C1#CC(c2ccccc2)=CCC1
6.436053631253032,56.72727272727273,CC1=CC2C(C)=CC=CC2=C1
7.9917128734338885,29.846153846153847,CC(C)C#C/C=C/c1ccccc1
7.904042087446776,48.333333333333336,C1=CC2Cc3ccccc3C2=C1
7.941426397569552,42.93333333333333,Cc1cc2c(cc1C)C(C(C)(C)C)=CC2
6.595896563082647,44.8421052631579,CC1CCc2cc3cc4ccccc4cc3cc2C1
7.298130817735748,31.77777777777778,C1=CCc2cc3cc4ccccc4cc3cc2C1
7.911043167585698,95.9,[CH2]C12CC(C(C)(C)C)(C1)C2
7.573909730279661,21.2,C(c1ccccc1)=c1ccc(=Cc2ccccc2)cc1
8.70744204900497,101.16666666666667,C=C1C2C=CC3CCC2C=CC13
7.757227999807205,98.4,CC12CC(C(C)(C)C)(C1)C2
7.669313088549783,32.5,CCc1ccc2c(c1)Cc1cc(C)ccc1-2
7.937299580805156,100.0,C1=C2CCC(CCC1)CC2
6.983695773812966,54.22222222222222,CC1=CC#CC(C)C=C1
7.672008293856912,30.857142857142858,C1#CCC#CC=C1
7.803948561824583,40.92307692307692,CCC1=Cc2cc(C)c(C)cc2C1
8.365729765390531,128.88888888888889,CC12CCC13CCC3C2
7.444358459982763,29.647058823529413,C1=CCc2cc3c(cc2=C1)-c1ccccc1C=3
7.87978510147724,82.2,C=CC12CC[C](CC1)CC2
8.375088147568222,94.0,C=C1C=CC2CCC1C2
6.370508996109447,20.285714285714285,c1cc2cc3cc4ccc4cc3cc12
7.579812452018927,25.833333333333332,Cc1c[c]c2cccc(C)c2c1
7.449797319469007,41.0,c1ccc2c(c1)Cc1cc3c(cc1-2)CCC3
6.078342312021256,47.294117647058826,CC#Cc1ccc2c(c1)CC1CC(C)=CC=C21
7.955646657031984,54.57142857142857,CC1(C)Cc2ccccc2CC1(C)C
7.710120605099179,44.0,C1=CC23CCC1=C2C=Cc1c3ccc2ccccc12
8.52634952068171,96.0,C1=CC23CCC=C2CC1C3
7.436562504480131,24.2,CCc1ccc2cc3cc4ccccc4cc3cc2c1
6.887948874202376,18.857142857142858,c1ccc([13C]#[13C]c2ccccc2)cc1
7.410743600101737,26.0,[c]1cccc2c1Cc1ccccc1-2
7.8787823315457315,29.2,C=C(C#CC)C#CC(C)C
4.924434548447762,54.22222222222222,CC1=C(C)C(C)(C)C=C1
8.583484886004143,100.15384615384616,C=C1CC2CC1C1=C2CC(C)CC1
6.444055621142216,62.857142857142854,CC1(C)C#CCC1
7.799878287540583,43.666666666666664,Cc1ccc2c(c1C)=CCCC=2
7.298266677024814,26.0,[c]1ccc2c(c1)-c1ccccc1C2
7.325042830519513,70.22222222222223,CC1=CC(C)C(C)=CC1
7.408397041397284,26.0,[c]1cccc2c1-c1ccccc1C2
6.337181365464735,52.857142857142854,C[C@H]1C=CCC2=C1Cc1ccccc12
7.0994418030070445,27.076923076923077,c1ccc2c(c1)[13CH2][13c]1[13cH][13cH][13cH][13cH]c1-2
7.899213624079045,55.166666666666664,C=C1CC=C2C=C(C)CC=C2C1
6.158968729415664,45.333333333333336,CC(C)(C)C#C/C=C/C(C)(C)C
6.337181365464735,52.857142857142854,C[C@@H]1C=CCC2=C1Cc1ccccc12
7.370211220170705,27.076923076923077,[3H]c1ccc2c(c1)-c1ccccc1C2([3H])[3H]
6.987445320199736,23.53846153846154,[CH]1c2ccccc2-c2ccccc21
7.992564745430826,161.2,C=CC12C3C4C5C3C1C5C42
7.705866227762233,37.75,Cc1cc(C)c2cc3c(cc2c1)=CCCC=3
7.894408700267339,85.33333333333333,C1=CCC2(C=CC2)CC1
8.564974225923265,91.16666666666667,C=C1C2CC(CC2(C)C)C1(C)C
7.32921252395167,27.076923076923077,[2H]c1cccc2c1Cc1ccccc1-2
7.196943513885178,27.076923076923077,[2H]C1c2ccccc2-c2ccccc21
7.298266677024814,26.0,[c]1ccc2c(c1)Cc1ccccc1-2
7.504794524428695,33.42857142857143,CC1=Cc2c3c(ccc2=C1C)=CC=C3
5.0479635536194944,41.285714285714285,[C]#CCC(C)(C)C
7.918779970232891,43.666666666666664,CC1(C)C=Cc2ccccc2C1
7.612048729094466,23.5,Cc1ccc(C#CCc2ccccc2)cc1
5.973083501288698,45.333333333333336,C#CC(C)(C)C(C)(C)C
7.303719210915637,64.8,C1=CC2(C=C1)C=CCCC2
8.604715690729984,105.33333333333333,CC1=C[C@@H]2[C@@H](C1)[C@H]1C=C(C)[C@@H]2C1
8.604715690729984,105.33333333333333,CC1=C[C@H]2[C@H](C1)[C@@H]1C=C(C)[C@H]2C1
7.831121117963354,121.25,[CH]1CC2CCC1CC2
7.180011708807582,27.076923076923077,[2H]C1([2H])c2ccccc2-c2ccccc21
7.993582097495937,48.8,C1#Cc2ccccc2CC2=C1CCCC2
7.0994418030070445,27.076923076923077,c1ccc2c(c1)Cc1ccccc1-2
7.613171362567641,92.8,C1=C[C@H]2C=C[C@@H]3CC=C1[C@@H]23
7.180011708807582,27.076923076923077,[3H]C1([3H])c2ccccc2-c2ccccc21
7.3220947099719025,18.285714285714285,c1ccc2cc3ccccc3cc2c#1
7.6397508699313255,89.2,C/C=C1/CCC2(CCC2)C1
7.549741036786774,28.25,C=Cc1ccc2c(c1)Cc1cc(C)ccc1-2
5.267308446534907,3.4,[C]#CC#CC#CC#CC#[C]
6.357863369507135,32.23529411764706,C1#Cc2cccc3cccc(c23)C#CCCC1
7.635893045829944,30.0,Cc1ccc2c3c(ccc2c1)-c1cc(C)c(C)cc1C3
7.115006225046431,127.0,C1CC2CCC1CC2
7.504407076602146,32.5,Cc1ccc2c(c1)Cc1cc(C)c(C)cc1-2
7.441996006201125,29.0,C#Cc1ccc2c(c1)CCc1ccccc1-2
7.02291899303062,80.0,CC1C=CC2=C1CCC2
6.25444222550063,59.2,CC1=C(C)C(C)(C)CC=C1
6.9139297815599505,62.9,[CH2]C1(C(C)(C)C)CC(=C)C1
5.234186932977571,64.88888888888889,CC1=CCCC(C)=CC1
8.180507030810862,85.0909090909091,C1=CC2CC1C=C1CCC=C12
8.422646577586804,102.15384615384616,C1=CCC2=C(C1)C1C3C=CC(C3)C21
7.562339608680892,21.5,C(#Cc1ccccc1)/C=C\c1ccccc1
8.480280200653933,108.66666666666667,CC1(C)[C@H]2CC[CH][C@@H]1C2
7.719805366279775,71.0,C1=CC2=C(C=CC3=C1CCCC3)CCCC2
8.194134694474489,62.666666666666664,C=C1C(=C)C2CCC1C1=C2Cc2ccccc2C1
7.932259106329904,55.714285714285715,C=C1CC#CCC1
5.989927298259141,59.55555555555556,CC1=CC(C)(C)CC=C1
8.655416775317049,126.76923076923077,C1=CC2C3C=CCC4C3CC2C4C1
7.47250681009021,57.333333333333336,C1=CC2C=CC1CC=C2c1ccccc1
7.591831780974775,87.2,CC12C=CC(C)(C=C1)CC2
8.3028527403061,98.0,CC1(C)[C]2CCCC1C2
5.538207466801989,64.0,CC1CC#CC1
8.480280200653933,108.66666666666667,CC1(C)C2[CH]CCC1C2
8.381008981724005,86.88888888888889,C[C@]12CCC[C@@H]1[C@H]1C=Cc3ccccc3[C@@H]1CC2
8.54813708016048,140.8,C1C[C@H]2[C@H]3CCC(C3)[C@@H]2C1
7.156425241907455,74.4,C1=CC2=CCCCC2C=C1
7.333462900233536,85.33333333333333,CC1(C)C2C=CC1C=C2
8.920590233555341,155.6,C=C1C2CC3CC4C5CC6C4C3C2C6C15
7.416983187885197,73.66666666666667,CC12CCCC1c1ccccc12
5.8084491593011265,52.61538461538461,C1=CC2C(=CC1)Cc1ccccc12
7.791275553462185,76.3076923076923,CC(C)(C)C1CC2=C(CCC=C2)C1
6.0811471951235925,66.0,CC1C=CCCC=C1
8.82659894817345,139.33333333333334,C1=C[C@H]2C[C@@H]1[C@@H]1[C@H]3CC[C@H](C3)[C@@H]12
8.381697922009195,86.88888888888889,C[C@@]12C=CC[C@H]1[C@@H]1CCc3ccccc3[C@H]1CC2
8.359692389948531,89.33333333333333,CC1(C)C2C=C3CCC=C3[C@@H]1C2
7.486159234305465,21.181818181818183,[CH2][C]([CH2])C#Cc1ccccc1
6.922075889547061,72.61538461538461,CC1=CCC2=C(CCCC2(C)C)C1
8.944482617854833,126.5,CC1(C)C2CC(C3C4CCC(C4)C32)C1(C)C
6.3135892639543085,54.36363636363637,C=C1CC(C)(C)C=CC=C1C
8.59149643559276,120.88888888888889,C[C@H]1[C@H](C)[C@H]2C=C[C@@H]1C2
7.948200932262749,37.88235294117647,CC1Cc2c1ccc1c2ccc2ccccc21
7.578798570099616,168.0,CC12C3C4C1C1C2C3C41C
8.359692389948531,89.33333333333333,CC1(C)C2C=C3CCC=C3C1C2
7.565926095116387,31.77777777777778,C1=Cc2cc3ccc4ccccc4c3cc2CC1
7.789581937505878,24.941176470588236,c1cc2ccc3c4ccc5c(cc(c1)c2c35)C4
7.138320715537632,74.4,C1=CC2CC=CCC2=CC1
8.494114806555377,100.0,C[C@@]12CC=C[C@H]1[C@@H]1CCC3=C(CCC=C3)[C@H]1CC2
8.281703551086443,76.0,Cc1ccc2c(c1)C1CCC(C2)C1
7.457131696600388,32.4,Cc1cc2c(cc1C)Cc1cc3ccccc3cc1C2
7.7559484525261535,48.0,C#CC1=CC=C(C)CC1
7.339355418345411,30.46153846153846,C(#Cc1ccccc1)C1=CC=CC1
7.689257081200351,30.428571428571427,C1=CC=CC(=Cc2ccccc2)C=C1
7.443393220167145,29.23076923076923,Cc1cc2cccc(C)c2cc1C
7.779456945761297,82.46153846153847,CC1(C)C2=CCCCC2(C)C1(C)C
8.684172629028067,118.54545454545455,C[C@@H]1C=C[C@H]2[C@H]1[C@@H]1C=C[C@H]2C1
8.535935994025918,113.4,C=C1[C@H]2C=C[C@@H]1[C@@H]1CC[C@@H]12
7.715535739463661,43.666666666666664,Cc1cc2c(cc1C)CCC=C2
8.995447715297182,109.2,C=C1C[C@@]23CC[C@@H]1C(C)(C)[C@@H]2CC[C@H]3C
6.96336638152534,54.666666666666664,CC(C)C1=CCC(C(C)(C)C)=C1
8.648043442682006,112.0,C[C@H]1C[C@H]2CC[C@]1(C)C2(C)C
7.5801604758276815,61.42857142857143,Cc1ccc2c(c1)C(C)(C)C(C)CC2
8.475078979268009,98.2,C=C1CCC2CC1C2(C)C
7.981014178568239,59.55555555555556,CC1=CCCC(C)=C1C
6.863469478229803,17.666666666666668,c1cc2c(cc#1)-c1ccccc1-2
6.545256819252125,42.31578947368421,Cc1c2ccccc2cc2c3c(ccc12)C(C)CC3
6.993711144438402,16.5625,[C]#Cc1ccc(C#Cc2ccccc2)cc1
6.128151500629075,53.0,c1ccc2c(c1)C[C@@H]1c3ccccc3C[C@H]21
6.574375555908262,42.11764705882353,CC1=C(C)C(C)C(C#Cc2ccccc2)=C1C
4.531509231303044,43.714285714285715,CC1C=CC=C2C1=Cc1ccccc12
8.586965728193059,130.66666666666666,C1=C[C@@H]2C[C@@H]3C[C@H]1C[C@@H]32
6.161993483910779,49.63636363636363,C=C1Cc2ccccc2C1C
6.376791460963986,59.2,CC(C)(C)C1C=CCC=C1
7.464417757434547,23.5,Cc1ccc(C#Cc2ccccc2)c(C)c1
8.300374177643487,150.0,C1C2CC3CC1C3C2
8.00381328670911,125.81818181818181,C1=CC2CC3CC1CC(C2)C3
8.586965728193059,130.66666666666666,C1=CC2CC3CC1CC23
7.547235851561258,40.30769230769231,C(#Cc1ccccc1)C1=CCCC1
7.640619393309815,39.666666666666664,CC1=C(C)c2cc(C)ccc2C1
8.660762545400546,115.1,[CH2][C@H]1CC[C@H]2C[C@@H]1C2(C)C
8.481592015226617,144.88888888888889,C1C[C@@H]2C[C@H]1[C@H]1CC[C@@H]21
8.63844220534958,117.6,C[C@H]1CC[C@H]2CC1C2(C)C
7.792159998678474,57.666666666666664,C=C1CC2=C(CC=CC2)CC1=C
7.845445880913095,50.0,C1=CC=C2CCC=CC=C2C=C1
8.369758864274381,86.88888888888889,C[C@@]12CC=C[C@H]1[C@@H]1CCc3ccccc3[C@H]1CC2
8.756103476320927,111.38461538461539,CC1C2CC3C(=CC(C)(C)C2)CC31
8.54533057033224,113.33333333333333,C1=CC[C@H]2[C@H](C1)[C@@H]1C=C[C@H]2CC1
7.478311813099721,33.57142857142857,C[C]1C=CC=C2C1=Cc1ccccc12
8.63844220534958,117.6,C[C@H]1CC[C@H]2C[C@@H]1C2(C)C
4.503740105190762,33.333333333333336,C=c1ccc(C(C)(C)C)cc1=C
7.43472707937081,74.44444444444444,CC=C1C2C=CC1C=C2
5.6709636649244,35.38461538461539,C1=CC2=Cc3ccccc3C=C1C2
7.8116088070205265,100.0,C[C@@H]1C=C[C@H](C)CC1
7.819418672155969,27.666666666666668,C=Cc1ccc(C(=C)C)c(C)c1
8.63844220534958,117.6,C[C@@H]1CC[C@@H]2C[C@H]1C2(C)C
7.745159623239652,42.666666666666664,CC1(C)Cc2cc3c(cc2C1)-c1ccccc1C3
3.0672593775271855,104.0,[3H]C1CCCC1
7.940839003615623,64.0,C1#CCCC=CCC1
9.16271352540343,145.0,C1=CC23C4CC5C6C7CC(C64)C2C7C53C=C1
8.734913628450617,177.6,C1C2C3CC4C2C2C1C3C42
6.403594629942319,68.0,C1=CC2=CCC3=C2C(C1)CC=C3
7.316476890109575,68.36363636363636,CC1(C)C=CC2=CC=CC2C1
7.680884654002156,130.28571428571428,[2H]C1([2H])C2CCC1CC2
7.500579246753148,39.333333333333336,CC(C)(C)C#CC#CC(C)(C)C
7.865401636217441,68.36363636363636,C1=CC2=C(C=CC1)CCCC2
8.389645741246376,99.55555555555556,CC1=CC2CCC1(C)C2
6.195563730815131,50.0,CC(C)(C)C(C)(C)C#CC(C)(C)C(C)(C)C
8.470251832360935,110.11764705882354,C1=CC2=C(CC1)[C@H]1CC[C@@H]3CCC[C@H]3[C@@H]1CC2
7.4397440639324435,80.0,C1=C2CCCC(=CC1)CCC2
6.98924555708436,35.0,Cc1cc2c3c(c1)Cc1cc(C)cc(c1-3)C2
6.322052298521923,49.142857142857146,C/[C]=C/C(C)(C)C
7.917989975402984,56.72727272727273,C1=CCCC2=C(C=C1)CC=C2
8.864139397417485,136.0,C1=C[C@H]2C[C@@H]1[C@H]1C[C@H]3[C@@H]([C@H]12)[C@@H]1C=C[C@H]3C1
6.369858189123345,47.142857142857146,C1=CC2=c3ccccc3=CCC2C=C1
7.309930806017648,33.88235294117647,Cc1cc2c(cc1C)-c1cc(C)c(C)cc1C2
5.898777439144384,51.2,CC1=CC=CC(C)(C)C=C1
5.825803205642266,64.0,CC(C)(C)C1=CCC1
8.209196488923846,102.66666666666667,CC(C)(C)C12CC(C34CC(C(C)(C)C)(C3)C4)(C1)C2
7.040434656761145,17.666666666666668,c1ccc2c(c#1)-c1ccccc1-2
8.34819462412043,94.0,C=C1C[C@@H]2C=C[C@H]1CC2
8.122153983530985,93.6,CC1(C)C2(C)C(C)(C)C3(C)C(C)(C)C2(C)C(C)(C)C13C
6.119301904294619,70.25,CC1(C)C[CH]C=CC1
8.34819462412043,94.0,C=C1CC2C=CC1CC2
7.732236000441457,35.529411764705884,Cc1cc2cc(C)c(C(C)(C)C)cc2cc1C
8.162466154964115,96.0,C1=CC2CC1C1=C2CCC1
6.882750514172146,48.25,CC1=CC=c2c(ccc3c2=CC=CC3)C1C
7.645033641232912,90.66666666666667,CC1=CC2CC=CC2C1
5.974391544655985,54.2,C[C@H]1[CH]Cc2ccccc21
7.820827438343338,28.666666666666668,CCc1ccc2cc3c(CC)cccc3cc2c1
7.625892983834286,66.28571428571429,C1=CCC2=C(C1)CCC1=C2CC=CC1
7.72969625729261,84.0,C1=C[C@H]2C=CCC[C@@H]2C=C1
5.989927298259141,59.55555555555556,CC1=CCC(C)(C)C=C1
7.588218315483955,38.18181818181818,CC1=Cc2c(C)cccc2C1
8.392821709955227,121.84615384615384,C1CC2CCC1C1=C2[C@H]2CC[C@@H]1C2
7.586082699245451,28.8,C1=c2ccccc2=Cc2ccccc2C1
6.215657388137014,72.0,CC1(C)C=CCC1
7.796448998212398,50.0,C=C(C)C#CC1=CCCC1
3.054086113963767,49.333333333333336,CC(=[13C](C)C)C(C)(C)C
7.699089727066942,37.0,CC1=CC=C(c2ccccc2)C1
7.690544224248174,96.28571428571429,C1CC2CC[C]1C2
5.390808547613461,60.90909090909091,C=C1C#CC2=C(CCC2)CC1
8.73494746863135,99.25,C1=C[C@H]2C[C@@H]1[C@@H]1[C@H]2[C@H]2C[C@@H]1c1ccccc12
6.760011793084867,24.75,Cc1cc2c3ccc3c(C)cc2c2ccc12
6.943534300813591,50.2,C=C1CC2=CC=CC=C1C2
3.054086113963767,49.333333333333336,CC(C)=C(C)C(C)(C)C
7.575954803132666,38.0,C=C1Cc2ccccc2CC1=C
8.071565137369339,46.22222222222222,CCc1ccc2c(c1)C1C=CC2c2ccccc21
7.7153260077916475,28.0,CC(C)C#Cc1ccccc1
7.211472682590433,25.25,Cc1ccc2c(ccc3cc(C)ccc32)c1
7.75125306669185,46.8235294117647,c1ccc2c3c(ccc2c1)C1=C(CCCC1)C3
7.525811038595456,123.71428571428571,[CH]1C2CCC1CC2
7.9684764626202185,52.0,CC1=C(c2ccccc2)CCCC1
6.618108939855384,74.66666666666667,CC1=CC2=C1CC(C)C2
8.442426644609604,118.85714285714286,[C]1CC2CCC1C2
7.415500993147967,130.28571428571428,C1CC2CCC1C2
7.72033118935459,26.727272727272727,CC(C)C#Cc1c[c]ccc1
3.481235966076879,43.714285714285715,Cc1ccc2c(c1)C1C=CC=CC1=C2
7.830000357659267,130.28571428571428,[2H]C12CCC(CC1)C2
7.717733068076894,117.14285714285714,[CH]1CC2C[CH]C1C2
8.260558565489148,102.85714285714286,C1#CC2CCC1C2
8.367291491673244,85.4,CC(C)=C1CC2C=C[C@@H]1C2
7.231860267537004,85.33333333333333,C1=CCC2CCC=C2C1
7.83711142528049,71.2,C[C@]12CC=CC[C@@H]1CCc1ccccc12
7.021526570745307,53.45454545454545,Cc1cc2c3c(c1CC3)CC2
5.760300232318256,49.4,CC=C1C=CC(C)(C)C=C1
7.582674784163242,80.88888888888889,C#CC1CCC(C#C)C1
7.862234493221333,58.0,C1=CCC2=C(C1)CC/C2=C1/CCc2ccccc21
7.556585454319147,41.89473684210526,c1cc2c3c(c4ccc5c(c4cc3c1)CCC5)CC2
7.302070343320981,87.0,C1=CC2(C1)CCCC2
7.453214136227454,27.11111111111111,Cc1ccc(C#Cc2cc(C)c(C)c(C)c2)cc1
7.788427013662126,47.45454545454545,CC(C)(C)C#C[C]1[CH][CH][CH][CH]1
7.272083204465168,64.0,CC1=CC(C)CC#C1
7.504016958759764,29.77777777777778,c1ccc(-c2ccc3cccc4c3c2CC4)cc1
8.616874144838308,112.66666666666667,C1=C[C@H]2C[C@@H]1C1=C2[C@@H]2CC[C@H]1C2
8.6860159370837,104.0,CC1=CC2CC1C1(CCC1)C2
7.617177338609924,28.63157894736842,Cc1ccc(C#Cc2cc(C)c(C)c(C)c2C)cc1
7.076416293851704,60.44444444444444,C1=CC2(C=C1)C=CCC2
6.969758856968195,70.76923076923077,C1=CC2=C3C=CCCC3C=C2CC1
8.410990809606313,123.71428571428571,[CH]1C[C@H]2CC[C@@H]1C2
4.093896119653043,56.0,CC1=CC=CC=CCC1
8.62609853421711,136.77777777777777,[CH2]C12CC3CC1CC3C2
8.146069463251093,85.33333333333333,C1=CCC2CCC(=C1)C2
8.436239036111566,102.0,C1=C[C@H]2C[C@@H]1C1=C2[C@@H]2C=C[C@H]1C2
6.248654966532416,23.0,c1cc2cc3ccc4cc1C2=C43
7.923107101656788,48.75,CC(C)(C)c1ccc(C(C)(C)C)c2c1CC2
8.635791571761555,131.2,CC12CC3CC(C1)C2(C)C3
6.761549152023312,58.666666666666664,C#CC1CC=CC=C1C
5.929094095703522,59.55555555555556,CC1=CC=CC(C)(C)C1
8.626506288936126,102.73684210526316,C[C@@]12CCC[C@H]1[C@@H]1C=CC3=CC=CC[C@]3(C)[C@H]1CC2
7.431737181771353,29.142857142857142,[3H]C1([3H])c2ccccc2-c2cc(C)ccc21
6.925137328589166,48.22222222222222,C1=C2C=c3cc4ccccc4cc3=CC2CCC1
8.367291491673244,85.4,CC(C)=C1CC2C=CC1C2
7.804411293359456,62.4,CC1=CC2=C(CC1)C1=C(C=C(C)CC1)C2
8.5699404685472,97.63636363636364,C=C1C2CC3C(=C)C2C(=C)C13
7.323759062263415,30.933333333333334,Cc1ccc2c(c1)Cc1cc(C)ccc1-2
7.955181759771431,38.46153846153846,Cc1ccc2c(c1)C(C)(C)C=C[C]2
7.318153014103111,24.2,Cc1ccc2cc3c(ccc4cc(C)ccc43)cc2c1
7.233059713207897,50.0,C1=CC=C2C=CCC=CC(=C1)C2
7.851721725322617,30.105263157894736,Cc1cccc2c1ccc1cc(C(C)(C)C)ccc12
7.561152767068914,182.85714285714286,C1C2C3C4C1C1C2C2C5CC(C4C53)C12
8.601104967873232,135.11111111111111,C[C@@H]1[C@H]2CC[C@H](C2)[C@@H]1C
8.3631505506695,140.8,CC1CC2(C)CC3CC1C32
7.86741264746776,56.72727272727273,C1=CC=C2CCCC=C2C=C1
6.361129737939175,70.25,CC1(C)[CH]C=CCC1
7.705468252371764,23.333333333333332,CC(C)=C(C#Cc1ccccc1)c1ccccc1
8.529606474427347,117.0,C[C@@H]1C[C@@H]2C=C[C@H]1C2
7.55603126552848,51.0,C1=Cc2cc3c(cc2C1)CCC3
5.005592329137012,68.36363636363636,C1=CCC2=C(C=C1)CCCC2
7.765232854721562,68.3076923076923,C(#CC1=CCCCC1)C1=CCCC1
7.743393380243057,34.4,C1=CCC(c2ccc(C3=Cc4ccccc4C3)cc2)=C1
7.8424917110516965,97.25,C1CCC2C[C](C1)C2
7.972305860890453,36.75,CC(C)(C)C#Cc1ccc(C(C)(C)C)cc1
8.82659894817345,139.33333333333334,C1=C[C@H]2C[C@@H]1[C@H]1[C@H]3CC[C@H](C3)[C@H]12
7.531171035454542,32.5,Cc1cc2c(cc1C)-c1cccc(C)c1C2
7.777201311435372,38.18181818181818,CC1(C)C=Cc2ccccc21
6.4190346890081855,76.0,CC1(C)CC=CCC1
7.456362079460104,30.933333333333334,Cc1cc2c(cc1C)-c1ccccc1C2
7.707568967041323,94.54545454545455,CC(C)C12CC(C(C)C)(C1)C2
6.925114174043797,69.33333333333333,CC1(C)C=CC(C)(C)C(C)(C)C1
7.7742341556032315,40.0,C1#CC=CCC=C1
5.846922146706938,51.63636363636363,CC1=CC=C(C)C(C)(C)C=C1
6.417788941811078,37.64705882352941,Cc1cc2c(cc1C)C(c1ccccc1)C=C2
8.211200941039136,96.72727272727273,C1=CC2CC1C1=C2CCCC1
7.943651684748277,37.411764705882355,C1=CC2=Cc3c(ccc4ccccc34)C2C=C1
7.831772702295689,82.93333333333334,Cc1ccc(C2C3CCC2CC3)c(C)c1
7.103313063814626,23.384615384615383,Cc1cccc2c1-c1ccccc1-2
7.311993376003888,78.0,C1=CC2=C[C@@H]3[C@H]4C=C5C=CC=C5[C@H]4[C@@H]3C2=C1
4.520538258305603,59.63636363636363,CC1(C)C=CC2=C(C=CC2)C1
7.540549952173908,26.8,[CH]Cc1ccc(C[CH])cc1
8.10240446259999,85.0909090909091,C1=CC2CCC1C1=CCC=C12
7.4269149539024415,28.666666666666668,Cc1ccc2cc3c(C)ccc(C)c3cc2c1C
7.579588854302251,69.33333333333333,CC1=C(C)C(C)C2=C1CC1=C(C2)C(C)=C(C)C1C
7.700192404496619,30.555555555555557,[CH2]c1cc(C)ccc1C
8.385270015099518,108.75,C=C1C[C@@H]2CC[C@H]1C2
8.08219349153268,62.46153846153846,CC1(C)C2C=CC1c1ccccc12
3.6574383645732986,42.0,Cc1cc(C(C)(C)C)cc2c1=CCC=2
8.475892565000981,96.3,[CH2][C]1[CH]C[C@H]2C[C@@H]1C2(C)C
7.725636495603994,69.33333333333333,CC1=C(C)C(C)C2=C1CC1=C(C)C(C)C(C)=C1C2
8.08219349153268,62.46153846153846,CC1(C)[C@@H]2C=C[C@H]1c1ccccc12
5.684241316156433,44.53333333333333,Cc1ccc2c(c1C)C=C1C=CC=CC12
7.484960633469271,35.38461538461539,C1=CCC2=c3ccccc3=CC2=C1
7.919271880357543,47.666666666666664,Cc1ccc(C2CC=CC2)cc1
8.688971850211502,114.18181818181819,C1=CC2C3CC=CC2C(C1)C3
6.630667370875178,78.76923076923077,CC(C)(C)C1CC2=C(CCCC2)C1
4.322326525542911,39.714285714285715,Cc1ccc2c(c1)=CC=CC(C)(C)C=2
6.2911394283976545,56.72727272727273,CC1=CC=C(C)C2C=CC=C12
7.508953511874191,31.77777777777778,C1=Cc2cc3cc4ccccc4cc3cc2CC1
7.869188728094065,33.05263157894737,CC(C)(C)c1ccc(C#CC#CC2C=CC=C2)cc1
7.700192404496619,30.555555555555557,[CH2]c1ccc(C)cc1C
5.705194950997255,48.0,C#CC1=CCC(C#C)C=C1
8.600985663205119,104.8,C[C@@H]1C=C[C@H]2C[C@@H]1C2(C)C
8.401389363545585,87.2,CC1(C)C2C=CCC1C=C2
7.883527882240167,46.8235294117647,Cc1cc(C)c(C#CC2=CCCCC2)c(C)c1
5.751174314297072,59.07692307692308,CC(C)(C)C1=CC2=CCCC=C2C1
6.9799105448538175,47.36842105263158,CC(C)c1ccc2c3c(ccc2c1)C(C)(C)CCC3
7.606611240713572,123.2,[2H]C1CCCC1([2H])[2H]
6.463149569866615,103.0,C1CCC2(C1)CCC2
7.902287522996433,55.25,C1=CC2CCC1c1cc3ccccc3cc12
7.931043987096346,42.15384615384615,Cc1ccc(C2C=CCC=C2)cc1
7.969564117301432,146.4,C1=CC2C3CCC4C1C2C43
7.431046041301753,38.888888888888886,c1ccc2cc3cc4c(cc3cc2c1)CCCC4
7.014784109934387,20.857142857142858,c1cccc2c3ccccc3c=2cc1
4.889006913805634,31.0,C#CC(C#C)C(C)C
8.63844220534958,117.6,C[C@@H]1CC[C@H]2C[C@@H]1C2(C)C
7.231860267537004,85.33333333333333,C1=CC2CCCC=C2C1
8.356840648022049,91.63636363636364,CC12C=CC(C)(CC1)C2(C)C
8.084847654129232,124.18181818181819,C=C1C2CC3CC(C2)CC1C3
7.023244861891865,28.0,c1cc2c3c(cccc3c1)C2
7.8572923972563835,51.5,CC1(C)C=CC2=C(C=C1)C=CC(C)(C)C=C2
7.362229899399372,33.0,C(#CC1C=CC=C1)c1ccc(C#CC2C=CC=C2)cc1
7.585104359458393,80.4,C=C1CC2C=CC1C(=C)C2
6.579275118266248,61.6,C1=CCC2C=CC=CC2=C1
8.729237559464183,85.6,CC(C)/C=C/C=C1\C2CCC(C2)C1(C)C
6.786299929383695,48.25,CC1=CC2=Cc3ccc(C)cc3CC2C=C1
8.63844220534958,117.6,C[C@H]1CC[C@@H]2C[C@H]1C2(C)C
7.214394712949311,21.333333333333332,Cc1ccc(C#Cc2ccccc2)cc1
7.421410197399966,29.23076923076923,Cc1ccc2cc(C)c(C)cc2c1
8.961737594952162,136.0,C1=C[C@H]2[C@@H](C1)[C@@H]1C[C@H]2[C@@H]2[C@H]1[C@@H]1C=C[C@H]2C1
7.58391650509025,45.75,Cc1cc2cc3c(cc2cc1C)CCCC3
7.618202980106613,23.5,Cc1ccccc1C#CCc1ccccc1
7.637730141710978,32.8,C#CC1=CC=CC=CC=C1
8.194932285281118,119.11111111111111,CCC1CC2(C)CCC12
7.599353646494882,33.86666666666667,CC1=C(C)CC(C#Cc2ccccc2)=C1
7.548848333329854,133.6,C1=CC2C3C=CC4C1C2C43
7.919573937174251,50.666666666666664,CC1=CCC(C)=CC=C1
8.481592015226617,144.88888888888889,C1C[C@H]2C[C@@H]1[C@H]1CC[C@@H]21
8.562204677944596,111.6,C=C1[C@H]2C[C@@H]3C(=C)[C@H]2C[C@H]13
7.58603148769913,47.2,CC1=CC=C2C=CC=C2C1
8.410990809606313,123.71428571428571,[CH]1CC2CCC1C2
7.162433676032929,21.666666666666668,CC#Cc1cccc(C#CC)c1
7.511290935568338,61.833333333333336,C=C1CC2(C=CC(C)(C)C=C2)C1
2.041343741414229,72.0,CC1(C)CC=CC1
8.394711106454345,105.0,C[C@@]12C=C[C@@H](CC1)C2
5.750846705333263,47.142857142857146,C1=CC=C2Cc3ccccc3C2C=C1
7.634602150430885,85.5,CC1(C)C(C)(C)C2(C)C(C)(C)C1(C)C2(C)C
7.457774200194414,34.35294117647059,CC1=CCc2cc3c(cc21)-c1ccccc1C3
8.59149643559276,120.88888888888889,C[C@@H]1C2C=CC(C2)[C@H]1C
8.394711106454345,105.0,CC12C=CC(CC1)C2
4.2400463378778825,42.0,Cc1ccc2c(c1)CC(C(C)(C)C)=C2
7.595290524406482,28.666666666666668,Cc1ccc2cc3c(C)c(C)c(C)cc3cc2c1
6.194107884878353,65.77777777777777,CC1=CC=C2C=CCC12
7.880347707075923,97.0,C#C[C@@H]1CCC[C@@H]1C
8.394711106454345,105.0,C[C@]12C=C[C@H](CC1)C2
7.934287331662638,60.0,CC1=C(C)C=CC2=C(C=C1)CCCC2
6.410189878244928,59.0,C1=c2ccccc2=C2CCC2C1
3.7484702807324375,59.55555555555556,CC1=CC(C)=C(C)CC1
5.57875276596122,54.46153846153846,Cc1ccc2c(c1)CCCC2(C)C
8.410990809606313,123.71428571428571,[CH]1C[C@@H]2CC[C@H]1C2
7.415500993147967,130.28571428571428,C1CC2CCC1[13CH2]2
6.0683491973016475,20.0,c1cc2cc3ccc4cc1c4c23
7.2169338392053834,41.53846153846154,C=C1C=C2C=CC=CC(=CC1=C)C2
6.336004853123133,50.0,CC(C)(C)C=C1C=CCC=C1
7.435329949237591,25.2,C#Cc1ccc(C)c(C)c1
7.683234138069256,46.0,CC1=CCCC2=C1Cc1ccccc12
7.182094356206523,48.30769230769231,CC(C)(C)C1C=Cc2ccccc21
7.585931781472751,21.41176470588235,C=CCc1ccc(C#Cc2ccccc2)cc1
6.8446802894088155,20.857142857142858,c1ccc2cc3ccccc3cc2c1
7.996456028106024,59.63636363636363,CC1(C)C=CC2=C(CC=C2)C1
8.231222477232267,112.8,CCC1(C)CC2CCC21C
7.550870137346303,38.18181818181818,Cc1ccc2c(c1C)C=CC2
6.650926238886106,43.5,C=c1ccc2c(c1)C=CC(C)C=2
8.10646444339393,127.0,CC1CC2(C)CCC12
8.705966861157274,112.0,C1=C2C(=CC1)[C@@H]1CC3CCC1[C@@H]2C3
7.853452242858058,58.57142857142857,c1ccc2c(c1)CCC1=C2CCCC1
7.051421022205272,87.0,CCC12CC=C1CC2
7.144894346883202,20.857142857142858,[2H]c1cccc2cc3ccccc3cc12
8.537889554433015,107.63636363636364,CC12CCCC(CC1)C2(C)C
7.249323582633049,85.33333333333333,C1=CC2=CCCCC2C1
7.989540865842935,64.0,CC1=C(C)C(C)(C)C1
8.662419576298689,99.27272727272727,C=C1C2C=CC3CC2C(=C)C13
8.392940320388327,154.1818181818182,C1CC2C3CCC4C1C2CC43
7.976807090206587,29.11111111111111,C=C(C)c1ccc(Cc2cc(C)cc(C)c2)cc1
7.353407456776429,23.5,Cc1ccc(C#Cc2cccc(C)c2)cc1
7.523494661810515,27.6,CCc1ccc2c3c(cccc13)-c1cc(C)c(C)cc1-2
7.8696442663303205,30.0,CCc1ccc(-c2ccc(C)cc2C)cc1
6.8446802894088155,20.857142857142858,c1ccc2c[13c]3[13cH][13cH][13cH][13cH][13c]3cc2c1
7.3526798391140105,23.714285714285715,CC#Cc1ccc2cc(C)ccc2c1
8.60377986041346,131.2,CC1(C)[C@@H]2CC3CC2[C@@H]1C3
7.825022895839048,48.0,C1#CCC=CC=CC1
8.703288465654678,113.33333333333333,CC1=C[C@@H]2[C@H]([C@@H]1C)[C@H]1C=C[C@@H]2C1
7.096062831347704,23.384615384615383,Cc1ccc2c(c1)-c1ccccc1-2
7.568646474915345,33.333333333333336,Cc1ccc(C)c(C)c1
7.86741264746776,56.72727272727273,C1=CCCC2=CCC=C2C=C1
8.733231241560839,150.0,C1C[C@@H]2CC1C1C2[C@H]2CC[C@@H]1C2
7.3684390753673785,27.529411764705884,C1=Cc2c(ccc3c2ccc2ccccc23)C1
8.851502929709534,149.8181818181818,CC12C3CC4C(C3)C1CCC42
7.895847463918262,26.857142857142858,[2H]c1c([2H])c([2H])c(C([2H])([2H])[2H])c([2H])c1[2H]
6.925939082634624,54.666666666666664,CC(C)C1=CC(C(C)(C)C)=CC1
7.2200937352220125,25.25,Cc1cc2cc3ccccc3cc2cc1C
6.8446802894088155,20.857142857142858,[13cH]1[13cH][13cH][13c]2[13cH][13c]3[13cH][13cH][13cH][13cH][13c]3[13cH][13c]2[13cH]1
7.5587956496409126,150.0,C1C2CC3CC2CC13
7.688886935802991,45.06666666666667,Cc1ccc2cc3c(cc2c1)CCCC3
5.157034090338364,32.21052631578947,CC(C)c1ccc2cc(C#CC(C)(C)C)ccc2c1
5.774808830248269,35.07692307692308,CC(C)=Cc1ccc(C(C)C)cc1
7.599423480305059,42.166666666666664,C=C1Cc2cc(C)c(C)cc2C1
7.4490662452101954,27.11111111111111,Cc1ccc2c(c1)-c1ccc3ccccc3c1C2
8.385270015099518,108.75,C=C1C[C@H]2CC[C@@H]1C2
7.334427302027921,19.857142857142858,[c]1c2ccccc2cc2ccccc12
7.707035537723038,45.26315789473684,C1=CC2CC1c1cc3cc4ccccc4cc3cc12
8.63844220534958,117.6,C[C@H]1[C@H]2CC[C@H](C2)C1(C)C
7.691359288620001,59.63636363636363,CC/C=C/C1=C2CCC(=C1)C2
7.785822364066952,42.54545454545455,CC1=c2ccccc2=CCC1
8.63844220534958,117.6,C[C@@H]1C2CC[C@H](C2)C1(C)C
7.613171362567641,92.8,C1=C[C@@H]2C=C[C@@H]3CC=C1[C@H]23
5.582018098233564,42.285714285714285,C#CCC(C)(C)C
7.613171362567641,92.8,C1=CC2C=CC3CC=C1C23
6.028214125872559,46.90909090909091,CC1=Cc2ccccc2C1C
6.030227260886633,57.0,[CH]1C=CC=CC2=CC=CC12
7.59370526637275,19.4,[c]1ccc2ccc(-c3ccccc4[c]ccc3-4)ccc1-2
6.028214125872559,46.90909090909091,CC1=Cc2ccccc2[C@@H]1C
7.812437367417679,31.4,CC(C)c1ccc2c(ccc3cc(C(C)C)ccc32)c1
6.275470018037691,66.44444444444444,C=C1CC(C)(C)C1(C)C
8.429224041387997,87.2,CC1(C)C=CC2C=CC1C2
7.613171362567641,92.8,C1=C[C@H]2C=C[C@H]3CC=C1[C@@H]23
7.8953566905200905,64.8,C1=CC2=CCCCC2=CC1
7.94813958444078,42.76923076923077,C1=CC2=Cc3ccccc3C2C=C1
7.373039766585486,39.69230769230769,c1ccc2cc3c(cc2c1)CCC3
8.585483525668588,131.69230769230768,C1CC2(C1)CCC2C1CC2CCC21
7.426157402920331,24.2,Cc1cccc2c1c(C)cc1cc3ccccc3cc12
7.155722163162972,22.75,C1=Cc2c1ccc1cc3ccccc3cc21
8.385270015099518,108.75,C=C1CC2CC[C@H]1C2
6.928191768969873,44.30769230769231,C1=CC=C2C=CC=CC=C(C=C1)C2
7.830479490619925,34.31578947368421,CC1(C)C=CC2=c3ccc4ccccc4c3=CC2=C1
7.487564751963478,20.4,c1cc2ccc3cc2cc1-3
6.695002221602698,75.2,CC1(C)CC(C(C)(C)C)C1
6.86794206590227,54.666666666666664,CC(C)C1=CC=C(C(C)(C)C)C1
7.667680694752013,28.444444444444443,[CH]c1ccc(C)cc1C
7.0902587563466986,76.66666666666667,[CH]1C=CC2C=CC1C=C2
7.541625515022796,38.714285714285715,C[C]1[CH][C]2C=Cc3ccccc3[C]2[CH]1
7.547898916531782,23.333333333333332,C=C(C)c1ccc(C#Cc2ccc(C)cc2)cc1
7.664899680022062,28.444444444444443,[CH]c1ccc(C)c(C)c1
8.403910540973811,99.55555555555556,CC1=CC2(C)CCC1C2
7.331056164874596,28.727272727272727,C#CC1=Cc2ccccc2C1
7.681679853945495,42.54545454545455,CC1=CCCc2ccccc21
7.7223634876991305,40.8,C#CC1=CC=CC=C(C)C1
7.377510091194026,19.857142857142858,[c]1cccc2cc3ccccc3cc12
8.475078979268009,98.2,C=C1CC[C@@H]2C[C@H]1C2(C)C
5.985730841537233,47.142857142857146,C1=CC2=Cc3ccccc3CC2C=C1
8.712600013529572,110.33333333333333,C=C1C(=C)C2CC3CC1CC2C3
7.1088781131298395,31.142857142857142,Cc1cc2cc(C)c(C)cc2cc1C
7.969477104595065,74.66666666666667,C1=CC2=C(C1)CCCC2
7.7010542569299,30.555555555555557,[CH2]c1ccc(C)c(C)c1
8.684172629028067,118.54545454545455,C[C@@H]1C=C[C@@H]2[C@@H]1[C@@H]1C=C[C@H]2C1
5.738745331088728,70.5,C/C=C1/CC=CCC1
7.091197080137031,93.0,CC1CC2=C1CCC2
8.35598891719405,96.8,C1=C[C@@H]2CCC[C@@H](C=C1)C2
7.865848166992002,102.88888888888889,CC=C1C[C@@H]2CC[C@H]2C1
7.243344778729208,20.857142857142858,c1ccc2cc3ccccc3c-2cc1
8.735593628101716,100.8,CC1=CCC[C@@]2(C)[C@H]3CC[C@@]12CC3(C)C
8.735593628101716,100.8,CC1=CCC[C@@]2(C)C3CC[C@@]12CC3(C)C
7.2942575543891754,57.333333333333336,C1=CC2=CC=C3C=CCC23C=C1
7.919324354490145,38.46153846153846,CCc1ccc(C2C=CC=C2)cc1
7.811286918610662,103.11111111111111,CC(C)C12CC(C)(C1)C2
7.443668103083746,25.2,C#Cc1ccc(C)cc1C
7.090658131971674,67.55555555555556,CCC#CC1C=CCC1
7.582805564099085,87.0,C1CCC2=C(C1)CC2
7.520204962022074,30.46153846153846,C(#CC1C=CC=C1)c1ccccc1
6.861601293889186,69.6,CC1=CCCC2=CC=CC12
8.026448731299634,47.22222222222222,CC(C)=C1C2C=CC1c1cc3ccccc3cc12
7.658096415130336,64.8,C1=CCC2=CCCC=C2C1
7.798643573220788,41.0,C1=CCc2ccccc2C=CC1
7.681520428398427,99.55555555555556,C[C@@]12C=C[C@@]1(C)CCC2
7.681520428398427,99.55555555555556,C[C@]12C=C[C@]1(C)CCC2
8.995447715297182,109.2,C=C1C[C@@]23CC[C@@H]1C(C)(C)[C@@H]2CC[C@@H]3C
6.708826251449248,43.857142857142854,[CH2]C=C(CC)CC
7.463557290677788,76.0,CC1=CC(C)C1(C)C
7.201506719870233,30.4,c1ccc2c(c1)CC1=C(C2)c2cccc3cccc1c23
8.35598891719405,96.8,C1=C[C@H]2CCC[C@H](C=C1)C2
8.002757772885554,52.714285714285715,C=C1C2C=CC=CC1c1ccccc12
8.002757772885554,52.714285714285715,C=C1[C@H]2C=CC=C[C@@H]1c1ccccc12
7.748680660346155,99.55555555555556,CC1=C(C)C2CC(C1)C2
7.71591803082552,54.0,C1=CCC2=C(C1)Cc1ccc3c(c1C2)CC=CC3
7.006282934527553,48.0,C1=CC=C2CC(=C1)C=CC1=C2C=CC1
7.4484826751003705,23.5,Cc1cccc(C#Cc2ccccc2)c1C
7.515991541592625,96.72727272727273,C1=C[C@@]23CC=C[C@]2(C1)CCC3
7.51958142119521,48.0,C1=CC(C2=CC(C3C=CC=C3)=C2)C=C1
7.532752250312686,28.63157894736842,Cc1ccc2c(c1)-c1ccc3cc(C)ccc3c1C2
7.642264833681757,39.4,C1=CC2=CC3=C(CC4=c5ccccc5=CC4=C3)C2=CC1
7.118684601859774,36.0,C1=CC2=CC=c3ccccc3=CC(=C1)C2
8.409313200959515,120.85714285714286,c1ccc2c(c1)C1[C@@H]3C4C5[C@@H](C2[C@@H]53)[C@@H]14
7.721340731475849,42.57142857142857,CC1(C)C=C2C(=CC1)c1ccccc12
8.08837445922589,110.22222222222223,C[C@H]1CC[C@@]2(C)C=C[C@H]12
7.890406100078251,60.30769230769231,CC#CC1=C(C#CC)[C@H]2C=C[C@@H]1C2
7.737074512020671,100.36363636363636,CC1=C(C)C[C@H]2CCC[C@@H]2C1
8.548419211839189,107.07692307692308,CCCC1CC2CC(C(C)C)C12C
7.803204262218792,102.4,[2H]C1=CC2C=CC3C=CC1C32
7.297993274540904,23.5,Cc1cc(C)cc(C#Cc2ccccc2)c1
7.890406100078251,60.30769230769231,CC#CC1=C(C#CC)C2C=CC1C2
7.634921732672498,31.142857142857142,CC(C)(C)c1ccc2cccc-2cc1
5.738745331088728,70.5,C/C=C1\CC=CCC1
4.447270245501608,56.0,CC1=CCC=CCC=C1
7.998552245623044,58.285714285714285,C1=C[13C]#[13C]CCC1
7.231860267537004,85.33333333333333,C1=CC2CCCC2=CC1
8.08837445922589,110.22222222222223,C[C@@H]1CC[C@]2(C)C=C[C@@H]12
7.951887090967145,98.18181818181819,CC1=C[C@@H]2C=C[C@@H]3C=C[C@@H]1[C@@H]32
8.875661822717845,97.0,C=C1[C@H]2CCC[C@@]23C=C[C@H](C3)C1(C)C
7.4228207770365,29.647058823529413,C1=C2Cc3ccccc3C=C2c2ccccc21
7.598456633293859,43.666666666666664,Cc1cc2c(cc1C)=CCCC=2
7.713180496297711,37.0,CC1=CCc2ccccc2C=C1
7.473094193116949,21.41176470588235,C=Cc1ccc(C#Cc2ccc(C)cc2)cc1
6.411769662849052,65.33333333333333,C1=CC(=C2C3C=CC2C=C3)C=C1
7.704315664879064,55.2,CC1=C(C)C2=C(C=CC2)C1
7.998552245623044,58.285714285714285,C1#CCCCC=C1
7.868104451813464,34.54545454545455,C/C=C(\C)c1ccc(C)cc1
6.887561069809456,62.0,C#C[C@@H]1C=C[C@@H]1C#C
7.737074512020671,100.36363636363636,CC1=C(C)C[C@@H]2CCC[C@H]2C1
8.317260852907163,79.33333333333333,C1=CC2C=CC1=CCCCCC2
7.151425869554158,22.75,C1=Cc2c3ccccc3cc3cccc1c23
8.522829298112686,96.0,CC1=CCC2CCC1C2(C)C
7.7739518495391335,99.55555555555556,CC1=CCC2(C)CC1C2
7.63129442884428,36.54545454545455,CC(C)=C1Cc2ccccc21
8.15663663399491,81.77777777777777,C1=CC2C=CC(C=C1)C2
7.749087324847481,41.86666666666667,C1=CC2=CC=C3c4ccccc4C(=C1)[C@@H]23
7.925083939276279,60.53333333333333,c1ccc2cc3c(cc2c1)C1CCC3C1
8.785839635985168,107.25,c1ccc2c(c1)[C@H]1C[C@@H]2[C@H]2[C@H]3CC[C@H](C3)[C@H]21
7.772649778256938,60.666666666666664,C1=CC=CC2=C(C=C1)CCCC2
7.839492104661367,56.72727272727273,C1=CCC2=C(C=C1)CC=CC2
7.61691378473071,34.0,C1=CC2=c3cc4c(cc3C=C2CC1)=c1ccccc1=C4
8.15663663399491,81.77777777777777,C1=C[C@@H]2C=C[C@H](C=C1)C2
5.325283587987255,66.0,CC1=CCCC=CC1
7.948611867666555,48.333333333333336,C1=CC2C(=Cc3ccccc32)C1
7.661250839443419,39.111111111111114,C#CC1=CC=CC=CC1
7.7504756346020915,50.76923076923077,Cc1cc2c(cc1C)CC(C)(C)C2
8.48566997788906,95.2,CC1(C)C2C=C[C@]1(C)CC2
6.347716544956949,59.2,CC1=C(C)C(C)(C)C=CC1
8.48566997788906,95.2,CC1(C)[C@@H]2C=C[C@@]1(C)CC2
8.48566997788906,95.2,CC12C=CC(CC1)C2(C)C
8.48566997788906,95.2,CC1(C)[C@H]2C=C[C@]1(C)CC2
7.274765842502765,72.0,CC1=CCC=CC1C
7.607247034695791,88.72727272727273,CC(C)(C)C1C2C=CC1C=C2
7.113227561656596,37.5,c1ccc2c(c1)C/C2=C1\Cc2ccccc21
6.675666623673587,50.0,C1=CCC=CC2(C=C1)C=CC=C2
8.32969109061547,88.72727272727273,CC1=CC2CC(C)=CC(C1)C2
7.7563210854295015,49.81818181818182,CC1(C)Cc2ccccc2C1
6.542542382143587,51.27272727272727,CC1C=Cc2ccccc2C1
7.706666340492729,31.428571428571427,C/C=c1/cc2ccccc2c/c1=C/C
7.958401902014982,45.0,C\C=C/C=C\C=C/C
7.327215236970355,26.0,C#Cc1ccc2c(c1)Cc1cc(C)ccc1-2
7.087597731567205,28.6,c1ccc2c(c1)Cc1c-2ccc2c1Cc1ccccc1-2
7.459152429312508,50.0,C1=CC=C2CC=CC=CC(=C1)C2
7.5300835104238155,62.666666666666664,Cc1ccc2c(c1)C[C@@H]1C=CC=C[C@H]1C2
7.921993404501611,60.857142857142854,[CH]1C=CCC=CC1
6.142618890331123,55.6,C=C1C(=C(C)C)CC1(C)C
7.969477104595065,74.66666666666667,C1=CC2=C(CC1)CCC2
7.3363934268308775,37.77777777777778,Cc1cc2c(cc1C)Cc1cc(C)c(C)cc1C2
5.843439284945825,64.0,[C]1=CCCC=CC1
7.2449834143995595,60.0,C1=C2C=C3CC4=CC1C2=C34
7.822923589673453,60.857142857142854,[CH]1C=CCCC=C1
7.826871140592955,67.42857142857143,C1=CCCC=CC1
5.843439284945825,64.0,[C]1=CCC=CCC1
8.353918692622951,112.0,C1=C[C@@H]2C/C(=C3\C[C@@H]4C=C[C@@H]5C=C[C@@H]3[C@@H]54)[C@@H]3C=C[C@H]1[C@H]23
7.4972282358167845,56.0,C1=CC2=C3C1=CC=C3CCC2
7.788694751091875,60.8,C1=CC2=C3C1=CCC3C=C2
8.559767262459506,115.2,C1=C[C@H]2C3C=C[C@@H](C3)[C@@H]2C1
7.610833653759059,24.0,C=c1cc2ccc(C)cc2cc1=C
8.522829298112686,96.0,CC1=CC[C@@H]2CC[C@H]1C2(C)C
8.633931578557132,134.66666666666666,[CH]C12CC3C1CCCC32
7.164075815976407,43.333333333333336,CC(C)c1ccc2c(c1)C=C(C(C)(C)C)CC=C2
7.95320577521483,97.66666666666667,C=C(C)C12CCC(C)(CC1)CC2
6.614694209496045,53.57142857142857,[CH2]CCC(C)(C)C
7.5021555000439,49.333333333333336,C1=CC2=CCC3=C(CC=C3)C2=C1
6.562707458509053,47.733333333333334,CC12C=CC=CC=C1Cc1ccccc12
7.836080810607299,75.5,[CH]1C[C]2CCC=C2C1
6.793105873972082,20.666666666666668,c1ccc2cc3cc4ccccc4cc3cc2c1
5.542765108233295,126.0,CC(C)(C)C12C3C4C1C1C2C3C41C(C)(C)C
7.956063188043435,44.61538461538461,Cc1cccc2c1C=CCC2(C)C
7.655695192220598,53.53846153846154,C1=CCC2=C3C=CCCC3=CC2=C1
7.625612986776632,30.0,Cc1ccc2c(c1)Cc1c-2cc2ccc(C)cc2c1C
7.599789135490194,85.6,CC1=CCCC2(CCC2)C1
8.51904918826707,118.4,C1=C2[C@@H]3CC[C@@H](C3)[C@H]2CC1
7.40300230064126,21.11111111111111,C=Cc1ccc2cc3cc(C=C)ccc3cc2c1
8.774571561624057,130.52631578947367,C[C@H]1CC[C@H]2[C@@H]3CC[C@H]4CCC[C@]4(C)[C@H]3CC[C@]12C
7.382096916944636,28.666666666666668,Cc1ccc2cc3ccc(C)c(C)c3cc2c1C
7.819662021800446,49.88235294117647,C/C1=C/C(C)(C)C#C/C=C2/CCCC=C2C#C1
7.389213922314183,21.75,C=C(C)C#Cc1ccc(C#CC(=C)C)cc1
7.596544326199967,111.0,C1=CCC2CCC2C1
8.00591089444248,107.63636363636364,CC1(C)CC2CCC1(C)CC2
8.559767262459506,115.2,C1=C[C@H]2[C@H](C1)[C@@H]1C=C[C@H]2C1
7.660150743851849,28.444444444444443,[CH]Cc1ccc(C)cc1
7.596544326199967,111.0,C1=CC[C@H]2CC[C@H]2C1
7.3774641332526825,36.5,C1=Cc2ccccc2C2=CC[C]12
7.806170204377389,63.333333333333336,CC1=C(C)CC2=C(CC=CC2)C1
8.376877311852493,122.4,CCC1CC2CC(C)C12C
5.3709963114442445,49.4,C=C1C(C)=CC=CC1(C)C
7.824506860644153,41.714285714285715,CC1=C(C)C=C2C=CC=CC=C2C=C1
7.699230754406194,25.833333333333332,Cc1[c]c2cc(C)ccc2cc1
2.1341577073041416,82.66666666666667,CC1(C)CCCC1(C)C
7.885921948160096,59.2,CC1(C)C=CC=CC1(C)C
7.271019169267098,74.66666666666667,C1=C2CCC=C(CC1)C2
7.516859710934586,26.94736842105263,C1=C(c2ccccc2)Cc2cc3ccccc3cc21
7.2646767421369995,29.666666666666668,C1=CC2=c3ccccc3=CC2=C1
7.566737376442504,177.6,C1C2C3C4CC5C3C1C5C24
7.767935111682325,37.0,CC1=c2ccccc2=CC=CC1
8.394622666907608,68.94117647058823,CC1(C)[C@@H]2CC[C@@]1(C)C1=C2Cc2ccccc21
7.828520543509092,56.888888888888886,CCC#CC1=CCCC1
8.546103038062915,98.72727272727273,C=C1CCC2CCC1C2(C)C
7.672819492053413,43.2,CC1=CC=CC(C)=CC=C1
7.547151400732284,28.63157894736842,Cc1cc(C)c2c(c1)Cc1c-2ccc2ccccc12
7.913487182671712,33.333333333333336,CC(C)=Cc1ccc(C)cc1C
9.004170014377442,109.2,C=C1[C@@H]2CC[C@H](C)[C@]23CC[C@@H](C3)C1(C)C
7.348662188901438,37.333333333333336,c1ccc2c(c1)CCc1ccccc1C2
8.509368292613585,87.25,C1=C[C@H]2C[C@@H]1c1cc3c(cc12)[C@@H]1CC[C@H]3C1
7.776972804256635,38.46153846153846,CC1(C)C=Cc2ccccc2C=C1
7.129984099892328,16.285714285714285,C#Cc1cc2cccccc-2c1C#C
6.218726982809972,71.27272727272727,CC1(C)C=CC2=C1CCCC2
6.850094394676362,20.4,c1ccc2cc3c(cc2c1)-c1cccc2cccc-3c12
7.850940582690432,55.09090909090909,C=C1C=C2CCC=CC2=CC1
7.672416044234782,45.09090909090909,C1=CC=C2C=CCC2=CC=C1
6.813886482591906,69.6,CC1=CCC2CC=CC=C12
7.321122187453851,37.38461538461539,[CH]1[CH][C]2C=c3ccccc3=C[C]2[CH]1
7.456290439279865,65.25,C1=CC2C=C[C]1CC2
7.044227795700328,92.0,C1=CC2C=CC3C=CC1C=CC23
8.625346857178297,105.33333333333333,CC1=CC[C@H]2[C@H]3C=C[C@](C)(C3)[C@@H]12
8.29725177837103,150.22222222222223,CC1CC2CC3CC1C23
7.86325324608519,32.857142857142854,C=c1ccc(=C2C=C[C](C)C=C2)cc1
6.396722376567754,20.22222222222222,c1ccc2c(c1)c1cc3c4ccccc4c3cc21
7.555489641545283,25.2,C#CCc1ccc(C)cc1
7.3321028979952105,70.22222222222223,CC1=C(C)C(C)C=CC1
5.866203386719384,38.2,C=C1\C=C/C=C\C=C/C=C\1
7.413187176913112,82.0,CC1=C(C)[C@@H](C)CC1
5.805437913247637,41.6,c1cc2c3c(c1)-c1cc4ccccc4cc1C3CCC2
8.369340614988797,115.0,CC1(C)C2CCC1C2
7.855911118710031,72.0,C1#CCCCC1
7.978780134624211,64.33333333333333,C1#CCC[CH]C1
7.457702789678363,22.7,C[CH]C#Cc1ccccc1
8.036943542781367,117.0,C[C@H]1C[C@H]2CC=C[C@H]21
7.624837902545767,23.5,C1=c2c(ccc/c2=C\c2ccccc2)-c2ccccc21
7.815978708704115,33.23076923076923,C=Cc1ccc(C2C=CC=C2)cc1
7.413187176913112,82.0,CC1=C(C)[C@H](C)CC1
7.672819492053413,43.2,CC1=CC=C(C)C=CC=C1
7.396788758313157,46.18181818181818,c1ccc2c(c1)CC1=C2CC1
7.735020398554569,32.857142857142854,Cc1ccc(C2=CCC#CC=C2)cc1
3.8013948181927937,42.76923076923077,C1=CC2=c3ccccc3=CC2C=C1
7.99509397969056,60.888888888888886,C=C1CCC(=C)C1(C)C
7.884306872451122,84.36363636363636,CC1=C[C@@]2(C)CC=C[C@]2(C)C1
7.520763377675074,60.0,CC1=CC2=CC=CC(C)(C)C2=CC1C
8.735593628101716,100.8,CC1=CCC[C@@]2(C)C3CC[C@]12CC3(C)C
7.575436885955046,44.44444444444444,c1cc2c(cc#1)CCC2
7.829589369056432,28.444444444444443,[CH]c1ccc(CC)cc1
6.852285303027805,53.09090909090909,C1=CC2=CC3=CC=CC32C=C1
6.0602372555428,44.4,CC1(C)CCC(C)(C)c2cc(-c3ccccc3)ccc21
7.170726320006272,25.714285714285715,Cc1ccc2c(c1)=c1cc(C)ccc1=2
8.735593628101716,100.8,CC1=CCC[C@@]2(C)[C@@H]3CC[C@]12CC3(C)C
7.301846159384558,21.666666666666668,C#CCC#Cc1ccc(C)cc1
8.559059163340976,79.75,C1=C[C@H]2[C@@H](C1)[C@@H]1C[C@H]2C=C1c1ccccc1
8.283699275481375,80.4,C=C1C(=C)C2CC=CC1C2
8.865238276873649,115.07692307692308,CC1=CC2C[C@@H]3C[C@H](C2)CC1(C)C3
7.6366467327173995,68.8,CC1=CC(C)C=CC1(C)C
8.735593628101716,100.8,CC1=CCC[C@]2(C)C3CC[C@@]12CC3(C)C
7.22205940117625,95.0,C1=CC2C=CC1CC2
7.673400534937868,33.88235294117647,Cc1cc(C)c2c(c1)Cc1c-2ccc(C)c1C
7.488925492700315,76.0,CC1=CC(C)(C)C1C
7.7307044107760525,52.0,C1=CC(=C2C=CCC2)C=C1
7.727484900115791,33.88235294117647,CC(C)(C)C1c2ccccc2-c2ccccc21
7.102161823597859,102.4,C1CC2(C1)CC1(CCC1)C2
7.356590115689637,20.8,C=Cc1ccc2cc3cc4ccccc4cc3cc2c1
7.56486348769913,25.2,C#CCc1ccccc1C
7.741820420123821,41.09090909090909,C=C1C[C](c2ccccc2)C1
7.410114748117682,115.0,CC12CCC(C)(C1)C2
7.976824168774627,38.57142857142857,CC1C=Cc2c1ccc1ccccc21
7.089342071223879,24.444444444444443,Cc1cc2c(cc1C)-c1cccc3cccc-2c13
7.924693048369537,63.0,C#CC1=CCCCC1
7.335132013859881,45.68421052631579,CC(C)c1cc2c(c(C(C)C)c1)C=C(C(C)(C)C)C2
7.89014387000727,63.0,C=C1CCC2=C(C=CC2)C1
9.188434608106686,146.8,[2H]C1C([2H])[C@@H]2CC[C@H]1[C@@H]1[C@@H]3C=C[C@@H]([C@@H]4[C@H]3[C@@H]3C=C[C@H]4CC3)[C@@H]12
7.83366981891597,48.0,C1#CC=CCCC=C1
8.715214960410945,111.42857142857143,C1=CC2CCC1C1=C2C2CCCC1C2
7.638206835947239,70.54545454545455,CC1=C(C)C(C)(C(C)(C)C)C1
7.8806466913515285,44.5,C1=CC2C=Cc3ccccc3[C]12
8.513704758806085,76.75,CC1=C(c2ccccc2)[C@@H]2[C@H]1[C@H]1C=C[C@@H]2C1
7.946862829495341,62.125,[C]#CC1=CCCCC1
7.589924905062979,47.4,[CH]1C=CC=C2C=CC=C2C1
7.815932001625514,28.63157894736842,CC(C)(C)Cc1ccc(C#Cc2ccccc2)cc1
8.759173529429663,121.26315789473684,C[C@@]12CCC[C@H]1[C@@H]1CC[C@H]3CCC=C[C@]3(C)[C@H]1CC2
7.533658929261861,68.88888888888889,c1ccc2c(c1)C[C@@H]1[C@H]3Cc4ccccc4[C@H]3[C@H]21
4.447270245501608,56.0,CC1=CCCC=CC=C1
7.932364382827783,64.8,C1=CCC2=C(C=C1)CCC2
7.655617785889354,25.09090909090909,CC#C/C=C\c1ccccc1
8.024272383351692,63.0,CC1=C[C@@H]2C[C@H]1c1ccccc12
8.20948615240394,88.0,C#CC1=CC2CCC1C2
7.961126244598478,62.857142857142854,CC1(C)CC#CC1
8.649446660911499,128.0,C1=C[C@@H]2[C@H]3CC[C@H](C3)[C@H]2C1
7.989055254032095,35.111111111111114,CC(C)(C)Cc1ccc2c(c1)Cc1ccccc1-2
7.195651629958855,23.5,Cc1ccccc1C#Cc1ccccc1C
7.619432299677452,35.27272727272727,C1=CCc2ccccc2C=C1
7.191363947798206,83.33333333333333,C=C1C=C2CCCC2C1
8.473237112684716,111.42857142857143,C1=C[C@H]2CC[C@@H]1C1=C2C2CCC1CC2
7.555619045019298,84.0,C[C@@H]1C=CC=C[C@@H]1C
7.512084814285983,28.63157894736842,Cc1ccc2c(c1)Cc1c-2ccc2cc(C)ccc12
7.970864028914487,38.57142857142857,CC1C=Cc2cc3ccccc3cc21
6.579275118266248,61.6,C1=CC2=CCC=CC2C=C1
6.275336745448371,35.6,Cc1ccc(-c2cccc3c2C=C(C(C)C)C3)c(C)c1
8.820723606122284,142.66666666666666,C[C@@H]1C[C@@H]2[C@@H](C1)[C@H]1C[C@@H]2[C@@H](C)C1
7.188828087910331,26.571428571428573,CC#Cc1cc(C)c(C)cc1C#CC
8.71850580511268,150.0,C1CC2C3CC1C2C3
8.024272383351692,63.0,CC1=C[C@H]2C[C@@H]1c1ccccc12
6.610168269945024,56.72727272727273,C1=CC2(C=C1)C=CCCC=C2
7.5932282040033225,40.857142857142854,Cc1cccc2c3c(cc-2c1)CCC3
8.024272383351692,63.0,CC1=CC2CC1c1ccccc12
7.874992768247312,35.6,CC(C)c1ccc([11CH3])cc1
3.4395815095728812,33.333333333333336,C=Cc1ccc(C(C)(C)C)cc1
5.27835920743507,56.0,CC1=CCCC(C)=CC=C1
6.391218370841982,52.0,C1=CC2(C=C1)C=CCC=C2
5.7201594816164665,53.2,c1cc2c3c(c1CC3)CC2
7.703568549640199,23.555555555555557,[CH]Cc1ccc([CH])cc1
7.383386753831093,51.0,c1ccc2c(c1)C1=C2CCCC1
6.266565872423981,52.57142857142857,C/C=C/C(C)(C)C
7.821381837565335,50.666666666666664,CC1=CCC=C(C)C=C1
7.675724900266316,39.111111111111114,C#CC1=CCC=CC=C1
8.645692048737939,115.45454545454545,C=C1[C@@H]2C[C@H]3[C@@H](C2)C(C)(C)[C@@H]13
7.693502918867388,118.0,C1=CC2C=CC3C4C=CC1C4C23
8.309520316133481,90.66666666666667,CC1=C[C@H]2C=C[C@@H]1CC2
6.221693853986711,45.333333333333336,Cc1ccc2c(c1)CC1(Cc3ccccc3C1)C2
8.282919939003067,60.0,CC1(C)C2Cc3c(ccc4ccccc34)C1C2
1.8524695692995907,47.4,[CH]1C=CC=CC12C=CC=C2
6.562560963913041,52.0,C1=CCC2(C=C1)C=CC=C2
7.945695115857848,62.46153846153846,Cc1cc2c(cc1C)[C@H]1C=C[C@@H]2C1
5.131709403474186,50.76923076923077,CC1(C)Cc2ccccc2C1(C)C
7.7456466555649275,42.54545454545455,Cc1ccc2c(c1)=CCCC=2
7.697388758313156,35.27272727272727,C1=CCC=c2ccccc2=C1
7.729984895648295,44.4,CC1(C)Cc2ccccc21
8.309520316133481,90.66666666666667,CC1=CC2C=CC1CC2
7.9902074095312265,67.0,C1=CC2CCC1c1ccccc12
6.2617618653109135,41.111111111111114,C1=CC2C=c3cc4ccccc4cc3=CC2=CC1
5.6175489727330525,54.46153846153846,Cc1cccc2c1CCCC2(C)C
7.849413867080265,51.07692307692308,C1=CC=C2C=CC3=CC=CC(=C1)C23
8.295760971600124,185.77777777777777,C1C2C3C4C1C1C2C3C41
8.529217295262576,185.77777777777777,C1C2C3C4C1[C@H]1C2C3C41
8.529217295262576,185.77777777777777,C1C2C3C4C1[C@@H]1C2C3C41
7.289283166444455,28.727272727272727,C#CC1=CCc2ccccc21
7.7602829551569705,109.0,CCC12CC(C)(C1)C2
7.438920202333031,33.857142857142854,C=C1Cc2cc3ccccc3cc2C1
6.377661306173199,53.75,C1=CC2CCCC2=C2C=c3ccccc3=C12
4.447270245501608,56.0,CC1=CC=CCCC=C1
8.464249810244317,87.63636363636364,C/C=C1\C2C=CC(C2)C1(C)C
8.187414368536498,80.46153846153847,[CH]1[C@@H]2C=C[C@H]1[C@@H]1c3ccccc3[C@@H]12
7.420727733365594,24.2,Cc1ccc2cc3c(ccc4ccccc43)cc2c1C
8.020337267655124,83.0,C1=CC2CC=C(C1)C2
7.177103042036428,56.30769230769231,CC12C=CC(C=C1)c1ccccc12
6.216160305177464,80.5,CC1(C)[CH]CCC[CH]1
4.194453260409116,45.333333333333336,CCC#CCC(C)(C)C
7.715973808686099,49.81818181818182,Cc1ccc2c(c1C)CCC2
6.066475596811768,42.333333333333336,C=C(C#CC(C)(C)C)C(C)(C)C
7.386753853808253,35.38461538461539,C1=CCC=C2C(=C1)c1ccccc12
7.481748039334233,29.23076923076923,Cc1ccccc2c(C)c(C)cc1-2
8.290642455925349,84.0,C1=C[C@H]2C[C@@H]1[C@@H]1c3ccccc3[C@@H]12
6.818798961366735,36.0,C1=CC=C2CC(=C1)C=Cc1ccccc12
7.592920301953323,55.111111111111114,CC1=C2C=CC=C2CC1
6.636463690401667,83.71428571428571,CC1(C)[CH]CCC1
6.756653237830768,32.0,c1cc2c3c(c1)Cc1cccc(c1-3)C2
8.477660492471589,149.86666666666667,CC12CC3C4CC5CC3C(C1)C(C5)C4C2
6.700948134319272,71.11111111111111,C1=CCC2C=CCC2=C1
7.732289004827911,92.0,CC(C)C1C2C=CC1C=C2
7.436401311435372,28.0,CC#Cc1ccc(C)c(C)c1
7.410413902059614,69.83333333333333,CC(C)=C1CCC2CC=CC=C12
7.943946828346794,40.92307692307692,Cc1ccc2c(c1)C=C(C(C)C)C2
7.341777052310984,82.4,CC1C=CC2=C1CCCC2
6.436757626881915,53.81818181818182,C1=CC=C2C=CC=CC2C=C1
7.341777052310984,82.4,C[C@@H]1C=CC2=C1CCCC2
8.468711380334538,104.88888888888889,CC12C=CCC(CC1)C2
7.500933336789292,29.6,C/C=C\C#CC#C/C=C\C
7.563697754474351,49.42857142857143,C1=CCC2=C(C1)Cc1ccccc1C2
7.341777052310984,82.4,C[C@H]1C=CC2=C1CCCC2
7.480195674688993,28.666666666666668,Cc1cc2ccc3c(C)c(C)ccc3c2cc1C
7.919573937174251,50.666666666666664,CC1=CC=C(C)CC=C1
7.735966344841987,30.555555555555557,C[CH]c1ccc(C)cc1
7.902283000346909,41.38461538461539,C=C1C=CC2C(=C1)c1ccccc12
8.392058320047255,85.4,C=C1C=CC2CC1C2(C)C
7.178672904071271,84.75,C=C1CC2(CCC2)C1
7.883745741671147,34.61538461538461,C=C1C=CC(c2ccccc2)C=C1
7.943638143309815,48.666666666666664,C=c1ccc2c(c1=C)CCCC2
8.523217202668404,92.8,CC1(C)[C@H]2C=[C][C@]1(C)CC2
7.950836002279271,35.18181818181818,[CH2]c1ccc(C(C)(C)C)cc1
7.315589100118134,27.75,C1=CC=Cc2cc3ccccc3cc2C=C1
6.138871350532988,59.55555555555556,CC1C=CC(C)(C)C=C1
7.949794690088332,53.06666666666667,C1=Cc2ccccc2CC2=C1CCCC2
7.41307372236916,102.4,C1=CC2C3C=CC2C3C=C1
7.683230727518135,20.545454545454547,C=C(C)C#Cc1[c]cccc1
7.6876906748510745,62.15384615384615,CC(C)(C)C1=C[C@@H](C(C)(C)C)C=C1
7.932440869516891,51.07692307692308,C/C=C1\CCc2cc(C)ccc2C1
7.974472795186208,117.875,[CH2]C12CCC(CC1)C2
7.021459440796919,60.666666666666664,CC1=CC2=C(C=CC(C)C=C2)C1
7.688230095306615,94.66666666666667,C/C=C1\C[C@H]2C=CC[C@@H]12
7.823277204857344,108.44444444444444,CC1(C)CC2CC1(C)C2
1.770585144740357,34.526315789473685,CC(C)(C)c1ccc(C2=Cc3ccccc3C2)cc1
7.314544509056107,55.0,C1#CC2C#CC3C#CC1C#CC(C#C2)C#C3
7.958199997340995,115.5,[CH]C12CCC(CC1)C2
7.688230095306615,94.66666666666667,C/C=C1\CC2C=CCC12
7.876050817665418,121.0,CC12CCC(CC1)C2
7.972287100120878,121.0,[2H]CC12CCC(CC1)C2
8.244250635430634,78.6,C=C1C[C@H]2CC1C(=C)C2=C
8.283413333310213,99.55555555555556,C1=C2CCCC(CC1)C2
6.266722191337413,73.0,C#CC1(C)CCCC1
5.916348312500531,35.6,Cc1ccc2c(c1-c1ccccc1)C=C(C(C)(C)C)C2
7.475165129062999,27.36842105263158,C(#Cc1ccc(C2=CC=CC2)cc1)c1ccccc1
7.820091733701583,36.63157894736842,CC1=Cc2cc3c(cc2C1)-c1ccccc1C3(C)C
8.179796729489011,66.15384615384616,CC1=C[C@@H]2CC[C@H]1c1ccccc12
8.244250635430634,78.6,C=C1C(=C)C2CC1CC2=C
7.512433613597014,44.4,Cc1cc(C)c2c(c1)CC2
6.724734363761288,37.25,C(#CC#C[C]1[CH][CH][CH][CH]1)C#C[C]1[CH][CH][CH][CH]1
7.8239186800068214,54.0,CC1=CCC(C)=C1C
7.376400779196574,82.4,CC12CCC=CC1=CCC2
7.768131833736806,114.66666666666667,CC12C3=CCC1CC2C3
5.898777439144384,51.2,CC1=CC(C)(C)C=CC=C1
7.828175528768553,164.44444444444446,C1C2CC1(C13C4C5C1C1C3C4C51C13CC(C1)C3)C2
8.179796729489011,66.15384615384616,CC1=C[C@H]2CC[C@@H]1c1ccccc12
7.429215663760164,80.0,CC1=CC2=C(CCCC2)C1C
7.402230943655468,44.888888888888886,c1ccc2c(c1)CC/C2=C1/CCc2ccccc21
7.6876906748510745,62.15384615384615,CC(C)(C)C1=CC(C(C)(C)C)C=C1
7.546390843952855,84.57142857142857,C1CC2=C(C1)CC2
7.628618672155968,39.666666666666664,CC1=Cc2cc(C)c(C)cc2C1
7.435335083869255,31.714285714285715,CC1=CCc2cc3ccccc3cc21
8.026448731299634,47.22222222222222,CC(C)=C1[C@H]2C=C[C@@H]1c1cc3ccccc3cc12
8.447207301679743,95.2,CC1=CCC2C[C@@H]1C2(C)C
7.619825021145711,102.85714285714286,C1#CC2CC(C1)C2
7.231860267537004,85.33333333333333,C1=CC2CCC=C2CC1
7.9069397419557115,115.2,C1=CC2C3CCC2C3C=C1
6.155684161513988,52.857142857142854,Cc1cccc2c1CCC1C=CC=C21
7.189976443277234,18.933333333333334,C#Cc1cc2ccccc2cc1C#CC
7.878564382827783,64.8,C1=CCC2=CCCCC2=C1
7.5039572598417195,24.2,Cc1ccc2cc3c(ccc4c(C)cccc43)cc2c1
6.931180022353584,58.13333333333333,C1=CC2=CC=C3CCC=CC3=CC2C=C1
8.447207301679743,95.2,CC1=CC[C@@H]2C[C@H]1C2(C)C
8.559767262459506,115.2,C1=C[C@H]2[C@H](C1)[C@H]1C=C[C@@H]2C1
7.568903008078957,26.285714285714285,Cc1ccc(-c2ccccc2C)cc1
7.8473119549493875,42.15384615384615,Cc1ccccc1C1=CCCC=C1
7.801147111067415,56.25,C1=CCC(c2ccc(C3CC=CC3)cc2)C1
8.523589684798283,102.28571428571429,C1=C[C@H]2CC[C@@H]1C1=C2[C@@H]2C=C[C@H]1CC2
8.179796729489011,66.15384615384616,CC1=CC2CCC1c1ccccc12
8.447207301679743,95.2,CC1=CC[C@H]2CC1C2(C)C
7.67361949732203,53.578947368421055,C=C1CCCC2=C1C=C(c1ccc(CC)cc1)C2C
7.50652030613661,29.647058823529413,C1=C2C=c3ccccc3=C2Cc2ccccc21
7.7985529521739085,60.0,CC1=CC=C(C)CC1
7.980508475150695,32.30769230769231,C#CCc1ccc(C(C)(C)C)cc1
7.430028976792082,16.88888888888889,[CH]c1cccc(C#C)c1
5.487046113367187,35.6,Cc1cccc(C)c1-c1cccc2c1C=C(C(C)C)C2
7.197239696092094,77.66666666666667,c1ccc2c(c1)CC1CC(C2)C1
5.96750064336758,70.0,CC1=CCC(C)(C)C1
7.654485251249078,59.2,CC1=C(C)C(C)=C(C)CC1
6.2247787063795395,81.33333333333333,C1CC2=C3CCC(=C1CC2)CC3
7.96057775085806,54.90909090909091,C1=C2CCC2c2ccccc21
4.975990695264093,37.45454545454545,CCc1ccc(C(C)C)cc1
8.031888460403813,95.11111111111111,C1=C2C(=C1)C1CCC2C1
6.73767704226291,54.0,CC1=CC2C=CC=CC=CC2=C1
7.520420466945874,39.69230769230769,c1ccc2cc3c(c-2cc1)CCC3
7.56307214963662,76.0,C1=CC23C=CC=CC2(C=C1)CC3
6.800281142777092,51.46666666666667,CC1CCc2cc3cccccc-3c2C1
7.4848272927599515,30.4,C1=c2cccc3c2=C(CC1)c1cc2ccccc2cc1-3
7.138121485473464,24.2,Cc1ccc2cc3cc4cc(C)ccc4cc3cc2c1
8.559767262459506,115.2,C1=C[C@@H]2[C@@H](C1)[C@@H]1C=C[C@H]2C1
7.357561416332697,36.470588235294116,C1=CC=C2C=Cc3ccccc3C=C(C=C1)C2
8.199560320266162,85.33333333333333,CC1=C[C@H]2C[C@@H]1C=C2C
7.417357594048197,95.0,C1=C[C@@H]2CC=C[C@@H]2C1
7.467051487699129,25.2,CCC#Cc1ccccc1
8.535892768594406,99.27272727272727,C/C=C1\CC[C@H]2C[C@@H]1C2(C)C
7.951887090967145,98.18181818181819,CC1=C[C@H]2C=C[C@@H]3C=C[C@H]1[C@@H]32
8.569008794949141,113.55555555555556,C=C1C2CC[C@H](C2)[C@@H]1C
7.392496061735852,21.333333333333332,C=c1ccc2cc(=C)ccc2c1
8.643617576797496,116.0,C1=C2CC3CC(CC1)CC(C2)C3
7.526027265138169,28.666666666666668,Cc1ccc2c(C)cc3c(C)c(C)ccc3c2c1
7.314730824911093,72.72727272727273,CC1CC=CC2=C1C=CCC2
6.793589441901869,61.09090909090909,CC1=CC=CC2=CC=CCC12
7.778553039168157,49.42857142857143,C1=CC2=C(CC1)CCc1ccccc12
6.131491929504856,49.63636363636363,C=C1c2ccccc2CC1C
7.42481434924502,35.38461538461539,C1=CC2=Cc3ccccc3C2=CC1
7.942975770614962,40.22222222222222,C1=CC=CC(c2ccc(C3=CC=CC3)cc2)C=C1
8.513018428174268,125.0909090909091,CCC1C(C)C2(C)C(C)CC12
5.381793113044635,43.25,CC(C)(C)Cc1ccc(CC(C)(C)C)cc1
7.313398566881432,28.6,c1ccc2cc3c4c5c(cccc5cc3cc2c1)CC4
7.357307557885535,24.714285714285715,C=C1C=c2cc3ccccc3cc2=C1
8.4518601963927,95.2,CC1=CC2CC1CC2(C)C
8.296596882150459,95.0,C1=CC2C=CC(C1)C2
6.386430819351179,52.857142857142854,CC1=CC2CCc3ccccc3C2=C1
7.661728569138894,68.75,C=C1CC2=C(CC2)C1
8.647131146745455,170.9090909090909,C1C2C3CC4C1C1CC2C3C41
7.406396953429363,24.2,Cc1ccc2cc3cc4ccccc4cc3cc2c1C
6.966799043123363,47.111111111111114,C1#CCCCC#C/C=C\1
5.978118341513851,70.4,C1=CC2C=CC3C=CC1=C23
8.997752455642276,125.11111111111111,C=C1[C@@H]2/C(=C3\[C@@H]4C[C@H]5C[C@@H]4C(=C)[C@@H]35)[C@H]3C[C@@H]2C[C@@H]13
7.728135976058029,33.5,C1=Cc2ccc(-c3ccccc3)cc2CC1
7.871827827874649,40.0,C1#CCC#CCC#CC1
7.659952259485238,29.88235294117647,C=C(C)c1ccc2c(c1)-c1ccc(C)cc1C2
7.789707873825835,33.333333333333336,CCc1ccc(C)cc1
7.921791167656025,48.0,C1#CCCC=CC=C1
7.651986754663244,65.0,CC1=C2CCCC2=C1
7.026632735686711,26.181818181818183,C#CC#CC#CC1C=CC=C1
8.286576483761822,129.77777777777777,CC1CC2(C)C(C)CC12
8.668075026639038,108.8,C1=CC2CC1CC21CCC1
6.54415610546599,61.6,C1=CCC2=CC=CC2C=C1
5.819823220814996,57.4,C=C1C(C)=C(C)CC1(C)C
7.853753909393211,40.30769230769231,Cc1cc(C)c(C)c(C(C)C)c1C
7.300124855299523,25.41176470588235,Cc1ccc(C#Cc2cc(C)cc(C)c2)cc1
8.331301320974191,94.66666666666667,C/C=C1\C[C@H]2C=CC1C2
7.871935376304153,42.15384615384615,CC1=CC=C(c2ccccc2)CC1
6.897945236220148,14.4,C#Cc1ccc(C#Cc2cc(C#C)cc(C#C)c2)cc1
6.066699022302905,35.07692307692308,C=C(c1cccc(C)c1)C(C)(C)C
6.009104293704408,40.0,CC1=CC(C(C)(C)C)=C/C1=C\c1ccccc1
6.60002597493288,58.666666666666664,CC1=CCC(C(C)(C)C)=C(C)C1
8.290520944474393,120.0,C1=CC2CC3CCC23C1
7.38261155227141,21.0,[C]#Cc1cccc(C)c1
6.327923675146538,56.72727272727273,CC1=CC2C=CC=C(C)C2=C1
7.326442419127943,22.526315789473685,Cc1ccc2c(ccc3cc4ccccc4cc32)c1
7.037847544816344,43.2,C1=CC2=CC=C3C=CC=C3C=C(C=C1)C2
8.782711787612564,115.4,c1c2c(cc3c1[C@H]1[C@@H]4CC[C@@H](C4)[C@@H]31)[C@H]1[C@@H]3CC[C@@H](C3)[C@@H]21
8.28371199809698,112.0,C1=C[C@H]2CCC1C2
5.579597126281319,34.333333333333336,CC(C)(C)/C=[C]/c1ccccc1
7.163212536513025,22.2,C1=Cc2c3cc4ccccc4cc3cc3cccc1c23
7.107692116476992,42.526315789473685,C1=CC=CC(=C2C=CC3=CC=CC=C(C=C2)C3)C=C1
8.571248203644812,114.46153846153847,CC(C)C1(C)C(C)C2CC(C)C21C
7.805792697293842,74.66666666666667,C1=C2CCC=C2CCC1
5.765469987080204,37.111111111111114,CC(C)(C)C1=CC=C(c2ccccc2)C=CC=C1
8.569008794949141,113.55555555555556,C=C1[C@H]2CC[C@H](C2)[C@@H]1C
7.570443222047763,105.75,[C]=C1C2CCC1CC2
7.798451904779598,64.0,CC1(C)C=C2CCC2=C1
7.073403025801538,66.0,CC1=C(C)C(C)C=C1
5.232653543264819,157.8181818181818,CC(C)C12C3C4C5C3C1C5C42
7.417357594048197,95.0,C1=CC2CC=CC2C1
8.721984842174738,78.0,C[C@H]1[C@H](C#Cc2ccccc2)C[C@@H]2C[C@H]1C2(C)C
6.028010003689365,62.8,CC/C=C1\CCC(C)=C1C
5.899066730652059,54.4,CC1=CCC(C(C)(C)C)=C1
6.340569125508951,47.666666666666664,CC1=C(C)C(C)c2ccccc21
5.464426010556229,40.705882352941174,CC(C)(C)c1ccc(C2C=CC=CC=C2)cc1
8.199560320266162,85.33333333333333,CC1=CC2CC1C=C2C
5.63381962825799,34.526315789473685,Cc1ccc2c(c1-c1ccccc1)C=C(C(C)C)C2
8.751583385359346,121.26315789473684,C[C@@]12CCC[C@H]1[C@@H]1CC[C@H]3CC=CC[C@]3(C)[C@H]1CC2
7.926253631183601,38.46153846153846,CC1(C)C=CC=Cc2ccccc21
7.034301679869448,77.66666666666667,c1ccc2c(c1)C1CCC2CC1
5.969338812648284,56.8,CC1=CC=C2C=CC=CC12
7.420306135424942,35.38461538461539,C1=CC2=Cc3ccccc3CC2=C1
7.6761480234583495,58.0,C[C@]12C=Cc3c(ccc4ccccc34)[C@@H]1CCC2
7.985028139140594,38.833333333333336,[C]#CC(C)(C)C
8.535332514781743,94.36363636363636,C=C1C2CCC(C)(C2)C1(C)C
8.392058320047255,85.4,C=C1C=C[C@@H]2C[C@H]1C2(C)C
8.60424815171955,118.66666666666667,CC(C)(C)C1CC23CCC2CC13
7.839626058945129,112.66666666666667,C1=C2CC[C@H]3C=C4CC[C@H]1[C@@H]4[C@H]23
8.392058320047255,85.4,C=C1C=C[C@H]2C[C@@H]1C2(C)C
8.715263510563874,114.52631578947368,C[C@]12CC=CC[C@@H]1CC[C@@H]1[C@@H]2CC[C@]2(C)C=CC[C@@H]12
8.012109783426023,95.11111111111111,CC1=CCC[C@@H](C)[C@H]1C
4.6394560601668955,61.833333333333336,CC(C)=C1CCC2=C1CC=CC2
7.492897321631493,33.857142857142854,C=C1CCc2cc3ccccc3cc21
7.975931564133013,49.6,CCCC#CC1=C(C#CCCC)CCC1
7.611686290969179,35.27272727272727,C1=CCC(c2ccccc2)=C1
6.852285303027805,53.09090909090909,C1=CC2=CC=C3C=CC23C=C1
7.576322530388433,31.77777777777778,C1=Cc2ccc3cc4ccccc4cc3c2CC1
7.642232772608362,56.72727272727273,C1=CC=C2CCCC2=CC=C1
8.674879094044687,109.47368421052632,C[C@@]12CCC[C@H]1[C@@H]1CC=C3CCC=C[C@]3(C)[C@H]1CC2
6.194939322959829,62.2,CC1=CCCC(=C(C)C)C1
7.889037823657271,28.63157894736842,Cc1ccccc1-c1ccc(C#CC(C)(C)C)cc1
7.8394882779998305,40.0,C1#CCCC#CC=C1
7.592176175048973,33.88235294117647,Cc1cc2c(cc1C)-c1ccc(C)c(C)c1C2
7.436404608680892,26.571428571428573,CCC#Cc1cccc(C#CCC)c1
6.445884923751335,83.71428571428571,CC1(C)C[CH]CC1
8.591928551390474,119.11111111111111,CC1CC2CC1C2(C)C
8.27358842703504,105.42857142857143,[CH]1C[C@H]2C=C[C@@H]1C2
8.148365420894939,99.55555555555556,CC1=C(C)C[C@@H]2C[C@@H]3CC(C)=C(C)C[C@H]3C[C@H]2C1
7.798643573220788,41.0,C1=CCCc2ccccc2C=C1
8.064158002689922,91.71428571428571,C1=CC2CC[C]1C2
6.280123957746108,50.54545454545455,C=C1C=CC=C2C=CC(=C)C12
8.760853768482097,72.55555555555556,C=C1C2CC(CC23Cc2ccccc2C3)C1(C)C
8.345655654496513,105.0,CC1=CC2CCC1C2
7.837405408468808,60.0,CC1=CC2=C(CC=C1)CC2
8.073996106599749,72.3076923076923,Cc1cc2c(cc1C)C1CCC2C1
7.796692134600249,64.25,c1cc(=C2CCCC2)ccc1=C1CCCC1
7.417357594048197,95.0,C1=C[C@H]2CC=C[C@H]2C1
8.63844220534958,117.6,C[C@@H]1[C@H]2CC[C@H](C2)C1(C)C
7.5332208863058625,79.27272727272727,C1CC2=C(C1)C1=C(CCC1)C2
8.086712193809092,109.33333333333333,C1CC2=C1C1CCC2C1
8.63844220534958,117.6,C[C@H]1[C@@H]2CC[C@@H](C2)C1(C)C
7.134495899078667,53.2,c1cc2c(c3c1CC3)CC2
7.31468104949445,21.666666666666668,C#Cc1cc(C#C)c(C)cc1C
8.24555420157364,120.88888888888889,C[C@H]1[C@H](C)[C@@H]2CC=C[C@H]12
7.4128676552737005,21.666666666666668,C#CCc1ccc(CC#C)cc1
5.969338812648284,56.8,CC1=CC=CC2=CC=CC12
7.544880266943203,56.0,CC1=CC2=C(C1)C1=C(C=C(C)C1)C2
7.502885569788057,29.11111111111111,CC1=Cc2c(ccc3c2ccc2ccccc23)C1
7.648641346453406,41.0,[CH]1CCCc2cc3ccccc3cc21
7.654758621172666,50.0,C1=CCC2=C(C=C1)CC=CC=C2
7.507001662908386,79.77777777777777,C=C1C=CC2CC=CC12
7.716190785119583,42.54545454545455,CC1=C(c2ccccc2)CC1
7.831008413331578,60.2,[CH]1CC=CC2=C1CCC=C2
8.684460667916651,104.75,C=C1CC2CC1C/C2=C1/CC2CC1CC2=C
7.860602196051569,42.15384615384615,CC1=CCc2ccccc2CC=C1
7.954452359306351,70.76923076923077,CC1(C)C=C2C=CC3C=CC(=C1)C23
7.7403903283285915,63.27272727272727,CCC1=CC(C(C)(C)C)C=C1
7.577249196014268,45.23076923076923,C1=Cc2c(ccc3c2C=CC3)CC1
8.63844220534958,117.6,C[C@@H]1[C@@H]2CC[C@@H](C2)C1(C)C
7.055876066364921,27.25,C1=Cc2c(ccc3c4c(ccc23)=CC=C4)=C1
7.675724900266316,39.111111111111114,C#CC1=CC=CCC=C1
7.206662973043505,53.88235294117647,c1c2c(cc3c4c(c5c(c13)CC5)CC4)CCC2
4.9120475187038455,72.0,CC1(C)C=CC(C)(C)CC1
4.69800400084892,66.72727272727273,C=C1C=CCC2=C1CCCC2
7.784885644481601,60.0,CC1=CCCC=C1C
5.984348113538754,47.666666666666664,Cc1cc2c(cc1C)C(C)C=C2
7.1874836123005394,24.2,Cc1ccc2c(ccc3c4ccc(C)cc4ccc23)c1
8.459337248695997,95.25,c1c2c(cc3c1C1CCC3C1)C1CCC2C1
7.687915858508515,56.0,CC1=C(C)C2=C(C1)C1=C(C=CC1)C2
7.604272410776053,36.4,CC1=c2ccccc2=CC1
7.233530440030666,69.75,C=C1C=C(C)C(C)C1
7.741371416298257,28.666666666666668,Cc1ccc2c(ccc3cc(C(C)C)ccc32)c1
8.820484087889364,130.52631578947367,C[C@H]1C[C@@H]2CC[C@H]3[C@@H]4CCC[C@@]4(C)CC[C@@H]3[C@@]2(C)C1
7.6598084237835415,26.285714285714285,C=C(C)c1ccc2ccccc2c1C
7.7367571336944305,43.666666666666664,CC1=CCc2cc(C)ccc2C1
7.661858301458805,33.88235294117647,CCc1ccc2c(c1)-c1cc(CC)ccc1C2
7.228853611126773,25.714285714285715,Cc1ccc2c(c1C)-c1ccccc1-2
8.316822942636824,88.66666666666667,C=C1CC2C=CC1(C)C2
7.531091556372601,28.833333333333332,C=C1C=Cc2ccccc2C=C1
7.646432547124825,24.88888888888889,CC(C)=Cc1ccc2cc3ccccc3cc2c1
7.916661867666555,39.0,CC#CC1C=Cc2ccccc21
6.297241499724509,49.42857142857143,CC1=Cc2c3c(ccc2=C1)=CC(C)C3
8.539047117756333,126.2,C=C1[C@H]2CC[C@@H]1[C@@H]1CC[C@@H]12
7.5860357831699545,40.285714285714285,C1=CCC2=CCc3ccccc3C2=C1
8.71869558589064,128.72727272727272,C1CC2CC3(C1)CCCC2C3
7.75327280024175,97.55555555555556,C=C1CC2(C)CCC12C
7.450253123208039,28.63157894736842,Cc1c(C)c(C)c(C#Cc2ccccc2)c(C)c1C
7.6924021211519715,42.54545454545455,CC1=CCc2ccccc2C1
7.9533126167132355,72.88888888888889,C/C=C1\CCC\C1=C/C
6.425482301210562,58.90909090909091,CC1=CC=CC(C)(C)C1(C)C
6.026597596483984,56.8,CC1=CC2C=CC=CC2=C1
6.430987749028883,72.0,CC1=C(C)C(C)(C)CCC1
7.720993547428711,59.45454545454545,[CH]1[C@@H]2C=C[C@H]1c1ccccc12
7.700219545579968,96.0,C1=CC[C@@H]2C=CC[C@H]2C1
7.591006635832209,22.7,[CH2]C#CCc1ccccc1
7.345675366194174,29.846153846153847,C1=Cc2c(cc3cccccc2-3)C1
7.598383075601552,43.666666666666664,CC1=C(C)Cc2ccccc2C1
7.138476545076534,69.75,C=C1C(C)=CCC1C
8.94489736553905,109.2,C=C1[C@@H]2[C@@H]3CC[C@H]1[C@@]3(C)CCCC2(C)C
8.01138865102298,76.15384615384616,C=C1C=C[C@@H]2C(C)(C)CC=C[C@@]12C
8.08552034424536,58.61538461538461,C=C1C=C[C@H]2C[C@@H]1c1ccccc12
6.842204361996087,40.8,Cc1ccc2c(c1)C=C1C=Cc3cc(C)ccc3[C@H]1C2
8.316822942636824,88.66666666666667,C=C1CC2C=C[C@]1(C)C2
4.1798796727301895,52.666666666666664,CC1(C)C=CC2=C1C=CC=CC2
7.8163833671193075,38.46153846153846,CC1=CC=c2ccc(C)cc2=CC1
7.534648540106788,81.77777777777777,C1=CC2C=CC(C=C2)C1
7.419973389151044,27.0,Cc1ccc2ccc(C)c-2cc1
7.468678120395045,32.2,C1=Cc2cc3c(ccc4ccccc43)c3c2C1=CCC3
8.59149643559276,120.88888888888889,C[C@@H]1[C@H](C)[C@H]2C=C[C@@H]1C2
6.0876838877929265,58.90909090909091,CC1=CCC(C)(C)C(C)=C1C
7.6206288036144425,32.30769230769231,Cc1ccc2c(c1)C=CC=CC=C2
5.592316933280751,39.75,CC(C)c1ccc(C2C=CC=CC=C2)cc1
7.663456194363091,46.333333333333336,CC1(C)c2ccccc2C1(C)C
8.947754599841849,121.11111111111111,C=C1[C@H]2C[C@@H]3C(=C4[C@@H]5C[C@H]6C(=C)[C@@H]5C[C@@H]46)[C@H]2C[C@H]13
7.668174151812929,24.6,Cc1ccc(-c2ccc(-c3ccccc3)cc2)c(C)c1
7.093971472863034,25.866666666666667,[2H]c1c2ccccc2c2c3c(cccc13)C2
7.740874201002123,43.666666666666664,CC1=CCc2c(C)cccc2C1
7.873366917084699,41.0,C1=CC(c2ccccc2)C=CC1
8.28040578823173,84.8,CC#CC12C=CC(CC1)C2
7.25969339989446,92.0,C1=CC2C3C=CC=CC2C3C=C1
5.613033919329789,40.0,CC#C/C=C/C(C)C
8.789942117077654,170.9090909090909,C1[C@@H]2C3C[C@H]4C2[C@@H]2C[C@H]4C3[C@H]12
7.885944716574296,44.142857142857146,C=C1C(C)(C)c2ccccc2C1(C)C
7.517888620194549,23.058823529411764,Cc1c(-c2ccccc2)ccc2ccccc12
6.982884690975558,60.666666666666664,CC1=C(C)C2C=CC=CC=C2C1
8.395348453805676,84.72727272727273,C/C=C1/CC2C=CC=CC1C2
7.641285710417656,33.63636363636363,C=c1ccc2c(c1)CC=CC=2
8.7160703889573,114.52631578947368,C[C@@]12CCC[C@H]1[C@@H]1CC[C@H]3C=CC=C[C@]3(C)[C@H]1CC2
4.228836041796886,38.8,C1=C2C=C3c4ccccc4CC3C=C2c2ccccc21
7.986078883704529,31.529411764705884,Cc1ccc(-c2ccc(C(C)C)cc2)c(C)c1
5.5321034510163365,64.88888888888889,CC1(C)C=CCCC=C1
7.779135807863658,113.33333333333333,C1=CCC2C3CC=CCC2C3C1
7.163809160970814,19.0,C#Cc1ccc2cc3cc4ccccc4cc3cc2c1
6.094491143496109,46.44444444444444,CCC1=CC2=C(C=C(c3ccc(C)cc3)C2)CC1
7.958796958777948,63.63636363636363,[2H]C1=CC2CC1c1ccccc12
8.038299898515431,75.27272727272727,c1ccc2c(c1)[C@@H]1CC[C@H]2C1
7.700219545579968,96.0,C1=CC[C@H]2C=CC[C@@H]2C1
7.916606044660519,103.2,C1CCC(C2CCCC2)C1
7.94198134747634,76.66666666666667,CC1(C)C2=C(CCCC2)C1(C)C
8.245694770874548,67.07692307692308,C=c1ccc2c(c1=C)C1CCC2C1
6.008818751274589,42.4,C1=CC2=CC(c3ccccc3)=CC2C=C1
7.883642336071292,36.666666666666664,CC(C)C#C/C=C/C#CC(C)C
7.096454484209903,38.44444444444444,c1ccc2cc3c4c(c5c(c3cc2c1)CC5)CC4
8.583484886004143,100.15384615384616,C=C1CC2CC1C1=C2CCC(C)C1
7.596544326199967,111.0,C1=CCC2CC(C1)C2
7.64769858627241,41.0,[CH]1CCCc2c1ccc1ccccc21
6.292136030802681,56.0,CC1(C)C=CC=CCC=C1
7.509642594128711,41.0,c1ccc2c(c1)Cc1c-2ccc2c1CCC2
7.654758621172666,50.0,C1=CC=CC2=C(C=C1)CC=CC2
7.8980076167669955,63.63636363636363,C1=CC2CC1c1ccccc12
8.353918692622951,112.0,C1=C[C@@H]2C/C(=C3\C[C@@H]4C=C[C@@H]5C=C[C@@H]3[C@@H]54)[C@@H]3C=C[C@@H]1[C@H]23
7.221929176737634,18.75,C#Cc1ccc2cc3ccccc3cc2c1
7.345506396181135,29.846153846153847,C1=Cc2cc3ccccc3cc2C1
7.780358351283352,81.6,C1=CC=CC(=C2CC3CCC2CC3)C=C1
7.334573719391615,19.294117647058822,C(C#Cc1ccccc1)#CCc1ccccc1
8.331301320974191,94.66666666666667,C/C=C1\C[C@@H]2C=C[C@H]1C2
7.442783106683322,44.0,C(#CC1C=CC=C1)C1C=CC=C1
7.238487939551383,60.0,C1=C2C3=CC4CC3=C2C=C14
8.284212035172434,73.81818181818181,C=C1C(=C(C)C)C2C=CC1C2
7.8244170251372065,117.71428571428571,C[C@@H]1CC[C@H](C)C1
7.754104883791553,26.0,Cc1c#cc(C)cc1
8.331301320974191,94.66666666666667,C/C=C1\CC2C=CC1C2
5.15448487676381,42.285714285714285,CCC#CC(C)C
7.329540595423379,20.22222222222222,CC#Cc1c[c]ccc1
7.478594342451557,22.142857142857142,C=c1cccc2c1=c1ccccc1=C2
8.432237631685565,102.54545454545455,C1=C[C@@H]2C=C[C@@H]3C=CC1CC23
5.937778863543528,40.0,C/C(=C1/C=CC(C(C)(C)C)=C1)c1ccccc1
7.427030040273921,73.66666666666667,CC12CC(c3ccccc3)(C1)C2
7.660102317914674,57.81818181818182,c1cc2c3c(c1)CCC3CC2
8.70495336968174,116.0,C[C@@]12C=CC[C@]1(C)[C@@H]1CC[C@H]2C1
7.334558482245531,80.0,CC12C=CC(C)(C=C1)C2(C)C
8.870092695664937,140.8,CC1C2CCC3C2CC13C
7.721993916290158,27.4,C=[C]Cc1ccc(C)cc1
7.171081027603154,37.05263157894737,c1ccc2c(c1)CC1=C2CC2=C1Cc1ccccc12
7.569272413712369,41.2,C1=c2ccccc2=CCC1
7.700219545579968,96.0,C1=CC2C=CCC(C1)C2
7.641122564622207,41.2,C1=Cc2ccccc2CC1
8.954599389827518,132.8,CC1=C[C@H]2C[C@@H]1[C@@H]1[C@@H]3[C@H]([C@@H]12)[C@H]1C=C[C@@H]3C1
8.173316388260464,125.33333333333333,C[C@@H]1[C@H](C)[C@@H](C)C[C@H]1C
7.697285333852976,52.0,C1=CCC2=CCC=C2C=C1
7.40810064306459,24.2,Cc1cccc2cc3c(cc12)c(C)cc1ccccc13
8.486119782482614,92.66666666666667,CC1=C(C)C2CCC1CC2(C)C
8.10240446259999,85.0909090909091,C1=CC2CC1C1=CCCC=C12
7.617498943524517,36.6,[CH]1C=c2ccccc2=CC1
3.1867146214620075,54.25,CC1(C)[CH]C=CC=C1
7.111054599676947,93.0,CC12CC=C1CCC2
7.48021203475925,27.0,Cc1cccc2c(C)ccc-2c1
7.547871711881808,28.63157894736842,Cc1cc(C)c2c(c1)Cc1cc3ccccc3cc1-2
7.666407026263309,26.571428571428573,C#Cc1cc(C#C)cc(C(C)(C)C)c1
7.837609520447595,38.8,[C]1=c2ccccc2=CCC1
8.014420995804418,56.30769230769231,CC1=CC2C=CC1c1ccccc12
6.756375540939239,43.75,CC(C)c1ccc2c(c1)CC(C(C)(C)C)=C2
7.739439191830002,32.0,Cc1cc(C)c2c(c1)CC(c1ccccc1)=C2
7.957143474714794,51.8,CC(C)(C)C1=CC=C(C(C)(C)C)C(c2ccccc2)C1
7.47641270497682,27.058823529411764,Cc1ccc2cc3c(C)cccc3cc2c1C
7.960131717548648,28.0,C=C(C)c1ccc2cc3cc(C(C)C)ccc3cc2c1
7.820861249290614,32.0,CCc1ccc(C2=Cc3ccccc3C2)cc1
4.23295799114916,69.33333333333333,CC1=C(C)CC(C)(C)C(C)(C)C1
7.286505559888425,28.6,c1ccc2cc3c(cc4c5c(cccc53)CC4)cc2c1
7.626225215369555,41.0,C1=Cc2ccccc2C=CCC1
5.592746117978891,57.142857142857146,CC(C)C(C)(C)C
8.718372552363972,107.2,C[C@@H]1CC[C@@H]2C(C)(C)C[C@]3(C)CC=C[C@]123
5.965503893585528,54.54545454545455,CC1=CC(C(C)(C)C)=C(C)C1
5.157193852419921,60.30769230769231,CC1=CC=CC2=C(C=C1)CCCC2
7.652523943524518,38.8,[C]1=Cc2ccccc2CC1
9.004170014377442,109.2,C=C1[C@@H]2CC[C@]3(C2)[C@H](C)CC[C@@H]3C1(C)C
6.002018003471619,52.4,C=C1C=CC(C)(C)CC1=C
8.667548777740466,109.47368421052632,C[C@@]12CCC[C@H]1[C@@H]1CC=C3C=CCC[C@]3(C)[C@H]1CC2
8.929989051181863,123.11111111111111,C1=C[C@@H]2[C@H](C=C1)[C@@H]1C[C@H]2[C@@]23CC[C@@]12[C@H]1C=CC3C1
7.645181743496655,59.42857142857143,CC1=CCC2=C1CC1=C(C2)C(C)=CC1
7.64136903253868,31.157894736842106,Cc1ccc2c(c1)-c1cc3cccccc-3c1CC2
7.146935063985554,22.2,C1=Cc2cc3cc4ccccc4cc3c3cccc1c23
8.44511960300354,96.88888888888889,CC1(C)[C@@H]2CC=[C][C@H]1C2
7.771254552951845,49.42857142857143,C1=Cc2cc3c(cc2CC1)=CCCC=3
8.576976088380219,139.55555555555554,CC12CC3CC1CC3C2
7.348567310871456,18.545454545454547,C#CCc1cccc(C#C)c1
8.199903781032798,108.8,C1CC2=C(C1)C1CCC2C1
7.878287795391438,50.4,c1ccc2c(c#1)CCCC2
8.318628945727058,88.66666666666667,C=C1CC2(C)C=CC1C2
6.830246571525267,47.77777777777778,CC(C)(C)C1=CCc2cc(C(C)(C)C)ccc2C1
7.828737505357543,30.333333333333332,C#Cc1ccc(C(C)(C)C)cc1
6.057038424103069,51.63636363636363,CC1=CC(C)(C)C(C)=CC=C1
8.257074137091736,77.66666666666667,c1ccc2c(c1)CC1CCC2C1
7.767315801119896,31.272727272727273,C=C(C)c1cc(C)ccc1C
7.743972020447593,38.8,[C]1=CCCc2ccccc21
8.204838950533428,85.33333333333333,CC1=C(C)C2C=CC1C2
6.579275118266248,61.6,C1=CC=C2C=CC[C@@H]2C=C1
8.527472402008552,100.36363636363636,CC1=C2CCCC(C2)CC1C
8.640796496306097,109.47368421052632,C[C@H]1CCC2=C1CC[C@H]1[C@H]2CC[C@H]2CC=CC[C@@]21C
7.765948720232892,43.666666666666664,CC1=Cc2cccc(C)c2CC1
8.041826268409702,95.11111111111111,C1=CC2CC1C1=C2CC1
7.232150224212679,29.77777777777778,c1ccc2c(c1)Cc1cc3ccccc3cc1C2
8.265641269824457,128.0,C1CCC(C23CC4CC(CC(C4)C2)C3)C1
7.668135476453015,82.4,CC12C=CC(C=C1)C2(C)C
7.4167615211707805,31.11111111111111,C#CC#CC1C=CC=C1
8.428900438088611,99.55555555555556,CC1(C)[C@H]2CC=C[C@@H]1C2
7.585542453790824,25.25,CCc1ccc2cc3ccccc3c-2cc1
7.571408681658724,30.22222222222222,C/C=C\C#CC#CCC
8.703411833833844,82.6,CC12CC3CC(C)(C1)CC(C#Cc1ccccc1)(C3)C2
7.804326633945426,50.666666666666664,CC1=CC=CC=C(C)C1
7.480260166150602,40.36363636363637,C#Cc1cccc2c1CCC2
4.15695698424293,63.75,C=C1CC=C(C)CC1
7.349298906637307,31.0,C#Cc1ccc2c(c1)C(C)=CC2
7.694601388448207,47.4,C1=C[C](C2C=CC=C2)C=C1
7.6418658809130955,24.666666666666668,CC(C)=CC#Cc1ccccc1
7.452728939622112,29.77777777777778,c1ccc2cc3c(c-2cc1)CCc1ccccc1-3
7.81851099560474,70.13333333333334,CC(C)(C)C12CC(c3ccccc3)(C1)C2
7.613188407451073,64.75,C=C1C2=CC1C=CC2
7.59399463369443,39.666666666666664,CC1=CCc2cc(C)c(C)cc21
6.579275118266248,61.6,C1=CC=C2C=CCC2C=C1
7.838585538115417,95.2,CC1=C(C)C2(C)CC(C1)C2
7.485170295599202,30.933333333333334,Cc1ccc2c(c1C)-c1ccccc1C2
7.575174667951288,71.0,C1=C2CCCCC2=C1
7.648104590005696,42.666666666666664,CCC#CC1=CCC=C1
8.227179122259418,80.4,C=C1CC2C=CC1CC2=C
7.902595685629525,99.42857142857143,C[C@@H]1CC=C[C@@H]1C
8.180072933274834,69.38461538461539,CC(C)=C1C=C2C(=C1)C1C=CC2C1
8.44511960300354,96.88888888888889,CC1(C)C2[C]=CCC1C2
4.859794819996917,44.6,C=C1C=CC=C1C(C)(C)C
8.901158652648798,99.46666666666667,C=C1C2CCC3C2CC(=C(C)C)C[C@@]13C
7.434258152290457,31.764705882352942,C1=CC2=Cc3cc4ccccc4cc3CC2=C1
8.949401691912247,123.33333333333333,C1=C2C3CCC(C3)C23CCC1C3
8.296596882150459,95.0,C1=C[C@@H]2C=C[C@H](C1)C2
7.983382045668886,34.25,Cc1ccc2cc(CC(C)(C)C)ccc2c1
5.3534026016437455,69.42857142857143,C=C1CC(C)(C)C1
6.579275118266248,61.6,C1=CC2C=CCC=CC2=C1
8.296596882150459,95.0,C1=C[C@@H]2C=CC(C1)C2
8.219525719344862,89.25,[CH]1C=CC2C=CC1C2
7.9405612776434396,38.8235294117647,Cc1ccc2c3c(ccc2c1)CC(C)(C)C=C3
7.804616900528972,88.0,CC1[C]C(C)C=C1
6.146862498291093,37.84615384615385,Cc1ccccc1/C=C/C(C)(C)C
7.47914799045498,85.33333333333333,CC1=CC2C=C(C)C1C2
8.94735128363965,156.57142857142858,C1C2CC3C4CCC5C(CC14)C2CC35
8.961737594952162,136.0,C1=C[C@H]2[C@H]3C[C@@H]([C@H]2C1)[C@@H]1[C@H]3[C@H]2C=C[C@@H]1C2
7.719605316182766,56.0,C1=CC=CCCC=C1
7.399528751216824,22.7,[CH2]CC#Cc1ccccc1
7.222968566758426,18.545454545454547,C#CCC#Cc1ccccc1
7.566848809139973,29.23076923076923,Cc1ccc2c(C)c(C)ccc2c1
7.978973118299606,53.75,C=C1C=CC=CCC1
7.290646395041492,56.94117647058823,C1=CC2=C(C1)C1=C(C2)C2=C(C1)C1=C(C=CC1)C2
3.993204358411643,78.36363636363636,C=C1CCC2=C(CCCC2)C1
3.67438776949916,40.0,C#CC(C)(C)C
7.533658929261861,68.88888888888889,c1ccc2c(c1)C[C@@H]1[C@@H]3Cc4ccccc4[C@H]3[C@H]21
6.39859833421537,47.733333333333334,Cc1cccc2c1C=C1C=CC=CC1C2
6.036636773235595,102.85714285714286,C1CC2(C1)CCC2
5.351247553354455,32.666666666666664,[CH]C(C)(C)C#C
8.529606474427347,117.0,C[C@H]1C[C@H]2C=C[C@@H]1C2
6.7344816890316155,61.09090909090909,CC1C=C2C=CC=CCC2=C1
7.939202278324484,83.36842105263158,CC1(C)C(C)(C)C2(C)C(C)(C)C(C)(C1(C)C)C2(C)C
7.990419806642538,51.2,CC1=CCC(C)=C(C)C=C1
5.9095100186090335,53.0,C#CC1C=CC=C1C
7.771515818029263,59.05882352941177,CC1=C(C)C2(C)CC(c3ccccc3)=CC12C
7.425281968399739,30.333333333333332,CC#Cc1cc(C)c(C)cc1C
6.352941052414968,32.421052631578945,Cc1ccccc1-c1ccc(/C=C\C(C)(C)C)cc1
7.52404147670441,31.25,C=c1cc2c(cc1=C)Cc1ccccc1C2
8.314483707946689,69.75,CC1(C)[C@H]2CC3=C(Cc4ccccc43)[C@@H]1C2
8.411243530304146,93.2,C=C1CC2CCC(C2)C1=C
7.357774285843751,25.0,C1=Cc2c3c(ccc2=C1)=c1ccccc1=C3
6.703356502360649,50.421052631578945,C=C1C=CCc2c1ccc1c2CC(C)(C)/C(=C\C)C1
5.958790839714306,35.833333333333336,C#CC([CH2])(C)C
3.67438776949916,40.0,CC(C)(C)C#[13CH]
7.671655981322214,30.0,Cc1ccc2c(c1)C(C)(C)c1cc3ccccc3cc1-2
8.473714762420965,87.0909090909091,C=C1C=CC[C@H]2C[C@@H]1C2(C)C
8.68626164995678,128.66666666666666,C1=CC2C3C=CC4C1C2CCC43
8.360230740181988,87.2,CC1(C)C2C=CC=CC1C2
7.625185398209559,26.9,CC(C)=C1C=Cc2c1ccc1c2ccc2ccccc21
7.708402489717608,46.0,CC1=Cc2c(ccc3c2C=CCC3)C1
7.797101543335464,28.8,CC=c1ccc(=CC)cc1
6.244998756021592,45.111111111111114,C1=CC2=CC=C3Cc4ccccc4C=C3C2C=C1
7.621552940684754,38.888888888888886,c1ccc2cc3c4c(ccc3cc2c1)CCCC4
8.360230740181988,87.2,CC1(C)[C@@H]2C=CC=C[C@H]1C2
5.755869095561472,60.0,CC1(C)C=CC=CC1
8.817693306996178,116.4,C[C@H]1C[C@H]2[C@@H]3CCC[C@@]3(C)CC[C@@H]2[C@@]2(C)C=CC=C[C@H]12
7.520253267807325,28.8,C1=C(c2ccccc2)Cc2ccccc21
7.078638640658115,28.6,c1ccc2c(c1)Cc1cc3c(cc1-2)Cc1ccccc1-3
7.934430045771536,50.666666666666664,CC1=C(C)CC=CC=C1
7.832615532106528,34.31578947368421,CC1(C)C=CC2=c3c(ccc4ccccc34)=CC2=C1
6.780422037447032,56.285714285714285,C1=CC2CCCC=C2c2ccccc21
7.644357597370671,47.4,C1=C[C]2C=CCC=CC2=C1
7.437973289207956,24.2,Cc1ccc2c(ccc3cc4c(C)cccc4cc32)c1
7.402230943655468,40.888888888888886,c1ccc2c(c1)CCC1=C2CCc2ccccc21
7.4033869850619265,27.6,CC(C)(C)c1cc2ccc3cccc4ccc(c1)c2c34
7.383027126298475,31.692307692307693,CC1=Cc2cc3c(cc2=C1)C=CC=3
7.178864328139902,34.54545454545455,C1=C2CC=C2c2ccccc21
6.258477029258836,53.0,C/C=C(/C)C(C)(C)C
6.083287111677052,54.0,CC(C)C1C=CC=C1
7.742433019153452,43.27272727272727,C1=CC2C1=Cc1ccccc12
6.832436817284313,70.54545454545455,CC1=CC(C)(C)CCC1(C)C
7.768018905009358,52.0,C1=CC2CC1c1cc3ccccc3cc12
6.866580047608395,83.0,C1=CCC2CCC2=C1
8.473714762420965,87.0909090909091,C=C1C=CCC2CC1C2(C)C
8.473714762420965,87.0909090909091,C=C1C=CC[C@@H]2C[C@H]1C2(C)C
8.319353558377975,69.66666666666667,CC1Cc2c3ccc1c2C(C)C3
7.668999727066941,37.0,CC1=CC=CCc2ccccc21
7.210581293640085,42.888888888888886,C1=CCc2cc3cc4c(cc3cc2C1)CC=CC4
4.724512816782111,53.0,[C]1=CCC=CC=CC1
7.719605316182766,56.0,C1=CCC=CCC=C1
6.420473704820468,77.0,CC1=CC2=CCCC12
8.766866327472918,118.4,C1=CC23CCC(C2)C3CC1
7.383150154685154,26.31578947368421,C/C=C1\c2ccccc2-c2cc3ccccc3cc21
7.387381510584186,80.0,[2H]C1C=CC=CC([2H])C=C1
7.8574253601434645,50.25,[CH]1C=CC=CCC=C1
7.8854643828277835,63.0,C=C1C=CCC2=C1CCC2
5.602747463346635,46.90909090909091,Cc1ccc2c(c1)C(C)C=C2
7.768993596162672,40.0,C1#CCC=CC=C1
8.42088924567172,102.88888888888889,C=C1CC2CCC1(C)C2
7.8470051189848515,43.6,C#CC1Cc2ccccc21
7.978973118299607,53.75,C=C1C=CCC=CC1
7.871820755804396,43.142857142857146,CC1=CC=C(c2ccc(C)cc2)CC1
7.23320188670197,40.333333333333336,C1=Cc2cc3c(cc2C1)C=CC3
7.8252224547080855,36.57142857142857,[C]1=CCC#CC=C1
6.54415610546599,61.6,C1=CC=C2CC=CC2C=C1
3.403963666082446,64.5,C/C=C1/C=C(C)CC1
7.989954761953126,32.57142857142857,C=CC#CC(C)C
7.302502144763677,42.90909090909091,[C]1=CC=CC2=CC=CC=C1C2
8.732549199551357,100.8,CC1(C)C2=CCC[C@@]2(C)[C@@]2(C)CC[C@@H]1C2
7.612921464286385,40.0,C1#CCC#CC1
7.8229582938787265,43.27272727272727,C1=CC2C=c3ccccc3=C12
6.54415610546599,61.6,C1=CC=C2CC=C[C@@H]2C=C1
7.48021203475925,27.0,Cc1ccc2cccc-2c(C)c1
7.548323062564259,19.666666666666668,C1#Cc2ccccc2C#CC=C1
6.700948134319272,71.11111111111111,C1=CC2CC=CCC2=C1
3.0027095247030875,41.8,CC1=CCC(C)(C)C2=C1c1cc3ccccc3cc1C2
6.884004498470775,7.888888888888889,C#CC#C[CH]C#CC#C
7.9539197117466,27.666666666666668,Cc1ccccccccc1C
6.155909290244515,49.42857142857143,CC1=Cc2cc3c(cc2C1)=CC(C)C=3
7.986542969694952,30.0,C=C(c1ccc2ccccc2c1)C(C)(C)C
7.713014564622206,52.0,C1=CCC2=C(C=C1)C=CC2
7.572198072568975,28.0,CC#Cc1ccc(CC)cc1
7.977850410776053,35.5,C=C(C)C#CC(C)C
7.722925705426695,44.6,CC1=CC(=C(C)C)C=C1C
6.735939680019086,45.09090909090909,C1=CC=C2C=CC=CC(=C1)C2
7.204725111682326,28.666666666666668,C#Cc1ccc(C#C[C]2[CH][CH][CH][CH]2)cc1
7.460673935777718,24.2,Cc1cc(C)c2cc3ccc4ccccc4c3cc2c1
7.816308563076046,42.0,CC1=Cc2cc(C)c(C)cc2C1(C)C
7.3689844168169385,22.526315789473685,Cc1cccc2c1ccc1cc3ccccc3cc12
7.67156437514915,33.63636363636363,C=c1ccc2c(c1)C=CCC=2
3.554890867886809,33.333333333333336,CC(C)=CCc1ccc(C)cc1
7.936474945749755,36.0,CC(C)(C)C1=Cc2c(ccc3ccccc23)C1
7.998846245213107,43.5,[CH2]C1C=Cc2ccccc21
7.039390827126062,98.28571428571429,C1=C2CCC2CC1
7.8953566905200905,64.8,C1=CC2=CCCC=C2CC1
5.170946105326872,46.0,CC1C=Cc2ccccc21
7.9281015389842056,50.666666666666664,CC1=CCC=CC(C)=C1
8.279317028995177,85.33333333333333,CC1=CC2C=CC1(C)C2
7.468012405062979,31.8,C[C]1C=Cc2ccccc21
4.15695698424293,63.75,C=C1CCC=C(C)C1
7.837538741802141,32.4,C/C=C\c1ccccc1C
6.966847933254369,46.10526315789474,CC1=C(/C=C/C#Cc2ccccc2)C(C)(C)CCC1
7.685242083083346,58.5,C=C1C=CC(C(C)(C)C)=CC1C
6.971246977370608,60.44444444444444,C1=CC=C2CCC(=C1)C2
7.3943755549889545,40.333333333333336,C1=Cc2c(ccc3c2CC=C3)C1
7.4490662452101954,27.11111111111111,Cc1ccc2c(c1)Cc1c-2ccc2ccccc12
5.170946105326872,46.0,C[C@H]1C=Cc2ccccc21
7.4684177805142955,42.57142857142857,CC1=Cc2cc3c(cc2C1)CC(C)=C3
7.039390827126062,98.28571428571429,C1=C2CC[C@H]2CC1
7.304565320134681,61.05263157894737,c1ccc(C23CCC(c4ccccc4)(CC2)C3)cc1
7.898600691234508,42.666666666666664,CC(C)(C)C#CC(C)(C)C#CC(C)(C)C
7.903599113678371,36.21052631578947,CC(C)c1ccc2c(c1)Cc1cc(C(C)C)ccc1-2
7.374560921521226,27.529411764705884,C1=Cc2ccc3cc4ccccc4cc3c2C1
5.170946105326872,46.0,C[C@@H]1C=Cc2ccccc21
5.1074968044857325,37.86666666666667,CCc1cc(C)c(C(C)=C(C)C)c(C)c1
8.233334322737736,92.0,C=C1C(=C)C2CCC1C2
7.8309415325963325,87.33333333333333,CC1(C)[C]2CCC1CC2
8.025245999169782,107.63636363636364,CC(C)C12CCC(CC1)CC2
7.565311115063686,34.75,CC1=Cc2cc3cc(C)c(C)cc3cc2C1
6.181145647465216,56.8,CC1=C2C=CC=CC2C=C1
7.739018029311575,23.142857142857142,C#C[C]1[C][C][C][C]1
8.82659894817345,139.33333333333334,C1=C[C@H]2C[C@@H]1[C@H]1[C@H]3CC[C@H](C3)[C@@H]12
7.327800729439434,76.44444444444444,CC1=CC2C=CC1C=C2
7.491830225318625,23.333333333333332,[CH]c1ccc2cc(C)ccc2c1
7.780695138948578,37.0,[C]1=CC=CC=CC=C1
7.694669695042857,21.428571428571427,C=c1cccc(-c2ccccc2)c1=C
8.09029203440314,76.94117647058823,CC(C)c1ccc(C23CCC(CC2)CC3)cc1
7.901182986948006,62.22222222222222,CC#CC1=CCCCC1
7.423547926756457,25.25,Cc1cc(C)c2cc3ccccc3cc2c1
6.986244068559784,40.0,C1=CC=CC=CC=C1
7.932440869516891,51.07692307692308,C/C=C1/CCc2cc(C)ccc2C1
8.590598477752488,112.0,CC1CCCC2=C1C1CCC2C1
6.535274387297795,58.666666666666664,CC1=C(C)C(C)(C)C(C)(C)C=C1
7.1427282917532775,78.85714285714286,CC1=C(C)[C@H](C)C1
7.321846188280627,21.77777777777778,CC#Cc1ccccc1
3.712456987901456,72.8,CC1=CC2=C(CCC2)CC1
6.328058980263617,68.0,C1=CC2CCC3=C2C(=C1)C=CC3
7.858193584033174,115.0,CC1(C)CC2CC1C2
5.941275143653849,41.111111111111114,C1=CCC2C(=C1)C=Cc1cc3ccccc3cc12
7.358629052615413,24.2,Cc1cc2ccc3c4ccccc4ccc3c2cc1C
7.869139490635447,55.5,CC=C1CC(=CC)C1
7.940393919737218,51.2,CC1=CC=C(C)CC(C)=C1
7.272690532774423,72.0,CC1=CC(C)C=CC1
7.617356114225984,30.22222222222222,C=Cc1ccc2c(c1)Cc1ccc(C=C)cc1C2
7.9726752946403145,54.0,C=C1CCC=CC=C1C
6.415736066527316,48.30769230769231,CC1=Cc2cc(C)c(C)cc2C1C
7.9971757748123,76.4,C/C=C1\CCC1=C1CCC1
8.460430585727078,91.63636363636364,CC1=C(C)C2CC(C1)C2(C)C
7.608761429340794,29.23076923076923,CCc1cc2ccc(C)ccc-2c1
7.963008552732488,59.55555555555556,CC1=CCC(C)=C(C)C1
7.016142765032555,21.666666666666668,CC#Cc1ccc(C#CC)cc1
7.841383617362984,36.57142857142857,CC(C)=C(C)c1c(C)cc(C)cc1C
8.342300421806526,85.4,CC(C)=C1[C@@H]2C=C[C@H]1CC2
4.175358858939164,43.714285714285715,Cc1cccc2c1C=C1C=CC=CC12
8.385270015099518,108.75,C=C1CC2CCC1C2
7.753787280166403,120.85714285714286,c1ccc(C23C4C5C6C4C2C6C53)cc1
7.719830705064935,105.0,CC1C=C2CCC2C1
6.271452762986243,35.529411764705884,CC(C)c1ccc2c(C(C)(C)C)cccc2c1
8.554445411751308,121.45454545454545,CC1C2C=CC23CCCCC13
7.228136376252092,40.0,[2H]C1=C([2H])C([2H])=C([2H])C([2H])=C([2H])C([2H])=C1[2H]
7.562335702658125,40.0,[2H]C1=CC=CC=CC=C1
8.359659319794332,79.2,CC12C=CC=CC(C=C1)C2
5.808984812223166,47.142857142857146,C1=CC2=CCc3ccccc3C2C=C1
8.291888597843599,80.0,CC/C=C/C1=C2CCC(C1)C2
8.427281534788532,97.6,CC12CCC3(CC1)C(=CCCC3(C)C)C2
7.5715972441737325,31.0,CC#CC#CC(C)C
6.034354123300449,53.0,C#CC1=CC=CC1C
3.824209806363524,31.529411764705884,CCCc1ccc(-c2ccc(C)cc2C)cc1
8.3106046616346,100.57142857142857,[C]1C2C=CC1CC2
7.35646329631871,16.88888888888889,[CH]C#Cc1ccccc1
6.685994547717544,73.0,CC1(C)CC=[C]CC1
8.817693306996178,116.4,C[C@@H]1C[C@H]2[C@@H]3CCC[C@@]3(C)CC[C@@H]2[C@@]2(C)C=CC=C[C@H]12
7.86281543673587,37.45454545454545,C#CC1C=Cc2ccccc21
7.390319177518375,85.71428571428571,CC1=CCCC1C
8.342300421806526,85.4,CC(C)=C1C2C=CC1CC2
7.879572938397558,54.0,CC1=CC=C(C)C1C
5.53328673739923,46.13333333333333,CC1=Cc2c(ccc(C)c2C)CC1(C)C
7.621099842776463,71.0,C1=CCC2=C(C1)CC2
8.382950046925144,103.27272727272727,CC1(C)C2CCC(C2)C1(C)C
7.509310342061247,27.11111111111111,Cc1cc(C)cc(C#Cc2cc(C)ccc2C)c1
7.53669361912768,38.18181818181818,CC1=CCc2ccc(C)cc21
7.853852435683258,89.0,C=C1C=C[C@@H]2[C@@H]3C=CC(=C)[C@@H]3[C@H]12
7.906367196710825,32.30769230769231,C#Cc1ccc(C(C)(C)C)c(C)c1
4.761557626272237,45.333333333333336,CC(C)C#CC(C)(C)C
8.27358842703504,105.42857142857143,[CH]1CC2C=CC1C2
8.01584361064495,69.33333333333333,CC12C=CC(=C1)C2(C)C
8.239011461186148,105.42857142857143,[CH]1[C@@H]2C=C[C@H]1CC2
8.28371199809698,112.0,C1=C[C@@H]2CCC1C2
7.682771795391437,51.2,C#CC#CC1=CCCCC1
8.367556132738043,112.0,[3H]C1=CC2CCC1C2
6.507905664400332,56.72727272727273,CC1=C(C)C2C=CC=CC2=C1
8.367556132738043,125.71428571428571,[2H]C1C2C=CC1CC2
7.167439838343983,34.54545454545455,C1=Cc2cccc3c2C1=CC3
7.692592785707431,30.333333333333332,CC(C)(C)C#Cc1ccccc1
7.952737271563281,50.44444444444444,C(#CC1=CCCc2ccccc21)C1=CCCCC1
7.305662498099792,35.05882352941177,c1ccc2cc3cc4c(cc3cc2c1)CCC4
7.856448714108546,59.63636363636363,CC1=CC2=C(C)CCCC2=C1
7.7985627985207095,41.77777777777778,CC1=CC=CC=CC=C1
7.610894622258994,38.888888888888886,c1ccc2c(c1)ccc1c3c(ccc12)CCCC3
7.025503526807338,66.0,CC1=CC(C)C(C)=C1
8.428900438088611,99.55555555555556,CC1(C)C2C=CCC1C2
8.896272029801887,137.45454545454547,CC1C2CCC3C2CCC13C
3.694214311959642,38.8,C1=CC2C(=Cc3ccccc32)C2=C1c1ccccc1C2
8.437809383166595,82.72727272727273,C=C1CC2(C)C=CC1C2(C)C
7.783048126532616,46.22222222222222,C1=CC2(C=C1)C=CC=C2
8.46779315641847,78.13333333333334,C1=C[C@H]2C[C@@H]1[C@@H]1C=C(c3ccccc3)[C@@H]12
8.681956990782748,116.57142857142857,CC1(C)C2CC3CC(C2)C(C)(C)C1C3
7.796448543484176,99.55555555555556,CC1=CCC2CC1(C)C2
8.3106046616346,100.57142857142857,[C]1[C@@H]2C=C[C@H]1CC2
7.366921028701761,30.333333333333332,C1=CC=Cc2ccccc2C=C1
8.669909509722922,157.33333333333334,CC12[C@@H]3C4CCC5[C@H]([C@H]41)C2(C)[C@@H]53
6.946197035733632,15.555555555555555,C#Cc1ccccc1C#Cc1ccccc1C#C
5.942787450148019,51.0,C/C=C1/C=C(C(C)(C)C)C=C1C
7.249319710355076,75.27272727272727,c1ccc2c(c1)CC1CC2C1
5.914297515507692,72.0,CC1=C(C)CC(C)(C)CC1
6.151869260798472,47.666666666666664,Cc1ccc2c(c1C)C=CC2C
7.557785434358133,47.666666666666664,C1=C2C=c3ccc4c(c32)C(C=4)C1
8.06515676150023,115.07692307692308,CC1=C(C)C2CC3CC(CC1C3)C2
8.367556132738043,112.0,[2H]C1=CC2CCC1C2
7.488601354275692,31.77777777777778,C1=CCc2c(ccc3cc4ccccc4cc23)C1
8.239011461186148,105.42857142857143,[CH]1C2C=CC1CC2
6.866580047608395,83.0,C1=C[C@@H]2CCCC2=C1
8.428900438088611,99.55555555555556,CC1(C)C2CC=C[C@@H]1C2
7.888444268201942,23.733333333333334,C=c1ccc(=Cc2ccc(C)cc2)cc1
7.294098697169318,70.88888888888889,C#CC1(C)CCC(=C)C1
9.000312085205914,144.0,CC1(C)C2CC3C4CC5CC3C1C(C5)C4C2
8.232418278473677,169.71428571428572,C1C[C@H]2[C@@H]1[C@H]1C3C([C@@H]4[C@@H]5CC[C@@H]5[C@H]34)[C@@H]21
7.240304017241731,18.933333333333334,C#Cc1cc2ccc(C)cc2cc1C#C
7.962547066575499,38.46153846153846,CC1(C)C=CC=c2ccccc2=C1
8.310604661634597,100.57142857142857,[C]1C[C@H]2C=C[C@@H]1C2
7.590494519269395,96.0,C1=C[C@H]2CCC[C@@H]2C=C1
7.616101881570462,31.2,C1=CCC=c2cc3ccccc3cc2=C1
7.318383038995467,72.8,CC1=CCC2(CC=CC2)C1
7.708321552271409,47.0,C#CC1=CCC=CC1
5.567611313793494,39.733333333333334,CC1=Cc2c(ccc3ccccc23)C1C
7.028214869123097,20.857142857142858,C#Cc1ccc2cccc3c2c1C=C3
8.463077599004116,98.2,C=C1C[C@@H]2C[C@H](C1)C2(C)C
6.279817569724557,52.18181818181818,C=C1C=CC2C=CC=CC=C12
7.447315262980864,18.571428571428573,[CH]c1ccc2c([CH])c([CH])ccc2c1[CH]
8.421768791333346,79.05882352941177,CC1=C(C)C2(C)C(C)(C)C(C)(C)C1(C)C2(C)C
7.806614899664295,116.57142857142857,CCC12CC(C1)C2
7.973029577728272,45.6,C(#CC1=CCCCC1)Cc1ccccc1
8.35888282793107,112.0,[2H]C1=C([2H])C2CCC1C2
7.574625623334928,33.63636363636363,C=C1CC=Cc2ccccc21
7.8414592445791005,54.0,C#CC1(C#C)CCC1
7.906742150078747,36.666666666666664,CCCC#C/C=C\C#CCCC
7.5896861920719765,25.833333333333332,Cc1c[c]c2ccccc2c1C
8.28371199809698,112.0,C1=CC2CCC1C2
5.672027283493233,43.733333333333334,C=C1C=CC=C2C=CC(C(C)(C)C)=C[C]12
8.603366008519716,119.2,C[C@@H]1[C@H](C)[C@@H]2C=C[C@H]1CC2
8.233334322737736,92.0,C=C1C(=C)[C@H]2CC[C@@H]1C2
7.496146650143864,27.0,Cc1ccc2ccccc2c1C
7.476609553911017,27.058823529411764,Cc1ccc2cc3cc(C)cc(C)c3cc2c1
7.8198945037438765,38.46153846153846,CCc1ccc(C2=CC=CC2)cc1
6.910948042644742,54.0,CC1C#CC=CC=C1
7.6131764618879885,28.625,CC(C)=C1C=Cc2c1cc1cccccc2-1
7.225239401857117,24.0,C#Cc1ccc2c(c1)Cc1ccccc1-2
6.224199561703697,40.0,CC(C)=C(C)c1c(C)cc(C(C)(C)C)cc1C
7.306471883735091,29.529411764705884,C(#Cc1cccc2ccccc12)[C]1[CH][CH][CH][CH]1
8.473767171788847,98.2,CC(C)=C1C[C@H]2CC[C@@H]1C2
7.90215658279355,32.44444444444444,CC1c2ccccc2-c2cc3ccccc3cc21
8.428848752986141,95.11111111111111,C1=CC23CCC2=CC1C3
8.432237631685565,102.54545454545455,C1=C[C@@H]2[C@H](C=C1)[C@@H]1C=C[C@H]2C1
7.962097526160669,60.0,CC1=CCCC(C)=C1
7.789107019855182,40.8,Cc1cc2c(cc1C)C=CC(C)(C)C=C2
8.180072933274834,69.38461538461539,CC(C)=C1C=C2C(=C1)[C@H]1C=C[C@@H]2C1
3.4750915955005492,42.0,Cc1ccc2c(c1C)C=C(C(C)C)C2
7.364026021091159,70.85714285714286,CC1[C]=CC=CC1
7.870936776359154,32.30769230769231,CC(C)(C)CC#Cc1ccccc1
7.578547715286916,23.058823529411764,C=Cc1c(C)ccc2cc3ccccc3cc12
7.140752105303851,21.647058823529413,C#Cc1ccc2c(c1)Cc1cc(C#C)ccc1-2
7.942068211532369,47.142857142857146,C#Cc1ccc2c(c1)C(C)(C)CCC2
7.980835313024937,112.8,CCC12CCC(CC1)CC2
7.799525368397842,103.11111111111111,CC(C)(C)C12CC(C1)C2
7.4522795660357115,27.11111111111111,Cc1cccc2c1Cc1c-2ccc2ccccc12
7.652125646225722,76.66666666666667,CC(C)(C)C12C[C](C1)C2
3.878337096731676,45.42857142857143,CC(C)(C)C1=CCc2ccccc2C1
6.2956347288973005,66.18181818181819,CC1=C(C)C(C)(C)C(C)(C)C1
7.033392004883075,67.71428571428571,CC1[CH]C=CC=C1
7.864416804685311,28.25,CC(C)(C)C#C/C=C/C#Cc1ccccc1
6.521593491380564,71.2,C1=CC2C=CC(C=C1)C=C2
7.714938624079045,39.666666666666664,CCc1ccc2c(c1)C(C)=CC2
8.823170761541975,106.5,CCC(C)C(C)C(C)C1CC2C(CC)CC21
8.559767262459506,115.2,C1=C[C@@H]2[C@@H](C1)[C@H]1C=C[C@@H]2C1
8.660762545400546,115.1,[CH2][C@@H]1CC[C@@H]2C[C@H]1C2(C)C
7.932493065024654,50.333333333333336,Cc1ccc2c(c1)C(C)(C)CC2
7.353991080638607,9.5,C#CC=C(C#C)C#C
7.486626780840375,71.77777777777777,C=C1CCC#CC(C)C1
6.732937376689453,71.11111111111111,C1=CC2=CCCC2C=C1
7.788492599607718,49.42857142857143,C1=C2CC(c3ccccc3)=C2CCC1
5.705145773650946,55.42857142857143,CC(C)C1=CC2=C(C1)CC(C(C)C)=C2
6.812009336181036,47.42857142857143,C=CCC(C)(C)C
6.732937376689453,71.11111111111111,C1=CC2=CCC[C@@H]2C=C1
8.28371199809698,112.0,C1=C[C@H]2CC[C@@H]1C2
7.909508178460662,25.75,CC=c1ccc(=Cc2ccc(C)cc2)cc1
8.418966990050885,73.45454545454545,C1=CC2=CC3C=CC2(C=C1)C3
1.9276670005145364,45.333333333333336,C1=CC2=C3C=CC2=C1C3
7.4268039697057295,35.5,Cc1ccc2c(c1)Cc1cc(C)ccc1C2
6.14023635486383,40.75,CC1=Cc2c(ccc3c(C)cccc23)C1C
7.243334477458108,83.33333333333333,[CH]C1C=CCC1
7.431083149428521,25.25,Cc1ccc2cc3ccccc3cc2c1C
8.65535416596805,144.88888888888889,C1CC2C3CCC2C1C3
7.707469311005723,57.6,C#CC1C=CC(C#C)C=C1
7.931547570342376,39.0,Cc1ccc(C(C)(C)C)c(C)c1
8.496949201200614,98.2,C=C1[C@@H]2CC[C@@H](C2)C1(C)C
7.472566073585874,81.33333333333333,C(#CC1C=CCC1)C1C=CCC1
8.496949201200614,98.2,C=C1C2CCC(C2)C1(C)C
8.496949201200614,98.2,C=C1C2CC[C@H](C2)C1(C)C
5.359895151040034,31.4,CCCc1ccc2cc3cc(C(C)C)ccc3cc2c1
6.946579036100922,20.4,c1cc2ccc3c(cc2c1)c1cccc2cccc3c21
8.496949201200614,98.2,C=C1[C@H]2CC[C@H](C2)C1(C)C
8.496949201200614,98.2,C=C1C2CC[C@@H](C2)C1(C)C
4.883049256507964,65.14285714285714,CC1=CC(C)(C)C1
8.496949201200614,98.2,C=C1[C@H]2CCC(C2)C1(C)C
7.681439795391437,44.8,[CH]c1ccc2c(c1)CCC2
5.364217521549201,39.142857142857146,Cc1cc(C)cc(/C=C/C(C)(C)C)c1
7.9440432190481705,40.92307692307692,CC(C)(C)C1C=c2ccccc2=C1
7.880347707075923,97.0,C#C[C@H]1CCC[C@H]1C
7.617378440512612,35.142857142857146,C1=c2ccc3ccccc3c2=CCC1
7.842334056771353,47.666666666666664,Cc1ccc(C2=CCCC2)cc1
6.646781408809316,66.46153846153847,CC1(C)C=CC=CC2=C1CCCC2
7.175883754833839,34.333333333333336,c1ccc2cc3c(cc2c1)CC3
6.023022656003917,41.55555555555556,C[C@@H]1CCc2c1ccc1c2ccc2ccccc21
7.380660613828917,27.529411764705884,C1=Cc2c(ccc3cc4ccccc4cc23)C1
7.49708133783958,24.88888888888889,Cc1ccc(C)c2cc(-c3ccccc3)ccc12
7.0157157609322685,8.4,C#CC(C#C)=C(C#C)C#C
7.581901517255224,31.77777777777778,C1=Cc2c(ccc3cc4ccccc4cc23)CC1
7.735306181231588,35.07692307692308,CC1=C/C(=C\c2ccccc2)C=C1
7.590494519269395,96.0,C1=C[C@@H]2CCC[C@H]2C=C1
8.394796654925543,85.4,C=C1C2C=CC(C2)C1(C)C
7.680809590975315,120.57142857142857,C1CC2CCC1C1=C2C2CCC1CC2
7.601578502914992,27.11111111111111,[CH]=Cc1ccc(C)cc1
8.461497123986401,103.33333333333333,CC1(C)C2CCCC(C2)C1(C)C
6.506295023952978,76.36363636363636,C1=CC2=C(C1)CC1CCC1=C2
7.916559348151289,31.529411764705884,Cc1ccccc1-c1ccc(C(C)(C)C)cc1
7.797944488995962,39.42857142857143,CC(C)(C)C#C/C=C/C#CC(C)(C)C
5.122328385191535,42.8235294117647,C1=C2c3ccccc3CC2Cc2ccccc21
7.664344174778346,23.142857142857142,[CH]c1ccc(-c2ccccc2C)cc1
7.656578950146592,28.0,Cc1ccc2cc(-c3cc(C)c(C)cc3C)ccc2c1
7.791520463590739,44.0,CC(C)C#CC(C)C
8.307912428837561,78.15384615384616,C1=CCCC2=C(C=C1)C1C=CC2C1
7.496489822211875,25.25,Cc1ccc2cc3c(C)cccc3cc2c1
7.570005082330489,24.0,C=Cc1ccc2ccccc2c1C
5.648881696675666,54.22222222222222,CC(C)(C)C1=CCC=C1
7.2467229860039915,21.3,C1=c2c(cc3cccc4cccc2c43)-c2ccccc21
4.3098733071083695,41.86666666666667,CC1=C(c2ccccc2)C=CCC=CC1
5.641346158486503,59.0,C1=CC2CCc3cccc(c32)C1
8.345655654496513,105.0,CC1=CC2CC[C@H]1C2
3.9064273171371813,20.75,C1#C/C=C\C#Cc2ccccc2C#C/C=C\1
7.860404706405021,69.33333333333333,CC1=CC2=C(CCC2)C1
7.927971222242125,52.0,C=C1CC=C(C)C(=C)C1
8.529606474427347,117.0,C[C@H]1C[C@@H]2C=C[C@H]1C2
5.890458503550651,59.0,C1=CC2CCCc3cccc1c32
6.7350894187093004,73.77777777777777,CC1=CCCCC1(C)C
8.950844382341375,149.2,CC(C)=C1C2C3C4CC5C3C1C1C5C4C21
7.884306872451122,84.36363636363636,CC1=C[C@]2(C)CC=C[C@@]2(C)C1
8.040259389297667,109.84615384615384,C=C1C(=C)C2CC3CC(CC1C3)C2
7.196943513885178,27.076923076923077,[3H]C1c2ccccc2-c2ccccc21
1.5844082223541678,64.0,CC1=CC2=C(C=CC1)CCC2
7.940217761008727,49.111111111111114,CC(C)(C)C1=CC=C[CH]1
7.829351562314962,60.0,CC1=CCC2=C(C=CC2)C1
7.290865227001824,21.0,C=c1ccc2c(ccc3cc(=C)ccc32)c1
5.890458503550651,59.0,C1=C[C@@H]2CCCc3cccc1c32
5.890458503550651,59.0,C1=C[C@H]2CCCc3cccc1c32
7.652370362491332,40.92307692307692,CC1=C(C)c2cc(C)c(C)cc2C1
6.821785908492753,67.6,C/C=C1\C=CCCC1(C)C
7.854114032540226,47.333333333333336,Cc1ccc2ccc3c(c2c1)CC1=C3CCCC1
7.079588721207687,20.666666666666668,[13cH]1[13cH][13cH][13c]2[13cH][13c]3[13c]([13cH][13cH][13c]4[13cH][13cH][13cH][13cH][13c]43)[13cH][13c]2[13cH]1
8.520858131821624,137.6,C1C[C@@H]2C/C(=C3\C[C@@H]4CC[C@@H]5CC[C@@H]3[C@H]54)[C@H]3CC[C@@H]1[C@H]23
7.428902688562813,68.22222222222223,CC(C)=C1C=CC(C)C1
7.70629977660844,32.0,Cc1cc2c(cc1C)CC(c1ccccc1)=C2
7.872014975690275,80.0,CC1(C)CCC1(C)C
7.50123973908651,25.41176470588235,CCc1ccc(C#Cc2ccc(C)cc2)cc1
7.919573937174251,50.666666666666664,CC1=CC=CCC(C)=C1
8.507451986222616,113.875,[CH2][C@H]1C[C@@H]2C=C[C@H]1C2
7.817022829084701,92.0,CC1=CC[C@@H]2CC=C[C@@H]2C1
7.874926928579277,30.0,CCc1ccc(-c2ccccc2CC)cc1
7.5176703755060625,24.2,CCc1c2ccccc2cc2cc3ccccc3cc12
8.408417037802286,94.22222222222223,CC12C=CC(C1)C2(C)C
7.828871571367129,45.09090909090909,C1=CC=CC2(C=C1)C=CC=C2
7.481186209819666,58.72727272727273,CC1=CC(C)C(=C(C)C)C=C1
6.851334999018131,69.6,CC1C=CC2=CCCC=C21
7.291893137529051,33.42857142857143,CC1=Cc2cc3c(cc2=C1)C=C(C)C=3
7.684934608455298,59.38461538461539,C1=CC2CC1c1cc3c(cc12)=CC=3
7.722721151092046,42.166666666666664,CC(C)=C1Cc2ccccc2C1
7.815188852565341,71.0,C1=CC2=C(C1)CCC2
8.199903781032798,108.8,C1CC2=C(C1)[C@H]1CC[C@@H]2C1
7.559153265687437,35.142857142857146,C1=Cc2c(ccc3ccccc23)CC1
8.35456199685041,90.8,C/C=C1\CC2CC1C=C2C
3.403963666082446,64.5,C/C=C1\C=C(C)CC1
6.374770580371331,70.54545454545455,CC1=C(C(C)(C)C)CCCC1
8.810941601833182,85.86666666666666,CC1(C)C2=CC=CC(C)(C)[C@]23CC[C@H]1C3
5.673844607720618,58.46153846153846,C=C1CC2(CC1=C)CC(=C)C(=C)C2
8.810941601833182,85.86666666666666,CC1(C)C2=CC=CC(C)(C)C23CC[C@H]1C3
2.848442982147497,52.0,Cc1ccccc1C1=CCCCC1
8.684774914781842,134.0,C1=CC2C3CC1C2C3
6.951399990827686,20.857142857142858,c1ccc2cc3cccc3cc2cc1
7.255333414968067,19.75,[CH]c1ccc2c(ccc3cc([CH])ccc32)c1
7.736029761656251,57.0,CC#CC1=CCCC1
7.631385064321776,36.705882352941174,Cc1ccc2c(c1)-c1cc(C)c(C)cc1CC2
7.786940134906101,29.75,[C]#Cc1ccc(C(C)(C)C)cc1
7.883092624551732,129.77777777777777,CC1CC2(C)CC(C)C12
5.079225921794366,55.714285714285715,C=C1C#CCCC1
7.454310574562461,35.5,Cc1cc2c(cc1C)Cc1ccccc1C2
7.447242362066717,25.41176470588235,Cc1ccc(C#Cc2ccc(C)cc2C)cc1
7.931778980439069,159.2,C1C[C@H]2C3C([C@@H]12)[C@@H]1CC[C@H]31
7.11427675192342,14.8,C#Cc1ccc(C#C)cc1
7.641324267887595,82.57142857142857,CCC12C[C](C1)C2
7.449716238846359,86.0,CC1[CH]CCC=C1
7.744928527925199,46.666666666666664,C/C=C1\CCc2cc(C)ccc21
5.866968900705224,49.4,C=C1C=CC(C)(C)C(C)=C1
7.866118035732967,36.666666666666664,CC(C)(C)c1ccc2cc(C(C)(C)C)cc-2cc1
7.175927052503808,44.36363636363637,C1=CC2=C3C=CC=C3CC2=C1
8.59124588232128,145.45454545454547,C1C2CC1C1CCC13CCC23
7.647990384412497,26.571428571428573,C#Cc1ccc(C#CC(C)(C)C)cc1
7.646017737854567,72.3076923076923,CCc1ccc(C23CC(C2)C3)cc1
7.771088580373052,39.714285714285715,CC1=CC(c2ccc(C)cc2)C=C1C
5.636043610866854,43.111111111111114,CC1(C)CCCc2cc(-c3ccccc3)ccc21
7.72971667308575,21.714285714285715,Cc1c#cccc1
8.548110962055505,91.16666666666667,C=C1C2CCC(C1(C)C)C2(C)C
7.073844248474398,59.75,C=C1C=CC=CC1C
7.721327795391438,36.4,CC1C=c2ccccc2=C1
6.426585995399257,43.78947368421053,C=C(C)c1ccc2c3c(ccc2c1)C(C)(C)CCC3
8.529606474427347,117.0,C[C@@H]1C[C@H]2C=C[C@@H]1C2
7.355696710694186,27.058823529411764,Cc1cccc2cc3c(C)ccc(C)c3cc12
7.836689102183037,33.1,C[C](C)c1ccccc1C
7.734077203340603,28.8,C=C(C)c1ccccc1C
8.207671450203245,72.3076923076923,Cc1ccc2c(c1C)C1CCC2C1
8.060734001185706,138.0,C1CC23CC[C@H]2C[C@H]13
7.51195862178149,27.076923076923077,c1ccc2c(c1)[14CH2]c1ccccc1-2
7.900503488490005,33.333333333333336,CC(C)[13c]1[13cH][13cH][13cH][13cH][13cH]1
7.557224656761146,43.333333333333336,[CH]1CCc2ccccc21
7.995125054479741,57.333333333333336,C1=CC2=C3C=CC=CC3CC2=C1
7.5518689376976,38.4,C#CC1=CCC(C#C)=CC1
7.544841882565057,72.6,CC(C)=C1C=CC2C=CC12
7.672416044234782,45.09090909090909,C1=CC=C2CC=CC=C2C=C1
7.5007919368867935,41.0,CC#CC1=CC=CC1
7.937951377651582,60.25,CC1(C)CCc2cc3c(cc21)C(C)(C)CC3
7.502641351554959,96.0,C1=CC2=C(C1)CC1CC2C1
7.618410117497099,79.0,C1=CC2C=CC2C=C1
7.863690792177069,50.666666666666664,C1#CCCC=C1
7.711649249846988,40.22222222222222,CC1=CCCC2=C1c1cc3ccccc3cc1C2
7.134731757313724,22.2,C1=c2ccccc2=c2cc3c(cc21)=c1ccccc1=C3
7.9522708567490685,51.63636363636363,CC1=C(C)C=CC(C)(C)C=C1
7.624317190314482,26.285714285714285,Cc1ccc(-c2ccccc2)c(C)c1
3.4910104562710123,50.0,C1=C(C2CCCC2)Cc2c1ccc1ccccc21
7.549996448761521,45.23076923076923,C1=CCC2=C(CC1)c1ccccc12
8.207671450203245,72.3076923076923,Cc1ccc2c(c1C)[C@@H]1CC[C@H]2C1
8.640024964841915,124.36363636363636,CC12CC3CC(C)(C1)C3(C)C2
7.322962767675072,25.88235294117647,C(#Cc1ccc2c(c1)C=CC2)c1ccccc1
7.437088578331581,37.77777777777778,Cc1cc2c(cc1C)-c1cc(C)c(C)cc1CC2
7.5869798391140115,39.0,C=C1CCC=C2C1=Cc1ccccc12
7.928585780857476,42.25,CC1(C)C=CC2=C(C=C1)c1ccccc1C2
7.496352416253462,64.8,C1=CCC2=C(C1)CC=CC2
8.248599837632643,92.75,C=C1C[C@H]2C=C[C@@H]1C2
5.459536912705843,56.0,CC1=C(C)CC=CCC=C1
7.18321370431356,21.666666666666668,C=C1c2ccccc2-c2cc3ccccc3cc21
8.141968854605006,89.33333333333333,C[C@@H]1C[C@H](C)[C@H]2Cc3ccccc3C[C@@H]21
7.985707384033873,52.0,CC1=C(C)CCC#C1
7.714011076053471,49.4,[CH]1CCc2ccccc2C1
7.621153371785392,88.88888888888889,C1CCC(=C2CCC2)C1
4.984622321426503,35.07692307692308,C=C(c1ccc(C)cc1)C(C)(C)C
7.452902752791152,21.666666666666668,C#Cc1ccc(CC)cc1C#C
7.826699067143378,123.42857142857143,CC12CCC(C1)C2
3.955411679665774,41.42857142857143,Cc1cc(CC(C)(C)C)cc(C)c1C
7.051800445880399,43.714285714285715,c1cc2c3c(ccc2c2c1CC2)CC3
7.86108129508055,43.2,CC1=CC=CC=CC(C)=C1
5.843439284945825,64.0,[C]1=CC=CCCC1
8.681835074551369,96.0,CC1=C2CC3CCC2(C1)C3(C)C
5.843439284945825,64.0,[C]1=CCCCC=C1
8.248599837632643,92.75,C=C1C[C@@H]2C=C[C@H]1C2
7.331983562887345,26.444444444444443,Cc1cc2cc3c4c(cccc4c2cc1C)C=C3
7.528889658763633,23.11111111111111,[C]=Cc1ccc(C)cc1
7.438274511512276,80.0,CC1=CC2=C(CCC(C)C2)C1
7.417357594048197,95.0,C1=C[C@@H]2CC[C@@H]2C=C1
5.643361626619811,4.1,[C]#CC#CC#CC#CC#C
6.866580047608395,83.0,C1=CC2CCCC2=C1
6.4819729984462,69.11111111111111,C=C1CC2CC=CC=C12
8.618277086862486,138.8235294117647,CC(C)C12CC3C4CC5CC3C(C1)C(C5)C4C2
6.83140244809158,63.75,C=C1C(C)=C(C)[C@H]1C
7.408553876842427,36.5,[CH]1C=c2cccc3c2=C(C=C3)C1
7.20290928719098,76.8,C1CC2=C1CC1=C(CC1)C2
7.784098076720189,49.42857142857143,C1=CC2=C(CC1)Cc1ccccc1C2
8.054951714900564,104.0,C[C@@H]1[C@@H](C)CCC1(C)C
5.89172473627353,56.333333333333336,C1=CC2c3ccccc3C2C=C1
3.8492719828560436,54.4,CC1=CC(C)=C(C)C1(C)C
7.417357594048197,95.0,C1=CC2CCC2C=C1
6.83140244809158,63.75,C=C1C(C)=C(C)[C@@H]1C
6.194437977197157,49.42857142857143,CC1=Cc2cc3c(cc2=C1)CC(C)C=3
8.130961602401493,92.8,CC1(C)CC2(C1)CC1(C2)CC2(CC3(CC(C)(C)C3)C2)C1
4.724512816782111,53.0,[C]1=CCC=CCC=C1
7.391054662414881,27.058823529411764,Cc1ccc2cc3c(C)ccc(C)c3cc2c1
4.724512816782111,53.0,[C]1=CC=CCC=CC1
8.02320683998433,73.77777777777777,C#CC1=CC2C=CC1C2
8.036943542781367,117.0,C[C@@H]1C=C[C@H]2CC[C@H]12
7.926890140942499,29.846153846153847,CC(C)/C=C\C#Cc1ccccc1
7.433219817819687,24.363636363636363,Cc1ccc2ccccc2c1
7.685271438189838,65.6470588235294,c1ccc2c3c(ccc2c1)[C@@H]1CCC[C@H]1CC3
7.416653461789735,23.5,Cc1ccc(C#Cc2ccccc2C)cc1
7.59702269094417,39.294117647058826,C1=CC2=C(CC1)Cc1cc3ccccc3cc12
7.067837241917745,20.666666666666668,c1ccc2cc3c4cccc4cccc3c2cc1
7.807043508546735,31.529411764705884,CCc1ccc(-c2c(C)cc(C)cc2C)cc1
9.004170014377442,109.2,C=C1[C@H]2CC[C@H](C)[C@@]23CCC(C3)C1(C)C
7.828321490254469,51.05882352941177,C1=CCC2=c3cc4c(cc3CCC2=C1)=CCC4
7.708321552271409,47.0,C#CC1=CC=CCC1
7.8428787737664285,37.0,CC1(c2ccccc2)C=CC=C1
7.621153371785392,88.88888888888889,C1CCC2=C(C1)CCC2
6.732937376689453,71.11111111111111,C1=CC2CCC=CC2=C1
7.87424016699946,95.27272727272727,C[C@@H]1C[C@H](C)C(C)(C)C1(C)C
5.27835920743507,56.0,CC1=CC=CCCC(C)=C1
6.887561069809456,62.0,C#C[C@@H]1C=C[C@H]1C#C
8.148837554451347,156.57142857142858,C1C2CC3C4CC5CC(C14)C(C2)C3C5
7.947993735798423,48.333333333333336,C1=Cc2cccc3c2C(C=C3)C1
6.816006865877555,61.09090909090909,CC1=CC2=CC=CCC2C=C1
8.573386925075008,105.33333333333333,C1=CC2CCC1C1=CCCCC12
7.916041756929898,35.5,CCC#CC=C(C)C
6.3203605617957175,62.285714285714285,CC(C)(C)C1=CC(=C2CCCC2)C=C1
7.595946109471601,30.8,C1=Cc2cc3ccccc3cc2CCc2ccccc21
7.96981098769913,51.75,C=C1C(C)=CC1(C)C
7.306112430189049,31.0,CCC#CC#CCC
7.068058006234521,17.11111111111111,C#Cc1cc2cc3ccccc3cc2cc1C#C
7.349469446023222,17.5,C1#Cc2ccccc21
7.519576739538293,37.0,c1ccc2c(c#1)CC2
7.679673518835653,33.63636363636363,C=C1C=c2ccccc2=CC1
7.343755363589534,23.714285714285715,CC#Cc1ccc2cccc(C)c2c1
6.436757626881915,53.81818181818182,C1=CC=CC2C=CC=C2C=C1
6.055482643196604,48.705882352941174,C#Cc1cc2c(cc1C)C(C)(C)CCC2(C)C
7.443694950651096,27.11111111111111,Cc1cccc2c1-c1cc3ccccc3cc1C2
7.91800040577743,44.0,C\C=C/C=C\C=C/C=C\C
8.482971275162521,88.66666666666667,CC1=C(C)C2(C)CCC1C2(C)C
7.778717689616384,45.06666666666667,Cc1ccc2cc3c(c-2cc1)CCCC3
7.973983263728142,94.66666666666667,CC12C=C[C@H]3C=C[C@@H](C=C1)C32C
6.720203084984097,76.0,CC1(C)C=CCCC1
7.703215441906553,49.142857142857146,C1=CC=CCC=C1
7.898496053630327,37.6,CC1=C(C)c2cc3c(cc2C1)-c1ccccc1C3(C)C
7.067229423293631,73.0,CC1(C)[C]=CCCC1
7.589106882875959,21.714285714285715,Cc1cc#ccc1
5.0340060027334665,58.18181818181818,C/C=C\C#CC1=CCCCC1
7.842623293013574,49.142857142857146,[2H]C1C=CC=CC=C1
7.96472063941175,49.142857142857146,[2H]C1=C([2H])C([2H])=C([2H])C([2H])([2H])C([2H])=C1[2H]
7.8903875886583865,49.142857142857146,[2H]C1=CC=CC=CC1
7.905809376900929,45.714285714285715,[C]1=CCC=CC=C1
7.905809376900929,45.714285714285715,[C]1=CC=CCC=C1
7.352300424813769,42.57142857142857,[CH]1C=CC=CC=C1
8.03210021392714,95.25,c1ccc(C23CC(C45CC(C4)C5)(C2)C3)cc1
7.905809376900929,45.714285714285715,[C]1=CC=CC=CC1
7.520858134220268,34.18181818181818,C/C=C1/C=Cc2ccccc21
7.155136541640688,18.545454545454547,C#CC#Cc1ccccc1C
5.267321264668309,60.57142857142857,CC1C=CCC=C1
7.960396736267534,54.285714285714285,[CH]C1C=CCC=C1
6.782334916375197,22.76923076923077,C#CC#CC#CC#CC1C=CC=C1
7.476609553911017,27.058823529411764,Cc1ccc2cc3c(C)cc(C)cc3cc2c1
4.2400463378778825,42.0,Cc1ccc2c(c1)C=C(C(C)(C)C)C2
5.43568130445493,40.8,CC(C)(C)C1=Cc2ccccc2C=CC1
7.8579261767924535,50.666666666666664,C1#CCC=CC1
7.91933714239183,48.333333333333336,C1=CC2C=Cc3cccc(c32)C1
7.813895432152635,99.42857142857143,C[C@H]1C=C[C@H](C)C1
7.832141413712369,69.0,C/C=C1\CC\C1=C/C
6.624200289798839,58.90909090909091,CC1=C(C(C)(C)C)CCC=C1
7.472447176517559,40.25,C1=CCC(c2ccc(C3=CC=CC3)cc2)=C1
7.375914009577121,22.526315789473685,Cc1ccc2cc3ccc4ccccc4c3cc2c1
6.367021763663913,47.733333333333334,Cc1cccc2c1CC1C=CC=CC1=C2
7.109611354922908,18.0,C#CC#CCC#CC
7.867944112377618,28.0,C/C(=C\c1ccc(C)cc1)c1ccccc1
8.382894773633621,57.21052631578947,[CH2]C1CC2c3cc(C)ccc3C1c1cc(C)ccc12
7.566737376442504,177.6,C1C2C3CC4C1C1C2C3C41
7.970602658744353,48.92307692307692,Cc1cccc2c1CC1C=CC=C21
7.479655363589535,33.42857142857143,CC1=C(C)c2cc3c(cc2=C1)C=CC=3
7.873887104313593,50.0,CC1=CC=CC=CC1
7.570525154925996,23.636363636363637,Cc1c2ccc3cccc-2c13
8.533346996260697,73.33333333333333,CC1=C(C)C2(C)C(C)=C(C)C(C)(C1(C)C)C2(C)C
7.543492475204501,32.0,Cc1ccc2c(c1)Cc1cc(C)ccc1C=C2
7.824375812726139,54.22222222222222,CC1=CC=C(C)C1(C)C
7.583627326002122,30.333333333333332,CCC#Cc1cc(C)cc(C)c1
8.059891029100138,106.28571428571429,C1=C[C@H]2C=CC23C1C12C=C[C@@H]1C=CC32
7.247997491097575,40.333333333333336,C1=C2C(=CCC1)c1ccccc12
3.609863741167554,64.85714285714286,C=C1CC=CCC1
1.9349855342866098,51.2,CC1=CC(C)=C(C)C=CC1
8.82659894817345,139.33333333333334,C1=C[C@@H]2CC1[C@@H]1[C@H]3CC[C@H](C3)[C@@H]12
8.77789631819725,130.66666666666666,CC1CC2C3(C)CC1CC2(C)C3
7.400833796747197,40.333333333333336,C1=Cc2cccc3c2C1=CCC3
7.777963081797003,168.0,CC12C3C4C5C3C1C5(C)C42
6.128151500629075,53.0,c1ccc2c(c1)C[C@H]1c3ccccc3C[C@@H]21
8.62654450666287,102.73684210526316,C[C@@]12C=CC[C@H]1[C@@H]1CC=C3C=CCC[C@]3(C)[C@H]1CC2
8.700426262442782,116.0,CC1=C(C)C2CC3CCC2CC13
7.417357594048197,95.0,C1=CC2CC(C=C1)C2
7.87609220550253,51.5,C=C1C=CC(=C)CC1
6.3743130192668715,56.72727272727273,CC1=CC2C=CC=CC2=C1C
7.542390999174217,28.63157894736842,CC1(C)c2ccccc2-c2cc3ccccc3cc21
7.936367951902482,50.333333333333336,Cc1cccc2c1CCC2(C)C
7.665474639238039,49.2,Cc1cccc2c1CCC2
8.736461675702396,120.72727272727273,C[C@H]1[C@H]2C[C@@H](C[C@@H]1C)C2(C)C
6.615223584970891,49.77777777777778,CC1(C)C2=CC=C1C=C2
7.580288825105664,30.526315789473685,CC1=CCc2c1c(C)cc1c2ccc2ccccc21
7.883771370047858,50.0,CC1=CCC=CC=C1
7.520466898479906,28.0,CCC#Cc1ccc(C)cc1
7.318815717332955,24.0,C1#CC=CC#CC=C1
7.665958396455616,42.54545454545455,Cc1ccc(C2=CCC2)cc1
7.336208361251256,28.8,C1=Cc2ccccc2Cc2ccccc21
7.747331940267059,26.285714285714285,CC(C)=Cc1ccc2ccccc2c1
7.5168215934653215,87.0,C1CC(=C2CCC2)C1
8.480280200653933,108.66666666666667,CC1(C)C2[CH]CC1CC2
7.804242032345682,35.6,CC(C)(C)c1ccccc1
8.57517612144392,136.0,CC1CCC1C1CC2CC(C)C21C
8.736461675702396,120.72727272727273,C[C@H]1[C@H](C)C[C@H]2C[C@@H]1C2(C)C
7.516404657632576,48.44444444444444,c1ccc2c(c1)CCC2
7.677954495475998,113.77777777777777,CC1(C)C2CCC1CC2
7.899172043238433,49.81818181818182,CC1(C)CCc2ccccc21
7.361438049363455,24.307692307692307,CC#Cc1ccc(C#CCC)cc1
7.994945454694515,38.666666666666664,CCc1ccc(C2C=CC=CC=C2)cc1
7.966212758473298,60.25,CC1(C)CC(C)(C)c2cc3c(cc21)CCC3
7.7707466367548745,70.76923076923077,C1=CCC23CCCC2=CC=CC3=C1
7.246550982676331,18.75,C#Cc1cccc2cc3ccccc3cc12
7.304836794291562,46.0,CC1=C2C=CC=CC(=CC=C1)C2
7.6876528039900185,37.0,Cc1ccc2c(c1)C=CCC=C2
7.441506610272517,21.818181818181817,C=CC#Cc1ccc(C)cc1
6.549421789910913,67.2,CC1=CC(C)(C)CC1(C)C
7.532875102402395,27.75,C1=CC=Cc2c(cc3cccccc2-3)C=C1
7.385744252678858,23.157894736842106,Cc1ccccc1C#CCC#Cc1ccccc1C
7.689323795391438,44.8,[CH]c1cccc2c1CCC2
7.517192807146836,25.88235294117647,C=Cc1ccc2c(c1)-c1cc(C=C)ccc1C2
7.860257834494753,51.2,CCc1ccc2c(c1)C[C@]1(Cc3ccc(C)cc3C1)C2
7.968919152438506,42.0,Cc1cc2c(cc1C)CC(C(C)C)=C2
7.397530588290845,19.0,C#C/C=C\C#Cc1ccccc1
7.9430543871524115,34.13333333333333,C=Cc1ccc(C2C=CC=CC=C2)cc1
8.335618319284068,111.6,C1=CCC2=C(C1)[C@H]1C[C@H]3C4=C(CCCC4)[C@H]4C[C@@H]2C1C43
7.595158928484335,45.23076923076923,C1=CC2=C(CC1)Cc1ccccc12
7.0515649631796355,40.4,c1ccc2c(c1)C1=C2CC1
7.9459086918354185,44.61538461538461,Cc1ccc2c(c1)C=CCC2(C)C
6.291256495368433,38.10526315789474,CC1CC=Cc2cc3cc4ccccc4cc3cc21
6.186539571480409,71.27272727272727,CC1(C)CCCC2=C1C=CC2
6.183343848132926,59.2,CC1=CCC(C)(C)C(C)=C1
7.627984670240548,36.22222222222222,Cc1cc2c(ccc3ccccc32)c2c1CCC2
7.650738502914992,46.888888888888886,[c]1ccc2c(c1)CCC2
5.447951762467512,59.111111111111114,[2H]C1CCc2ccccc21
8.779179628530873,150.4,CC1CC2C3CC(C3C)C12
4.911795346017961,54.57142857142857,Cc1cc2c(cc1C)C(C)(C)CCC2
6.384860547813533,68.44444444444444,CC(C)(C)C1CC=CC1
5.673446796993546,59.2,CC1=CCC(C)(C)C=C1C
7.575683559627274,76.0,Cc1cccc2c1C1CCC2CC1
7.992176911974086,29.647058823529413,C1=CC2(C=c3ccccc3=C2)c2ccccc21
7.242972020447594,18.545454545454547,C#Cc1ccc(C)cc1C#C
7.346437680794184,18.285714285714285,c1ccc2ccc3ccccc3c2c#1
7.052889134688991,14.8,C#CC#Cc1ccccc1
8.582443923659586,96.66666666666667,CC1(C)[C@@H]2C=CCC[C@@]1(C)CC2
8.281116527915882,96.0,C1=CC2CCC(C=C1)C2
6.568254357235333,28.571428571428573,[CH]C([CH])([CH])CC=C
7.688764027390516,65.0,CC1=CC2=C(CC2)C1
7.766440685483291,44.53333333333333,C1=CCC2=CCc3ccccc3CC2=C1
6.432597894611581,41.89473684210526,Cc1cccc2c3c(ccc12)C1CC=CC=C1C=C3
7.502167018455903,22.94736842105263,Cc1ccccc1-c1ccc(-c2ccccc2)cc1
8.349960049004636,80.0,CC1=CC2CC1(C)C(C)=C2C
7.786568672155969,46.166666666666664,C=C1CCCc2cc(C)ccc21
7.980960832837413,60.888888888888886,C=C1CC(C)(C)CC1=C
8.671749562786589,169.71428571428572,C1C[C@H]2C3C4C5C3[C@H]3CC[C@@H]5C(C32)[C@H]14
8.062568430142086,56.75,CC1=CC2=C(C1)C1C=CC2c2ccccc21
8.460171651447824,100.0,CC1=CCC2(C)CCC1C2
7.514422138446478,60.0,C1=CC2=C(C1)C1=C(C=CC1)CC2
7.257597078696817,28.363636363636363,CC#CC#CC#CC(C)(C)C
8.59060870140564,86.15384615384616,CC(C)(C)C1=CC[C@@H]2C[C@H]1C2(C)C
8.562204677944596,111.6,C=C1C2CC3C(=C)C2CC13
7.370695638777125,65.33333333333333,C1=CC23C=CC=CC2(C=C1)C=C3
8.48566997788906,95.2,CC12C=CCC(C1)C2(C)C
7.756156538258651,49.42857142857143,C1=Cc2c(ccc3c2CCC=C3)CC1
7.680931675807842,48.0,CC1=CC2=C(C)CC=CC2=C1
7.565926095116387,31.77777777777778,C1=Cc2cc3c(ccc4ccccc43)cc2CC1
8.486264779864499,95.2,CC1(C)C[C@@]2(C)C=C[C@@H]1C2
7.357481072938598,73.77777777777777,CC1=C(C)C(C)(C)C1C
7.685809408601364,42.54545454545455,Cc1cccc2c1C=CCC2
7.8073704892418165,89.0,CC1=C(C)C2(CCCC2)CCC12CCCC2
7.28360270663534,73.45454545454545,C1=CC23C=CCC2(C=C1)C=C3
7.382659522543756,20.857142857142858,c1cccc2c3cccc-3cc=2cc1
7.740032319319015,37.75,CC1=Cc2cc3ccc(C)cc3cc2CC1
8.5485556624539,99.33333333333333,CC12CCC(C1)C(C)(C)C2(C)C
7.641721256248548,32.25,C1=CC=C2C=c3ccccc3=CC=C2C=C1
4.530141498495005,39.714285714285715,Cc1cccc2c1=CC=CC(C)(C)C=2
8.486264779864499,95.2,CC1(C)C[C@]2(C)C=C[C@H]1C2
8.31653811058256,85.33333333333333,CC1=CC2(C)C=CC1C2
7.854496454832372,97.55555555555556,C=C1C2CC(C2)C1(C)C
8.704096072014945,121.6,C1CC2(C1)CC1CCC2C1
6.124793285835397,59.55555555555556,CC1=CC(C)(C)C=CC1
8.486264779864499,95.2,CC12C=CC(C1)C(C)(C)C2
7.555489641545284,25.2,C#CCc1cccc(C)c1
6.5026208350668995,39.111111111111114,C1=c2ccccc2=CC2CC=c3ccccc3=C12
7.315698417580661,26.571428571428573,CCC#Cc1ccc(C#CCC)cc1
7.357481072938598,73.77777777777777,CC1=C(C)C(C)(C)[C@@H]1C
7.591082344245857,30.25,CC#Cc1cc(C#CC)cc(C(C)(C)C)c1
7.78192925371553,47.666666666666664,C=C1CC#CC1
7.515673059300598,69.2,C/C=C1\C=CC=CC(C)C1
8.59060870140564,86.15384615384616,CC(C)(C)C1=CCC2CC1C2(C)C
7.864322593279018,41.111111111111114,C=C1C=CC(=C)C(=C)C1
7.035186347207398,48.2,C1=c2cc3ccc4ccccc4c3cc2=CC2CCC12
7.616561854376378,58.0,C[C@@]12CC=C[C@H]1c1ccc3ccccc3c1CC2
7.800710344352666,72.66666666666667,C=C1CC2=C(CCC2)C1
8.307789614198274,109.42857142857143,C=C1C2CCC1C2
6.198459510187909,37.714285714285715,C#C/C=C/C(C)C
7.975681509907998,60.75,C#CC=C1CCCC1
7.53313630613661,29.647058823529413,C1=CCc2c3c(ccc2=C1)=c1ccccc1=C3
5.226729733510748,88.33333333333333,C[C]1CCCC1
6.897373473303644,70.85714285714286,C#CC1C=CCC1
7.854225911513841,44.0,CC1=C(C)CC(c2ccccc2)=C(C)C1
5.223284311743096,35.6,CCC1=Cc2c(ccc(C)c2-c2cc(C)cc(C)c2)C1
7.001860501651261,40.8,Cc1ccc2c(c1)C=CC1=Cc3ccccc3CC12C
7.604876412052131,39.529411764705884,Cc1ccc2c(c1)CCc1cc(C)ccc1C2
7.437643483349873,42.57142857142857,CC1=Cc2cc3c(cc2C1)C=C(C)C3
7.397530588290845,19.0,C#C/C=C/C#Cc1ccccc1
7.443668103083746,25.2,C#Cc1cc(C)ccc1C
6.2247787063795395,81.33333333333333,C1CC2=C3CCC1=C(CC2)CC3
8.447207301679743,95.2,CC1=CCC2C[C@H]1C2(C)C
8.174035313458807,80.44444444444444,C[C@@]12C=CC=C1C1=CC=C3C=CCC[C@@H]3[C@H]1CC2
6.894758882357213,53.333333333333336,Cc1ccc2c(c1)C1CCC2c2ccc(C)cc21
6.296634300723108,80.0,CC1C(C)(C)CCC1(C)C
7.122042927040907,38.666666666666664,C1=CC=C2C3=CC=CC3=C2C=C1
8.447207301679743,95.2,CC1=CC[C@H]2C[C@@H]1C2(C)C
7.611227789678363,36.6,C1=C[C](c2ccccc2)C1
7.875785542539273,109.0,CC(C)C12CC(C1)C2
7.03613582013971,70.76923076923077,C1=CCC2C(=C1)CC1=C2CCC=C1
7.6621498236786625,26.0,C=c1ccc2c3c(ccc2c1)=c1ccccc1=CC3
7.813895432152635,99.42857142857143,C[C@@H]1C=C[C@@H](C)C1
7.677783497670191,42.54545454545455,Cc1cccc2c1CCC=C2
7.5891671894836055,23.058823529411764,C=C(C)c1cccc2cc3ccccc3cc12
4.597963105710994,37.77777777777778,Cc1cccc2c1CCc1cc(C(C)C)ccc1-2
7.978442164128395,51.63636363636363,CC1=C(C)C(C)=C(C)CC=C1
7.296931998444304,20.941176470588236,CC#Cc1ccc2c(ccc3ccccc32)c1
7.695789251860051,50.285714285714285,C#CCC1=CCC1
7.358915378483099,27.11111111111111,Cc1ccc(C#Cc2ccc(C)cc2C)c(C)c1
7.80796689784006,24.0,C=c1cccc/c1=C\c1ccccc1
7.555589568514573,85.33333333333333,CC12C=CC(C)(C=C1)C2
7.352101413643243,30.105263157894736,Cc1cc2cc3cc(C)c(C)cc3c(C)c2cc1C
7.82132340385498,53.666666666666664,[CH]1C=CC=CC1
7.832638312438652,84.85714285714286,Cc1cccc(C2C3CCC2CC3)c1
7.043742934365536,25.0,C1=c2ccccc2=C2C=c3ccccc3=C12
7.562595730383894,26.94736842105263,C1=Cc2cc3cccccc-3c2Cc2ccccc21
7.919993867813009,34.2,CC(C)(C)c1cc[c]cc1
4.058035275890464,35.833333333333336,[CH2]C#CC(C)C
7.8322303181964585,156.57142857142858,C1CC2C3CC2C13
5.022656659412708,38.5,Cc1cc2c(cc1C)C(C)c1ccccc1-2
8.240561662654725,99.55555555555556,CC1=C(C)C2CCC1C2
8.661962217258024,131.2,CC12CCC3C1CCC32C
7.950368331809837,93.11111111111111,C/C=C1/C[C@@H](C)[C@@H](C)C1
8.670691097524362,141.33333333333334,[2H]C1=C[C@@H]2C([2H])C3CC2[C@@H]1C3
7.696577549001783,47.78947368421053,CC(C)C1=CC2=C(C=CC=CC2c2ccccc2)C1
7.682810770565114,29.05263157894737,C=C(C)c1ccc2c(c1)-c1cc(C(=C)C)ccc1C2
7.645258188605403,35.5,C=C1C=Cc2cc(C)ccc2C1
7.282601196587782,22.526315789473685,Cc1cc2c3ccccc3ccc2c2ccccc12
5.8203414318002,56.0,CC1(C)C#CC1
7.497861266140886,28.0,C#CC1=CC=C(C#C)C=CC=C1
4.578387894985548,54.22222222222222,CC1=CC(C)(C)C(C)=C1
8.18772272979653,69.38461538461539,CC(C)=C1C2C=CC1C1=CCC=C12
7.595019113997617,168.0,CC12C3C4C5C3C1(C)C5C42
7.576100898070672,36.22222222222222,Cc1cccc2c1ccc1c3c(ccc12)CCC3
8.910200331559032,127.42857142857143,CC12C=CC3(C)C4CC[C@@H]3C1CCC42
7.3094449358603315,75.27272727272727,c1ccc(C23CC(C2)C3)cc1
7.991726328069082,53.333333333333336,Cc1ccc2c(c1)C1CCC2c2cc(C)ccc21
7.67821917329432,27.058823529411764,CCc1cccc2c1ccc1cc(C)ccc12
8.415059471495615,95.2,CC1=C(C)C2(C)CCC1C2
2.0513138468096663,39.0,Cc1ccc(CC(C)(C)C)cc1
7.706496741570325,28.4,Cc1ccc2ccccc2c1C1=Cc2ccccc2C1
8.629889989509167,139.55555555555554,CC12CC3CC(C1)C2C3
7.395086832121003,29.142857142857142,Cc1ccc2c(c1)-c1ccccc1C2
6.83334875426489,61.09090909090909,CC1C=CC2=C(C=C1)CC=C2
5.8084491593011265,52.61538461538461,C1=CCC2C(=C1)Cc1ccccc12
8.501095929877343,125.0909090909091,CCC1C(C)C2(C)CC(C)C12
7.770672372753021,34.2,CC1=Cc2c(ccc3c2ccc2ccc(C)cc23)CC1
7.387753593052061,31.692307692307693,CC1=c2cc3c(cc2C=C1)=CC=C3
7.343524414259473,47.78947368421053,C1=Cc2cccc3c2C(=C2C=CC4(C=CC4)C=C23)C1
5.5033163072126845,35.578947368421055,Cc1ccc2c(ccc3c4c(ccc32)C(C)C=C4)c1
7.740374332386043,37.77777777777778,Cc1cc2c(cc1C)-c1ccc(C)c(C)c1CC2
7.910341585761978,119.85714285714286,[CH2]C12CCC(C1)C2
8.18772272979653,69.38461538461539,CC(C)=C1[C@@H]2C=C[C@H]1C1=CCC=C12
7.51776208223936,30.0,C=C1C=CCc2cc3ccccc3cc21
8.60510267272717,105.33333333333333,CC1=CC[C@@H]2[C@H]1[C@H]1C[C@@H]2C=C1C
7.486656167656024,32.8,C1#CC(=C2C=CC=C2)C=C1
7.99962749895023,44.6,CCC1=CC(=C(C)C)C=C1
7.883771370047858,50.0,CC1=CC=CCC=C1
7.360847465281526,21.846153846153847,C/C=C\C#CC#Cc1ccccc1
7.303624270940874,102.66666666666667,C1CCC2(C1)CC1(CCCC1)C2
7.797129472814657,157.6,C#CC12C3C4C5C3C1C5C42
5.6811313557655865,54.333333333333336,CC1(C)CC(c2ccccc2)C1
7.445907972571373,40.333333333333336,C1=Cc2cc3c(cc2=C1)CCC=3
6.4443607467132455,73.75,C=C1CCCC1(C)C
7.966414650665321,44.61538461538461,Cc1cccc2c1C=CC(C)(C)C2
7.813087843243792,37.42857142857143,Cc1ccc(C2C=CC=CC=C2)cc1
7.927157034383524,51.5,C=C1C=CCC(=C)C1
6.918741676982781,25.866666666666667,c1cc2c3c(c1)ccc1cccc(c13)C2
4.247470928427016,37.77777777777778,C=C(C)C#CC(C)(C)C
7.6062674193746345,36.0,C/C=C1\C(C)=Cc2ccccc21
8.253700171980482,54.526315789473685,CC1(C)C2CC=C(C#CC#Cc3ccccc3)C1C2
7.289005054536962,29.285714285714285,[CH]1c2ccccc2Cc2ccccc21
7.310709963625651,72.3076923076923,c1ccc(C2CC3(CCC3)C2)cc1
7.612048729094466,23.5,Cc1cccc(CC#Cc2ccccc2)c1
7.718304771004508,38.18181818181818,CC1(C)C=c2ccccc2=C1
7.467826800913642,24.2,[2H]c1c([2H])c2cc3cc(C)c(C)cc3cc2c2ccccc12
7.392605416634999,26.375,C=C1c2ccccc2-c2cc(C)c(C)cc21
7.581215552491551,24.88888888888889,Cc1ccccc1-c1cc(C)c2ccccc2c1
7.491115403505904,14.0,c1ccc2c#cccc2c#1
4.444935376025494,44.93333333333333,CC=C1C(C)(C)c2ccccc2C1(C)C
7.501733274499597,28.666666666666668,Cc1cc(C)c2ccc3c(C)c(C)ccc3c2c1
8.695717913225021,122.66666666666667,CC1(C)C2CC1[C@]1(C)CC[C@@H]1C2
7.882677255137405,134.0,C1=CC2C3CCC2C13
7.971622526160669,35.5,C=CC#CC(C)(C)C
7.712173345007481,36.8,c1ccc2c(c1)CC21Cc2ccccc21
7.375914009577121,22.526315789473685,Cc1ccc2cc3c(ccc4ccccc43)cc2c1
5.243332806490391,53.0,CCCC#CC1=C(C#CCCC)CCCC1
6.430857089413797,61.333333333333336,C1=CC[14CH2]C=C1
7.222593002082695,39.578947368421055,CC(C)(C)C1=CC(c2ccccc2)c2ccccc21
8.645558265461942,100.85714285714286,CC=C1CC2CC1C1=C2CC(C)CC1
6.49176509826252,20.4,c1cc2ccc2c2ccc12
4.56883845118095,38.57142857142857,CC1C=c2ccc3ccccc3c2=C1
7.991726328069082,53.333333333333336,Cc1ccc2c(c1)[C@@H]1CC[C@H]2c2cc(C)ccc21
5.828625407515812,67.0,C1=CC2=CCC2C=C1
7.582888567831688,60.92307692307692,C1=CC2=CCCC3=CC=CC23C=C1
7.824383777200207,64.0,CC1(C)C=CC1(C)C
5.283471765680367,55.42857142857143,CC(C)C1=CC2=C(C=C(C(C)C)C2)C1
8.44105942129289,76.0,C(#C[C@H]1C[C@@H]2CC[C@H]1C2)c1ccccc1
7.6180710214028995,103.2,CC1(C)C2CC(C2)C1(C)C
6.883044451501721,43.833333333333336,[CH2]C(C)C#CC
7.951540733643793,43.4,CC1(C)C=Cc2ccc3c(c2C=C1)C=CC(C)(C)C=C3
6.973145059320547,21.2,c1ccc2c[13cH]ccc2c1
7.884380931771354,39.666666666666664,Cc1cccc2c1=CC(C)(C)C=2
1.061395536585577,53.75,C=C1C=CCCC=C1
7.418246733015074,27.11111111111111,Cc1cc2c(c3ccccc13)-c1ccccc1C2
7.58668915755916,30.933333333333334,CCc1ccc2c(c1)-c1ccccc1C2
8.154808300586666,96.0,C1=C2C(=CC1)C1CCC2C1
7.165868723744298,18.545454545454547,C#Cc1cccc(C#CC)c1
7.286922561105299,26.22222222222222,C#Cc1ccc2c(c1)CCc1cc(C#C)ccc1-2
7.8854789700932715,48.857142857142854,Cc1cc(C)c(C2=CCCC2)c(C)c1
7.606320398554571,40.285714285714285,C1=CCC2=Cc3ccccc3CC2=C1
7.515133514022321,24.2,Cc1cccc2cc3c(ccc4ccccc43)c(C)c12
7.861671077035455,36.4,c1cc2c(cc#1)C1c3ccccc3C2c2ccccc21
6.913639269531533,63.6,C[C@H]1c2ccccc2[C@@H]1C
8.733231241560839,150.0,C1C[C@H]2CC1[C@@H]1[C@H]3CC[C@H](C3)[C@H]21
7.524665644481599,52.0,C1=CCC2=CC=CCC2=C1
7.878132218864745,26.133333333333333,[2H]/C(=C/Cc1ccccc1)c1ccccc1
7.090533299329014,196.0,C12C3C4C1C1C2C3C41
8.336435184164653,133.0909090909091,C[C@@]12CC[C@@H]1C[C@@H]1CCC[C@H]12
7.988226351776834,34.44444444444444,CC1C=Cc2c1ccc1c2ccc2ccccc21
7.568761588384545,27.894736842105264,C=C1CC=Cc2ccc3cc4ccccc4cc3c21
7.484500619601857,35.05882352941177,c1ccc2c(c1)ccc1c3c(ccc12)CCC3
7.661602518979969,83.0,CC12C=CC1(C)C=C2
6.339587467328313,46.4,CC(C)C#CCC(C)(C)C
8.19880427268831,89.0,CC1=C[C@@H]2C=C[C@H]1C2
7.982615421929131,14.8,c1ccc#cccccc#1
6.670562944440936,80.75,C=C1CC2CCC=C12
7.806150070348925,26.133333333333333,C(=C/c1ccccc1)/Cc1ccccc1
7.75047999182057,76.3076923076923,CC1=CC2=C(CC[C@@H](C)C2)C1(C)C
7.956402726360478,40.0,CC#CC(C)C
7.823546556771353,39.666666666666664,Cc1cccc2c1C=CC2(C)C
5.888789750008826,6.545454545454546,[C]#CC#CC#CC#CC#C[CH2]
6.913639269531533,63.6,C[C@@H]1c2ccccc2[C@H]1C
8.626680449187722,122.4,CC1C(C)C2CC1C2(C)C
7.8567858306593905,30.105263157894736,Cc1ccc2c(ccc3cc(C(C)C)ccc32)c1C
7.847792960727645,56.0,CC1=CCC=CCC=C1C
5.57875276596122,54.46153846153846,Cc1ccc2c(c1)C(C)(C)CCC2
6.280374607848905,55.333333333333336,CC1=Cc2cc3c(cc2C1)C(C)(C)CCC3(C)C
7.138575762611601,76.75,C=C1C2C=CC1C=C2
7.687478699226671,114.66666666666667,[2H]C1C=CC([2H])CC1
7.5939585317511105,45.333333333333336,C#CC1=C(C#C)CCC1
7.488680542632163,98.66666666666667,[2H]C1C=CCCC1
6.301146056773916,82.66666666666667,[2H]C1=CCCCC1
7.5230299093304085,178.25,[C]12C3C4C1C1C2C3C41
7.734591199094402,35.111111111111114,Cc1ccc2c(c1)C(C)(C)c1cc(C)c(C)cc1-2
6.690877478193388,39.529411764705884,CCc1ccc2c(c1)C(C)c1cc(C)ccc1-2
7.208607830340196,26.153846153846153,Cc1ccc2cccc3c2c1C=C3
7.1781332455148315,50.90909090909091,CC(C)/C=C\C=C/C(C)(C)C
7.306371147899656,77.33333333333333,[2H]C1=CC([2H])CC([2H])=C1[2H]
7.648477650699183,40.0,C1#CCCC#C1
5.86469122346918,43.714285714285715,CC1=C[C@H]2C=c3ccccc3=C2C=C1
7.468909909044081,31.714285714285715,CC1=Cc2cc3ccccc3cc2C1
7.400949587207283,40.888888888888886,CC1=C2C=CC=C2C=C1
5.807401290267695,69.33333333333333,[C]1CC=CCC1
7.561532103083746,39.4,C=C1CCc2ccccc21
3.8367189902644903,82.66666666666667,[2H]C1=C([2H])CCCC1
7.249323582633049,85.33333333333333,C1=CC2=CCCC2CC1
7.32311095053076,23.2,Cc1cccc2cc3ccccc3cc12
7.790513869100145,42.666666666666664,CC1=CCC#C1
7.876861161701189,33.333333333333336,Cc1ccc(C2=CC(C)(C)c3ccccc32)cc1
6.851642098365001,58.57142857142857,CC1=C2c3ccccc3CC2(C)CC1
7.86132116547286,37.75,CC1(C)CC=Cc2c1ccc1ccccc21
7.4268039697057295,35.5,Cc1ccc2c(c1)Cc1ccc(C)cc1C2
5.942580111517277,56.0,CC1=CC=CC(C)=C(C)CC1
7.58518081133635,31.2,C1=Cc2ccc3ccccc3c2C=CC1
5.004929883250135,75.0,[CH]1C=CCCC1
7.560937029096984,52.0,C1=CC2=CCC=CC2=CC1
7.891661917233024,82.66666666666667,C1=CCCCC1
5.86469122346918,43.714285714285715,CC1=C[C@@H]2C=c3ccccc3=C2C=C1
7.751313753751112,21.2,c1ccc2[14cH]cccc2c1
7.695263241700305,33.05263157894737,CC1=Cc2c(ccc3c2ccc2ccccc23)CC1
7.823697100607426,51.5,C=C1CC=CCC1=C
7.723881167656025,47.0,C#CC1=CCCC=C1
7.675523666092742,38.857142857142854,C#CC1C=CC=C1
8.336435184164653,133.0909090909091,C[C@]12CC[C@H]1C[C@H]1CCC[C@@H]12
7.001574033857715,58.0,C1=CC=CC2CC=CC=C2C=C1
7.757173720232892,30.333333333333332,Cc1ccc(C#CC(C)C)cc1
5.004929883250135,75.0,[CH]1CC=CCC1
8.649446660911499,128.0,C1=C[C@H]2[C@H]3CC[C@H](C3)[C@@H]2C1
7.626134342451557,27.666666666666668,CC#Cc1ccc(/C=C/C)cc1
7.297254446138785,27.0,Cc1ccc2ccc(C)cc2c1
6.722809134897459,20.4,c1ccc2c3ccc=3c2c1
7.983337662540584,43.666666666666664,CC1(C)C=c2ccccc2=CC1
8.600985663205119,104.8,C[C@@H]1C=C[C@@H]2C[C@H]1C2(C)C
7.574733997089947,51.75,C1=CC2C=CC3=Cc4ccccc4C=C1C32
7.523865236970355,33.0,C1=c2ccc3c(c2CC1)C=c1ccccc1=3
7.738154011484084,51.142857142857146,C=C1CC(C)=C1C
7.799574313099718,33.53846153846154,C#CC(C#CC1C=CC=C1)=C(C)C
7.344690426178367,22.526315789473685,Cc1cccc2cc3ccc4ccccc4c3cc12
7.382240343108925,44.0,C1=CCC2=C(C1)C1=CCc3cccc2c31
8.42913976870235,104.88888888888889,CC1=CC[C@@H]2CC[C@H]1C2
7.063882315624022,17.90909090909091,[C]#CC#Cc1ccc(C)cc1
7.238689058255588,57.81818181818182,c1c2c(cc3c1CC3)CCC2
7.586277703934399,32.5,Cc1ccc2c(c1)-c1ccc(C)c(C)c1C2
4.288774830795468,38.44444444444444,Cc1cc2c(c3ccccc13)C=C1C=CC=CC12
6.883044451501721,43.833333333333336,[CH2][C@@H](C)C#CC
7.361292932214076,24.2,Cc1ccc2c(ccc3c4ccccc4ccc23)c1C
7.718962899134952,39.75,C#CC1=C(C#Cc2ccccc2)CCCC1
7.728802403948125,36.0,C1=CC=CC(c2ccccc2)C=C1
7.510075133260225,116.44444444444444,C1=CC2CC3C=CC1C23
7.711339776127795,64.75,C=C1CC2=CC1C=C2
7.799530043521424,35.75,C1=CCCc2c(c3ccccccc2=3)C=C1
7.598625792911033,57.75,C[C@@H]1Cc2c(ccc3ccccc23)C[C@@H]1C
7.892521456553043,37.2,c1ccc2c(-c3ccc(C4CCC4)cc3)cccc2c1
7.610535295338963,27.058823529411764,CCc1ccc2c(ccc3cc(C)ccc32)c1
8.548419211839189,107.07692307692308,CC(C)CCC1CC2CC(C)C12C
7.181883550865036,39.333333333333336,C1=CC=CC(=C2C=CC=C2)C=C1
7.8831054806378225,114.18181818181819,C1=CC2C=CC3CC1CC2C3
7.378308613828917,28.0,C(#Cc1cccc2ccccc12)C1=CC=CC1
8.408663082613385,94.57142857142857,c1ccc2c(c1)[C@H]1CC[C@@H]2[C@H]2CC[C@@H]21
8.24295069764141,57.333333333333336,C1=C[C@H]2C=C(c3ccccc3)[C@@H](C=C1)C2
7.565144293990683,31.77777777777778,C1=Cc2ccc3c(ccc4ccccc43)c2CC1
7.829555112347334,27.333333333333332,Cc1cc(C)c(-c2[c]cccc2)c(C)c1
7.803675555533718,81.6,CC1=CC(C)(C)CCC1C
7.095084461049647,29.666666666666668,C1=Cc2cc3c(cc2=C1)C=CC=3
7.492779556319401,104.0,C1CC[13CH2]C1
7.505203615337787,39.42857142857143,C/C=C1\C=CC2=C1Cc1ccccc12
7.91779852495344,45.09090909090909,CC(C)(C)C#CC1=CCC=C1
7.479944457328928,50.0,C1=CC(=C2C=CCC=C2)C=CC1
7.392978859963717,27.0,CC#CC#C/C=C\C
8.9150185973928,157.33333333333334,CC1(C)C2C3CC4C5C3C1C5C42
7.64673665685108,142.4,[2H]C1CCCC1[2H]
7.43441306839272,12.571428571428571,C#CC(C#C)C#C
6.663342049079905,56.0,CC1=CC2=CC=C3CCC3=C1C2
7.816895169871708,60.666666666666664,C1=CC=CC(=C2CCCC2)C=C1
8.345655654496513,105.0,CC1=C[C@H]2CC[C@@H]1C2
7.311346591952743,19.88888888888889,[c]1c2ccccc2cc2cc3ccccc3cc12
7.932331122178267,60.57142857142857,CC1=CC=CCC1
7.558773416784734,27.88888888888889,CC(C)=C1c2ccccc2C=Cc2ccccc21
6.973145059320547,21.2,c1cc[13c]2[13cH][13cH][13cH][13cH][13c]2c1
7.511639906082025,64.0,CC1=CC=CC1C(C)(C)C
8.32149585272924,116.36363636363636,CC1C2CC(C)C2(C)C1(C)C
7.323838597444745,9.0,C#C[C](C#C)C#C
4.99236683065998,77.6,C1=CC2=C(CCC1)CCC2
8.782961114778967,116.0,C[C@@]12CC[C@]3(C)CC(C=CC13)C2
7.905151071184092,25.77777777777778,C=c1ccc(=CC)cc1
5.886083841077779,67.33333333333333,CC1=CC2=C(C=CC1)CCCC2
7.922018307889714,35.0,C(#CC1Cc2ccccc21)c1ccccc1
5.5493613543009435,57.333333333333336,CCC(C)(C)C
7.72969625729261,84.0,C1=C[C@@H]2C=CCC[C@H]2C=C1
8.345655654496513,105.0,CC1=C[C@@H]2CC[C@H]1C2
7.655570761215914,25.09090909090909,C#Cc1ccccc1/C=C\C
4.399916773585409,46.666666666666664,C=C1C=CC(C)(C)C1=C
7.94813958444078,42.76923076923077,C1=CC2C(=C1)C=Cc1ccccc12
7.04335849570573,39.6,CC(C)c1ccc2cc1C2
7.902617527607509,49.81818181818182,CCCC1c2ccc(C)c1c2
7.385351070634579,27.0,Cc1cccc2cc(C)cc-2c1
7.4580258666014405,31.8,CC1=Cc2ccccc2[CH]1
7.548963563940855,27.75,C1=Cc2ccccc2/C1=C\c1ccccc1
8.204748197556395,96.72727272727273,C1=C2C(=CCC1)C1CCC2C1
7.161324622613628,24.8,Cc1cc(C)cc(C#CC#Cc2cc(C)cc(C)c2)c1
7.282797288228829,88.0,CC1=C(C)[C@@H](C)[C@@H]1C
7.573151542052306,34.13333333333333,Cc1ccc2c(c1)CCc1ccccc1-2
7.9063924217853865,37.0,[CH]=CC#CC(C)(C)C
7.696144761215559,27.428571428571427,C#CC#CC(C)C
6.459692764643265,74.0,CC1CCC#CCC1
7.6800413338529765,40.8,CC#CC1=CC=CCC=C1
7.717733068076894,112.0,C1=CC2CC(C1)C2
7.547525117372174,33.88235294117647,Cc1cc2c(cc1C)-c1c(C)ccc(C)c1C2
6.037112490260688,38.714285714285715,C#C[CH]C(C)(C)C
7.81363098061514,49.111111111111114,C[C]1C(C)=CC(C)=C1C
5.701094931518431,68.44444444444444,CC1=C(C)C(C)(C)CC1
5.854169239456528,59.55555555555556,CC1=CC=CCC1(C)C
7.257683236557282,27.0,Cc1ccc2cc(C)ccc2c1
6.93389265747148,38.666666666666664,Cc1ccc2c(c1C)C(C)C(c1ccccc1)=C2
7.583810015843242,82.0,CC1(C)C2C=CC=CC2C1(C)C
5.828625407515812,67.0,C1=CC2CC=CC2=C1
6.957175417874408,49.2,CC(C)(C)C1=CC2=C(C(C)(C)C)C=C(C(C)(C)C)C2=C1
8.51927917796173,100.0,CC1C=C2CC(C2)CC1C
7.162939919598512,64.88888888888889,CC1=CC(C)=C(C)[C@H]1C
5.226919189235515,59.55555555555556,CC1=CCC=C(C)C1C
7.521408957836172,24.666666666666668,C=C(C)C#Cc1ccc(C)cc1
7.990211801484038,91.63636363636364,CC(C)(C)C1=CCC2CC1C2
7.352173671278918,29.846153846153847,C1=Cc2c(ccc3ccccc23)C1
7.882677255137405,134.0,C1=C[C@H]2[C@@H]1[C@@H]1CC[C@H]21
6.463627563603822,47.733333333333334,CC1=CC2=CCc3ccccc3C2C=C1
7.325104990919032,82.4,C[C@]12CC=CC=C1CCC2
6.858368168004637,80.0,C#CC12CC(C#C)(C1)C2
7.764851562314962,48.8,CC#CC1=CC=C(C)CC1
7.4109119025606764,21.666666666666668,C=c1cc2c(c3ccccc13)=Cc1ccccc1-2
7.414872357732605,24.363636363636363,Cc1ccc2cccccc1-2
6.823152315730361,54.666666666666664,C/C=C1/Cc2ccccc2C1C
7.446107376300853,40.285714285714285,C1=CCc2c3c(ccc2=C1)=CC=CC3
6.873703264058229,20.5,c1ccc2cccc3c2=c2c(c1)cccc23
6.973145059320547,21.2,c1ccc2[13cH]cccc2c1
7.6549543620350935,43.2,CC1=C(C)C=CC=CC=C1
7.818506459034499,76.66666666666667,CC1(C)CC(=C2CC(C)(C)C2)C1
7.517133015406989,19.8,[c]1cccc2ccccc12
7.162939919598512,64.88888888888889,CC1=CC(C)=C(C)[C@@H]1C
8.544447638644831,105.45454545454545,C1=C[C@@]23C=C[C@@H](CCC2)C3C1
6.942593166604183,67.42857142857143,CC1=CC=CC1C
7.640113405547576,40.285714285714285,C1=CCc2cc3c(cc2=C1)C=CCC=3
7.79721047541139,80.0,CC1=C(C)C(C)(C)C2C=CC12
7.860135538421617,112.0,CC1(C)C2CCCC1CCC2
8.392821709955227,121.84615384615384,C1CC2CCC1C1=C2C2CCC1C2
7.1819365798380685,18.333333333333332,C1#Cc2cccc3cccc1c23
7.604685857497793,24.88888888888889,Cc1ccccc1-c1ccc2c(C)cccc2c1
7.240610308247227,68.22222222222223,C=C1CC(C)C(C)=C1C
7.807214546430977,115.0,CC12CCC1(C)CC2
7.113227561656596,37.5,c1ccc2c(c1)C/C2=C1/Cc2ccccc21
8.240656226547278,108.36363636363636,C1CCC2=C(C1)C1CCC2C1
7.632109438983413,27.875,[CH2]C#CCC#CCC
7.606722265946776,55.111111111111114,CC1=CCC2=C1C=CC2
7.859021917840417,30.555555555555557,[CH2]c1ccc(CC)cc1
7.711330056374643,67.63636363636364,C1=CC2=C1CC1=C2CCCC1
4.741416337954966,34.0,CCc1ccc(C#CCC(C)C)cc1
7.232959579009663,40.333333333333336,C1=CCC2=C(C1)c1ccccc12
7.342848540995768,24.363636363636363,Cc1cc2cccccc-2c1
6.985064577231558,20.666666666666668,c1ccc2cc3c4cccccc-4cc3c-2cc1
7.383889459585285,22.4,C=C(C)C#CC#CC(=C)C
7.183147131370338,79.42857142857143,[CH]C1C=C(C)CC1
8.428569214955143,104.88888888888889,CC1=CC2CCC(C1)C2
7.370774453547497,35.38461538461539,C1=CCC2=C(C=C1)c1ccccc12
7.486513536905841,31.764705882352942,C1=CCC2=c3ccc4ccccc4c3=CC2=C1
8.689543121366722,128.72727272727272,CC1(C)CC2CC1C1CCC21
4.05354183156679,88.0,CC1(C)CCC1
8.325431531080435,130.66666666666666,C1=CC2CC3CC1C2C3
8.810941601833182,85.86666666666666,CC1(C)C2=CC=CC(C)(C)C23CCC1C3
7.587398530075001,26.526315789473685,Cc1cc(C)c(-c2ccc3ccccc3c2)c(C)c1
7.644506648156169,24.6,Cc1ccccc1-c1ccc(-c2ccccc2)c(C)c1
7.0905583133750865,45.111111111111114,CC1=Cc2cc3c(C)cc(C)cc3cc2CC1C
7.733372272937345,40.61538461538461,CC1=CC=C2C=CC=CC=C2C=C1
8.648202025330452,139.69230769230768,CC1C2CC3CC(C2)CC(C3)C1C
7.305417387808655,24.363636363636363,Cc1ccc2cccc-2cc1
6.777813760124457,47.833333333333336,[CH2]/C(=C\C)CC
7.515765406189152,30.0,Cc1ccc(-c2c(C)cc(C)cc2C)cc1
7.420624616779626,44.25,CC#C[C]1[CH][CH][CH][CH]1
7.999241655703552,36.21052631578947,CC(C)c1ccc2c(c1)Cc1ccc(C(C)C)cc1-2
7.562893035110511,33.88235294117647,Cc1cc(C)c2c(c1)-c1cc(C)c(C)cc1C2
6.7806020781707375,42.526315789473685,C1=CC(c2ccccc2)C2=C(C1)c1ccccc1C2
7.601116176393737,140.8,C1C2CC1CC1CC(C1)C2
7.321322930882653,25.41176470588235,c1ccc2c(c1)Cc1c-2ccc2ccccc12
5.673104418581407,52.61538461538461,C1=CCC2Cc3ccccc3C2=C1
7.382589211400324,28.8,C=C1CC(=C)c2cc3ccccc3cc21
7.511269862660143,66.28571428571429,C1=C2CCC2=CC1
6.140873232501379,72.28571428571429,C[C]1C=CCCC1
6.732937376689453,71.11111111111111,C1=CCC2CC=CC2=C1
8.465096044742372,134.28571428571428,C1=CC[C@@H]2[C@@H](C1)[C@H]1CCC[C@@H]3C[C@@H]2[C@@H]31
7.736970496297711,37.0,Cc1cccc2c1=CC=CCC=2
7.358915378483099,27.11111111111111,Cc1ccc(C)c(C#Cc2cc(C)ccc2C)c1
7.736341540778174,27.11111111111111,Cc1cc(C)c(CC#Cc2ccccc2)c(C)c1
7.614919470288546,17.714285714285715,C#CC(C#C)=CC
7.84814150879015,51.05882352941177,C1=C2C(=CCC3=C2CCCC3)c2ccccc21
7.504196651863577,19.4,C=Cc1ccc(C#Cc2cccc3ccccc23)cc1
6.139563272954253,47.833333333333336,[CH2]C/C(C)=C/C
7.577097575472514,63.27272727272727,CC1=C(C(C)(C)C)C=CC1C
6.527692234385414,50.90909090909091,C/C=C(C)/C(=C/C)C(C)(C)C
8.370810049359642,132.0,C[C@@H]1C2CCC(CC2)[C@H]1C
4.031584131229431,36.0,[CH]C#CC(C)(C)C
7.060933533738874,34.76923076923077,C1=Cc2ccc3c4c2=C1CC=4C=C3
8.227452062634919,92.0,C=C1CC2CC1CC2=C
6.611410564432206,43.2,CC(C)C#C/C=C\C(C)C
7.389178964476329,83.55555555555556,CC1=CCC2(CCC2)C1
7.797395222310332,35.6,Cc1c(C)c(C)c(-c2ccc3c(c2)CC=C3)c(C)c1C
7.218100604746735,23.058823529411764,Cc1ccc(-c2ccc3cccc-3cc2)cc1
7.383859999071966,51.25,c1cc2c3c(ccc2c2c1CCC2)CCC3
8.342955074911515,80.6,C=C1C2C=CC1(C)C2(C)C
5.184707188874618,62.8235294117647,CC1(C)CCC(C)(C)c2cc3c(cc21)CCC3
4.7787500784802575,56.333333333333336,C1=CC2C=CC1c1ccccc12
7.583348058338098,33.88235294117647,Cc1cc2c(cc1C)-c1c(ccc(C)c1C)C2
7.965236618277649,31.529411764705884,CCc1ccc(-c2c(C)cccc2CC)cc1
6.938201968452974,53.63636363636363,c1ccc(C23C[C](C2)C3)cc1
7.8351922623305805,54.0,CC1=C[CH]CC=C1
5.624777935035366,63.111111111111114,CC1=CC(C)(C)C1(C)C
7.282915655186454,27.428571428571427,CC#CC#CCC
6.5225643804011,47.55555555555556,c1cc2c3c(c1)C2CC3
7.891741346066753,28.0,C=C/C=C\C=C/C#CC#C/C=C\C
7.488888211453422,45.333333333333336,CC1=C(C)C=CC(C)=C(C)C=C1
7.841931764529418,26.526315789473685,CC(C)c1ccc(-c2cccc3ccccc23)cc1
8.240913925815788,64.16666666666667,C=C1C(=C)C2C=CC1C2=C(C)C
7.8980076167669955,63.63636363636363,C1=C[C@H]2C[C@@H]1c1ccccc12
8.04836749104476,53.1764705882353,Cc1ccc2c(c1)C1CCC2c2ccccc21
3.082136905498312,88.66666666666667,[CH]1C[CH]CCC1
7.239643291493532,28.666666666666668,Cc1ccc2c(ccc3c(C)c(C)ccc32)c1C
7.55636987410289,33.333333333333336,CC1=Cc2c(ccc3cc(C)ccc23)C1
7.746801908718105,41.75,CC(C)=C1C=CC=C1
8.719443048294059,100.8,CC1=C2[C@H]3CC[C@H](C)[C@]2(CC1)CC3(C)C
7.637260392935629,89.0,CC12C=CC(C=C1)C2
7.374343945072921,30.46153846153846,C(#Cc1ccccc1)C1=CCC=C1
5.273083157603878,34.8,Cc1ccc2c(c1)C(C)c1cc3cc(C)ccc3cc1-2
7.420517098232718,24.8,C=C1C=c2c1cccc2=C
5.163774575582132,28.307692307692307,C#CC(C#CC)C#CCC#CCC
8.112403564209268,84.57142857142857,C1#CC2C=CC1C2
7.773204970232891,30.333333333333332,CC#Cc1ccc(C(C)C)cc1
8.582454890686058,150.22222222222223,CC1C2CC1C1CCC21
5.61484335291215,53.0,CC([11CH3])=CC(C)(C)C
7.270633039889084,40.333333333333336,C1=Cc2cc3c(cc2C1)CC=C3
6.73823846318123,11.714285714285714,C#Cc1cc(C#C)c(C#C)cc1C#C
5.069990514103431,53.77777777777778,CC1Cc2ccccc21
7.866908475348332,42.0,CC1=CC=CCC#C1
6.809872625146929,36.0,C(#CC1CC=CC=C1c1ccccc1)c1ccccc1
7.274016977110836,25.25,Cc1cccc2cc3cccc(C)c3cc12
7.54284422641513,38.18181818181818,Cc1ccc2c(c1C)CC=C2
8.318849820627248,104.47058823529412,C1=C2C3=C(CCCC3)CC[C@H]2[C@@H]2CCC[C@H]2C1
7.631592809749946,27.0,C=C(C)C#CC(=C)C
8.501466164345118,139.07692307692307,C1CC23CCC4CC2CC1CC3C4
7.9923615738343505,51.0,[CH2]C1Cc2ccccc21
8.366235941032084,91.63636363636364,CC1(C)C2C=CC(C2)C1(C)C
7.527088684716946,45.45454545454545,Cc1cc(C)c2c(c1C)CC2
6.895578107200441,83.0,C1=CC2CCCC=C12
7.573216753266074,80.0,C1=C2CCCCC(=CCC1)C2
7.754361561407838,22.666666666666668,C#CC(C)C#C
7.376957366904516,101.71428571428571,C#CC12CC(C1)C2
6.286768787619304,47.666666666666664,CC1=Cc2cc(C)ccc2C1C
7.700200186646576,40.42857142857143,CC(C)=C1C=C2C=CC=CC=CC2=C1
8.645476643047349,120.72727272727273,CC1CC2C(C)CC1C2(C)C
7.840331871402669,44.57142857142857,CC1=C(C)CC#C1
4.589518357402964,32.25,CC(C)(C)/C=C\c1ccc2ccccc2c1
7.58725271846836,47.2,CC1=C2C=CC=C2C=CC1
6.646474163314782,58.57142857142857,CC1=Cc2cc3c(cc2C1C)CCC3
7.761248288860033,49.333333333333336,C=CC#CC1=CCCC1
7.900616894292536,69.55555555555556,C1=C[C]2CCCCC2=C1
7.729269565455778,60.44444444444444,C1=CC2=CCCCC2=C1
7.790460892653936,53.09090909090909,C1=CC2=CC=C3C=CC(=C1)C23
8.490381293807543,153.5,C1=C[C@H]2C3C4[C@@H]5[C@@H](CC[C@@H]52)[C@H]2CC[C@H]([C@@H]42)[C@@H]13
7.602112279138767,31.0,CC#CCC#CCC
7.615218813869465,93.16666666666667,CC(C)=C1C2C=CC3C=CC1C32
7.723280367419772,58.44444444444444,C=C1CC2=C(CC=C2)C1
7.533658929261861,68.88888888888889,c1ccc2c(c1)C[C@@H]1[C@H]3Cc4ccccc4[C@@H]3[C@H]21
8.46779315641847,78.13333333333334,C1=C[C@H]2C[C@@H]1[C@@H]1C(c3ccccc3)=C[C@@H]12
6.0814453819916805,36.57142857142857,C=C(c1ccc(C)cc1C)C(C)(C)C
4.707924242192648,33.333333333333336,C=C(c1ccccc1)C(C)(C)C
7.417357594048197,95.0,C1=CC[C@H]2C=C[C@@H]2C1
7.9163352586944296,43.666666666666664,CC1(C)C=CCc2ccccc21
8.566959684752696,77.41176470588235,CC1(C)[C@H]2C[C@H]3C(=CCc4ccccc43)[C@@H]1C2
7.821610197108891,28.266666666666666,C=C(C)c1cccc2cc(CC)ccc12
7.441506610272517,21.818181818181817,C=CC#Cc1cccc(C)c1
7.731061641545283,40.8,C#CC1=CC=C(C)C=CC1
5.849229338420744,63.333333333333336,CC1(C)C=C2CC=CC=C2CC1
7.417357594048197,95.0,C1=CC[C@@H]2C=C[C@H]2C1
7.333680942947835,24.714285714285715,C=C1C=Cc2c1cc1cccccc2-1
9.038552327458538,113.6,C[C@@H]1CC[C@@]23C[C@@H]1C(C)(C)[C@@H]2C=C[C@H]3C
7.822375832630963,62.285714285714285,C=C1CCC(=C)C1
5.255862012003846,60.0,CC1(C)C=CCC=C1
5.069990514103431,53.77777777777778,C[C@@H]1Cc2ccccc21
5.081703547637254,54.333333333333336,CC1(C)CCCc2ccccc21
7.580110479447705,49.666666666666664,C=C1CC2=C(C)C(=C)CC2=C1C
7.234463700196416,18.545454545454547,C#Cc1ccc(C#C)c(C)c1
7.734623173783551,28.0,CCC#CCc1ccccc1
7.8826131007765,46.8,C/C=C1\C=CC=CC=C1C
6.932805657106574,53.333333333333336,CC(C)/C=C/C(C)(C)C
7.521570458531465,32.5,Cc1cc2c(cc1C)-c1c(C)cccc1C2
6.766182586728649,20.857142857142858,c1ccc2c3cccccc-3c-2cc1
7.863897938397558,54.0,CC1=CC(C)C=C1C
7.485824054137939,34.35294117647059,CC1=Cc2cc3c(cc2C1)-c1ccccc1C3
7.56771049629771,51.0,C1=C2CCCc3cccc(c32)C1
7.719934137449063,180.0,CC12C3C4C1C1C2C3C41C12C3C4C1C1C2C3C41C
8.729813633857965,105.2,C[C@@H]1CC[C@H]2[C@@H]3C=CC4=CCC=C[C@]4(C)[C@H]3CC[C@]12C
7.427504565048309,37.55555555555556,CC1=Cc2cc3cc4c(cc3cc2C1)C=C(C)C4
8.467297101971022,84.57142857142857,CC1=C2C(=CC1)[C@H]1CC[C@]2(C)C1(C)C
7.320270007105257,22.666666666666668,C1=C(c2ccccc2)c2cccc3cccc1c23
7.059673832443591,64.3076923076923,C#Cc1ccc(C23CC(C2)C3)cc1
7.497198859963716,21.0,[C]#CCc1ccccc1
7.710235851561258,33.23076923076923,C=Cc1ccc(C2=CC=CC2)cc1
6.143419491223778,25.68421052631579,C#CC(C#Cc1ccc(C)cc1)c1ccc(C)cc1
7.542991262990077,35.27272727272727,C1=Cc2ccccc2C=CC1
4.8711647853245434,47.111111111111114,C1=CC\C=C/C=C\C=C/1
7.614384605261657,24.88888888888889,Cc1ccc(-c2ccc3ccccc3c2C)cc1
6.353674215214035,47.666666666666664,CC1=Cc2cccc(C)c2C1C
8.65167785858489,72.63157894736842,C[C@H]1C2=C(c3ccccc31)C(C)(C)[C@@H]1C[C@H]2C1(C)C
7.591003020971363,60.44444444444444,C1=CCC2=CCC=C2C1
8.248599837632643,92.75,C=C1CC2C=CC1C2
7.493675961108972,32.0,[CH]c1ccc2c(c1)C=CC2
7.711796243324466,51.714285714285715,CC1=C(C)c2cc3c(cc2C1)CCC3
7.503220885119298,24.88888888888889,Cc1cccc(C)c1-c1ccc2ccccc2c1
5.289947655031792,43.142857142857146,CC1(C)C=CC(c2ccccc2)C=C1
7.523038741802142,44.4,Cc1ccc2c(c1C)CC2
7.786355528178151,27.75,C#Cc1ccc2ccc(C(C)(C)C)ccc1-2
6.6846571538660555,50.61538461538461,C=C1Cc2ccc(C)c(C)c2C1C
7.518124066737131,130.28571428571428,C1C[C@H]2CC[C@@H]2C1
7.634420310680634,116.57142857142857,CC1(C)C2CC1C2
7.96574063617661,31.11111111111111,C/C(=C\c1c(C)cc(C)cc1C)c1ccccc1
7.360847465281526,21.846153846153847,C/C=C/C#CC#Cc1ccccc1
7.878467866264921,31.11111111111111,Cc1cc(C)c(C)c(/C=C/c2ccccc2)c1C
7.404073878016293,34.266666666666666,[CH]1c2ccccc2CCc2ccccc21
8.891921109896685,153.06666666666666,C1CC2C3CC4CC2C2CC1CC3C2C4
7.518124066737131,130.28571428571428,C1C[C@@H]2CC[C@H]2C1
8.8245939702467,106.0,CC(C)=C1C2CC3(C)CCC2(C)CCC13
7.326246745722319,34.54545454545455,C1=c2ccc3c(c2=C1)=CCC=3
7.622467419374634,27.666666666666668,C/C=C\C#Cc1ccc(C)cc1
7.500706695615391,27.058823529411764,Cc1ccc2cc3cccc(C)c3cc2c1C
7.512074207038992,59.2,CC1=C(C)CC(C)=C(C)C1
6.840967105823151,20.285714285714285,c1cc2cc3cc4cccc-4c=3c-2c1
7.898182986948007,50.666666666666664,CC1=CC=CCC=C1C
7.9596573722099295,53.6,CC(C)(C)/C=C/C(C)(C)C
4.59385872313848,65.14285714285714,CC1=CCC1(C)C
7.600939287223372,30.22222222222222,CC#CC#C/C=C/CC
8.951902000806031,99.73333333333333,C[C@@H]1C=C[C@@H]2CCC[C@]23C=CC=C[C@H]1C3
7.441883130763667,27.11111111111111,Cc1cc2c(c3ccccc13)Cc1ccccc1-2
7.787542915799632,34.666666666666664,CC1=C(C)C#C1
7.1893892494443685,17.11111111111111,C#Cc1ccc2c(ccc3ccccc32)c1C#C
8.164896893398792,73.66666666666667,Cc1cccc2c1[C@@H]1CC[C@H]2C1
7.557043214461163,33.333333333333336,CC1=C(C)c2ccc3ccccc3c2C1
7.9604981434318685,61.333333333333336,[2H]C1=CC=C([2H])CC1
7.706338188605403,37.0,CC1=CCC(c2ccccc2)=C1
7.127737597501833,23.666666666666668,[2H]C1=C([2H])c2cccc3cccc1c23
9.012636594417813,138.8235294117647,CC12CC3C4CC5(C)CC3C(C1)C(C)(C5)C4C2
7.298790122542104,28.6,c1ccc2c(c1)ccc1c3cccc4c3c(cc21)CC4
7.218837133993988,51.8,C1=C[C@@H]2c3cc4ccccc4cc3C3=C(CC3)[C@@H]2C=C1
6.106770172383426,71.27272727272727,CC1(C)CC2=C(CCC=C2)C1
5.948611287353974,76.28571428571429,CC=C1CCCC1
8.164896893398792,73.66666666666667,Cc1cccc2c1[C@H]1CC[C@@H]2C1
8.164896893398792,73.66666666666667,Cc1cccc2c1C1CCC2C1
7.496759707663584,27.058823529411764,Cc1ccc2c(ccc3c(C)c(C)ccc32)c1
7.664899680022062,28.444444444444443,[CH]c1c(C)cccc1C
7.585944803864122,44.6,Cc1ccc2c(c1)[CH]CC2
7.66980072762226,16.0,c1ccccc#1
7.858904704020274,34.54545454545455,C/C=C\c1ccc(C)cc1C
4.010972749793879,63.75,C=C1CCCC=C1C
7.0042174832539255,23.666666666666668,C1=Cc2cccc3cccc1c23
6.895578107200441,83.0,C1=CC2=CCCC2C1
2.182921765537168,57.333333333333336,[C]1=CCCC=C1
7.585652706843398,31.77777777777778,Cc1c[c]cc(C)c1C
8.281116527915882,96.0,C1=C[C@H]2CC=C[C@@H](C1)C2
7.618215277249852,28.88888888888889,C/C=c1/cc2cc3ccccc3cc2c/c1=C/C
7.755599316581462,44.61538461538461,CC1=CCCc2cc(C)c(C)cc21
7.0042174832539255,23.666666666666668,C1=C[13c]2[13cH][13cH][13cH][13c]3cccc1[13c]23
3.9372888236070285,77.6,C1=CC(=C2CCCC2)CC1
7.739221603868675,30.555555555555557,[CH2]c1c(C)cccc1C
8.520069351550967,123.33333333333333,C1C[C@H]2CC1C1=C2[C@@H]2CC[C@H]1C2
7.6818205792853504,34.666666666666664,C1=CC2c3ccccc3-c3cccc1c32
7.729254752730919,28.0,C#CCc1ccc(CC)cc1
7.66323284420067,51.2,C#CC1=C(C#C)CCCC1
7.561296362446765,38.4,C#CC1=C(C#C)CC=CC1
7.74927416107171,13.666666666666666,c1c[c]ccc#1
5.732937668516232,46.90909090909091,Cc1cccc2c1C=CC2C
7.766639545687095,13.666666666666666,c1[c]cccc#1
7.465149761855123,43.111111111111114,Cc1cccc2c1CC2
8.370810049359642,132.0,C[C@H]1C2CCC(CC2)[C@@H]1C
8.650736062905734,112.0,C1=C[C@H]2CC[C@@H]1C1=C2[C@@H]2CC[C@H]1C2
7.292607832833133,60.0,C1=CC2=C(C=CC3=C1CC3)CC2
7.711879688641045,30.555555555555557,[CH2]c1cccc(C)c1C
4.8711647853245434,47.111111111111114,C1=C\C=C/C/C=C\C=C/1
7.658783123348977,45.0,c1cc2c3c(c1)ccc1c4c(cc(c13)CC2)CCCC4
7.502873071422745,33.333333333333336,Cc1cccc(C)c1C
7.228302594699552,71.71428571428571,C=C1C=CCC1C
7.388230322600441,22.142857142857142,C=c1cccc2c1=Cc1ccccc1-2
5.8383592062086205,67.33333333333333,CC1=CCC=CC2=C1CCCC2
7.524288923940651,52.57142857142857,C=C1CC2=C(CC1=C)CC(=C)C(=C)C2
7.823784869174798,31.77777777777778,Cc1[c]ccc(C)c1C
8.932944077224326,156.57142857142858,C1CC2C3CC4C5CCC3C1C5CC24
8.475078979268009,98.2,C=C1CC[C@H]2CC1C2(C)C
6.37258691887481,64.88888888888889,CC1(C)C=CCC=CC1
7.564068235850387,96.72727272727273,C1=C2CCC[C@H]2[C@H]2CCC2=C1
7.579574618920848,23.09090909090909,Cc1cccc2ccc[c]c12
7.748588878026311,38.46153846153846,CC1=CC=C(c2ccc(C)cc2)C1
8.816551038403318,103.5,CCC(C)C(C)C(C)C(C)C1CC2CCC21
7.511861443524518,34.8,C=C1[CH]c2ccccc2C1
7.620099614008886,69.33333333333333,CC1=C(C)C(C)C2=C1CC1=C(C2)C(C)C(C)=C1C
7.544890843146849,32.5,Cc1ccc2c(c1C)Cc1c(C)cccc1-2
7.5039572598417195,24.2,Cc1ccc2cc3ccc4c(C)cccc4c3cc2c1
7.31366484070324,34.333333333333336,c1ccc2c3c(ccc2c1)CC3
4.724512816782111,53.0,[C]1=CC=CC=CCC1
7.422106319996756,24.363636363636363,Cc1cccc2ccccc12
7.683023260608248,33.88235294117647,Cc1cc2c(cc1C)C(C)(C)c1ccccc1-2
7.683413739124587,39.529411764705884,Cc1cc2c(cc1C)Cc1ccccc1CC2
4.724512816782111,53.0,[C]1=CCCC=CC=C1
7.586277703934399,32.5,Cc1ccc2c(c1)Cc1c-2ccc(C)c1C
7.745613918974598,25.77777777777778,C=c1cccc(C)c1=C
7.4160727637743316,27.11111111111111,C1#Cc2ccccc2C1
7.425714152290457,31.764705882352942,C1=CCC2=Cc3cc4ccccc4cc3C2=C1
7.95782243207818,64.18181818181819,C1=C[C](C2=CCCCC2)C=C1
7.183325741704865,28.285714285714285,Cc1ccc2ccc(C)c3c2c1C=C3
7.679865310136629,28.444444444444443,[CH]c1cccc(C)c1C
8.476667797130226,82.0,CC1=C(C)C(C)(C)[C@H]2C=C[C@@H]1C2
8.086408033618344,127.0,CC1CC2CCC12C
7.5286725664961,28.0,CCC#Cc1ccccc1C
8.228620651938023,90.28571428571429,[C]1=CC2C=CC1C2
7.825260283352806,76.0,CC1=C(C)CCCC1
7.195799088902071,93.71428571428571,C1=CC2C=CC1C2
7.144413819331212,59.714285714285715,C1=CC2C=C[C]1C2
6.6305850317002415,47.733333333333334,Cc1cccc2c1=CC1=CC=CCC1C=2
7.960973118299607,45.5,C=C1C=CC(=C)C1C
7.449861390816509,29.0,C#Cc1ccc2c(c1)Cc1ccccc1C2
7.633413853592977,31.714285714285715,C1=CC=CC(c2ccccc2)=CC=C1
8.750134343598548,115.33333333333333,C[C@@H]1C2CCC(C)([C@H]1C)C2(C)C
7.397393869100144,22.666666666666668,C#CCC#CC
8.493913247547097,80.53333333333333,CC12CCC(CC1=C1C=CC=C1)C2(C)C
6.139136576369333,42.93333333333333,CC1C=Cc2cc3ccccc3cc2C1
6.889505429685977,52.61538461538461,C/C=C/C=C1\C(C)=CC=CC1(C)C
7.345615130403716,24.8,C=c1cc2c(cc1=C)C=C2
7.521979998444302,28.0,C(#CC1C=CC=C1)c1cccc2ccccc12
7.777120215011965,180.44444444444446,CC12C3C4C5C3C1C5C42
7.437140865486586,45.23076923076923,C1=C2C(=CCCC1)c1ccccc12
7.420928876334469,21.333333333333332,C(#Cc1ccccc1)Cc1ccccc1
7.991695647373664,57.23076923076923,C=C1C(=C)C2CC1c1ccccc12
7.796614493221334,27.11111111111111,CC(C)(C)C#Cc1cccc(-c2ccccc2)c1
7.749921828657769,27.076923076923077,C=CCC#Cc1ccc(CC)cc1
6.440020278148345,62.888888888888886,C=C1C=CC(C)(C)CC1
7.383150154685154,26.31578947368421,C/C=C1/c2ccccc2-c2cc3ccccc3cc21
7.304329889885243,72.6,CC(C)=C1C2C=CC1C=C2
7.910830259877189,30.0,Cc1ccccc1-c1ccc(C(C)C)cc1
7.264520884659284,21.666666666666668,CCC#CC#Cc1ccccc1
8.697041360454493,121.23076923076923,CC12CC3CC(CC(C3)C1(C)C)C2
7.895256480881775,68.44444444444444,CC1=C(C)CC(C)(C)C1
7.300314499755203,22.526315789473685,Cc1ccc2ccc3cc4ccccc4cc3c2c1
7.875128194365331,177.66666666666666,[CH2]C12C3C4C5C3C1C5C42
7.858735793812685,26.6,C=C(C)Cc1ccc(C#Cc2ccc(C)c(C)c2)cc1
7.892315725748768,51.42857142857143,C=C1C(=C)C2C=CC1c1ccccc12
7.661111136650541,48.44444444444444,[2H]c1cccc2c1CCC2
7.486602034759249,27.0,Cc1ccc2c(C)cccc2c1
7.785706456321865,40.30769230769231,Cc1cc(C)c(C(C)(C)C)cc1C
7.142058405022352,82.28571428571429,[C]1C2C=CC1C=C2
7.832786167174325,140.30769230769232,C1=CC(C23C4C5C6C4C2C6C53)C=C1
7.895044633694431,30.333333333333332,C#CCCc1ccc(CC)cc1
7.533917605346188,23.09090909090909,Cc1cccc2[c]cccc12
7.540181125628128,32.72727272727273,C#CC1=CC=C(C#C)CC=C1
7.366474869539783,52.44444444444444,C#CC1CC=CC=C1C#CC1=CC=CCC1C#C
6.085481231125403,77.33333333333333,CC1C(C)(C)CC1(C)C
7.515705897903607,24.2,CCc1ccc2c(ccc3c4ccccc4ccc23)c1
7.351364256259161,28.88888888888889,Cc1cccc2c1=CC=2
7.421161044260215,23.09090909090909,Cc1cccc2c[c]ccc12
7.452480374948107,25.41176470588235,Cc1cccc(C#Cc2c(C)cccc2C)c1
7.976231264425169,61.333333333333336,[2H]C1=CCCC=C1
7.701924670953365,28.0,Cc1ccc(-c2cc(C)c(C)c3cc(C)ccc23)cc1
7.730049347065039,93.33333333333333,[2H]C1=C([2H])C([2H])C([2H])C([2H])=C1[2H]
8.41066744097884,137.45454545454547,CC1CCC2C3CCC3(C)C12
7.649803386372462,22.857142857142858,C#C/C=C(\C)C#C
8.31693345520948,106.0,[C]=C1[C@@H]2CC[C@H]1C2
7.302925048408263,91.2,CC1=CC2=C(C1)C1CC2C1
7.244558655779855,20.666666666666668,c1ccc2cc3c(ccc4ccccc43)c-2cc1
8.634798368550822,124.44444444444444,C[C@H]1C[C@]2(C)CC[C@H]1C2
2.182921765537168,57.333333333333336,[C]1=CC=CCC1
7.465755383059687,29.647058823529413,C1=Cc2cc3c(cc2=CC1)-c1ccccc1C=3
7.7799910611461796,49.42857142857143,C1=CCC2=C(CC1)c1ccccc1C2
7.509785144551409,35.38461538461539,C1=CC2=c3c(cccc3=CC2)C=C1
7.834658980778057,40.57142857142857,[C]=CC1C=CC=C1
7.567114872314515,36.4,Cc1cccc2c1=CCC=2
8.54813708016048,140.8,C1C[C@@H]2[C@@H]3CC[C@@H](C3)[C@H]2C1
7.9632135872950265,36.21052631578947,Cc1ccc2c(c1)Cc1cc(C)c(C(C)(C)C)cc1-2
7.8764550089103516,63.38461538461539,C1=CC2=CC3=C(CCCC3)C2=CC1
7.183582866012575,65.6,CC1=C(C)C2C=C3CCCC3=CC2=C1C
7.156425241907459,74.4,C1=CC2CCC=CC2=CC1
8.471156235006038,111.6,C=C1C2CC3CC2C(=C)C13
7.553585972901688,28.63157894736842,Cc1ccc2c(c1C)-c1ccc3ccccc3c1C2
7.450499420716307,35.5,Cc1ccc2c(c1)CCc1cc(C)ccc1-2
7.867944112377618,28.0,C/C(=C/c1ccc(C)cc1)c1ccccc1
7.459326692260864,21.714285714285715,CC(C)=CC#CC#Cc1ccccc1
7.080898445180681,64.88888888888889,CC1=CC(C)C(C)=C1C
7.859119076931903,53.666666666666664,[2H][C]1C=CC=CC1
7.493273705769664,40.25,C1=CC(c2ccc(C3C=CC=C3)cc2)C=C1
6.6123355011252904,55.0,C1=CC2(C=C1)C=CC2
7.714436964453453,24.22222222222222,C=[C]Cc1ccccc1
7.657274342451557,35.5,C=C1C=Cc2c(C)cccc2C1
7.992015254425159,63.0,Cc1cccc2c1[C@@H]1C=C[C@H]2C1
6.349050348973553,20.22222222222222,c1ccc2c(c1)c1ccc3c4ccccc4c3c21
7.696551690515953,110.71428571428571,c1ccc(C23C4C5[C]6C4C2C6C53)cc1
7.7606603473753175,50.94736842105263,Cc1ccc2c(c1)C[C@@]1(C2)Cc2cccc(C)c2C1
7.524540556522415,92.75,C=C1CC2C=CCC12
4.991502504408434,63.75,C=C1C=C(C)CCC1
7.883497288988841,45.714285714285715,[CH]=CC1C=CC=C1
7.773700519208049,61.333333333333336,C1=CC[12CH2]C=C1
7.502543519637399,28.4,CC1=C[C]c2ccccc21
8.095245773876094,63.142857142857146,C1=CC2CC=CC(C1)c1ccccc12
7.145916214329613,21.666666666666668,CC#CC#Cc1ccc(C)cc1
7.758839144646682,55.07692307692308,c1ccc2c(c1)CC1=C2CCCC1
7.720993547428711,59.45454545454545,[CH]1C2C=CC1c1ccccc12
7.485549949237592,36.4,CC1=CCc2ccccc21
7.740637893483271,62.4,CC1=C(C)C(C)(C)C1(C)C
7.010527946772394,95.11111111111111,C1=C2C(=CC1)C1CC2C1
7.286205894667973,99.0,CC1=C(C)C2CC1C2
8.719443048294059,100.8,CC1=C2[C@@H]3CC[C@@H](C)[C@@]2(CC1)CC3(C)C
7.992015254425159,63.0,Cc1cccc2c1[C@H]1C=C[C@@H]2C1
7.669928258049272,29.23076923076923,CCc1ccc2cccc(C)c2c1
7.838824469300707,43.53846153846154,C=C1/C(=C\C)CCc2ccccc21
7.992015254425159,63.0,Cc1cccc2c1C1C=CC2C1
7.834214029544125,45.63636363636363,CC1(C)C[CH]c2ccccc21
7.799954875250831,60.0,CC1=C(C)CC=CC1
8.240561662654725,99.55555555555556,CC1=C(C)[C@H]2CC[C@@H]1C2
7.76271141668076,30.0,Cc1ccc(Cc2c(C)cccc2C)cc1
4.830518369560016,47.6,C=C1C=C(C)C(=C)C1(C)C
7.080898445180681,64.88888888888889,CC1=C[C@@H](C)C(C)=C1C
7.5622764543657945,26.94736842105263,C1=C(c2ccccc2)Cc2c1ccc1ccccc21
7.270516725428079,21.428571428571427,c1cccc2ccccccc=2cc1
7.499315918131113,38.18181818181818,Cc1cc2c(cc1C)=CCC=2
5.5436894200089615,42.588235294117645,CC1=CC(c2ccc(C(C)(C)C)cc2)C=C1C
7.84084347140763,55.142857142857146,Cc1ccc2c(c1)C1=C(CCCC1)C2
4.246629895808221,61.75,C=C1CCC#CCC1
8.07638898107164,141.6,C[C@@H]1C2C([C@@H](C)[C@H]2C)[C@@H]1C
7.480019569638672,28.0,C#CC1(C#C)C=CC=C2C1=Cc1ccccc12
6.2430625777678,80.0,C1=CC2CCC=C12
7.813690646917788,77.6,C1=CCC2=C(C1)CCCC2
7.867502753114889,122.0,CC1C[C@@H](C)[C@H](C)C1
7.2797268765712,57.2,C1=CC2=C(C1)C1=C(C2)C2=C(C1)C1=C(C2)C2=C(C=CC2)C1
4.832813818018122,54.76923076923077,CC(C)(C)C1=CC=C(C(C)(C)C)C1
6.186816543448333,39.333333333333336,[CH]/C=C\C=C/C
7.622467419374634,27.666666666666668,C/C=C/C#Cc1ccc(C)cc1
5.810601676940321,47.42857142857143,CC(=[13CH2])C(C)(C)C
8.848830746688462,96.0,C1=C[C@@H]2CC=C[C@@H]3CCC[C@@]3(C=C1)C2
5.810601676940321,47.42857142857143,C=C(C)C(C)(C)C
7.022418892012216,52.0,c1ccc2c(c1)ccc1c3c(ccc12)C1CCCC31
8.213007931136392,64.76923076923077,C/C=C1/[C@H]2CC[C@@H]1c1ccccc12
7.799472780891467,62.666666666666664,CC(C)C1C=CC(C(C)(C)C)=C1
7.754695238560879,42.18181818181818,CC#CC1=CC=C(C)CC=C1
7.7002509876575775,10.0,c1c#cccc#1
7.064481124646122,77.6,CC1=C(C)C2(C)C=CC12C
5.810601676940321,47.42857142857143,C=C([13CH3])C(C)(C)C
8.566626922658719,93.14285714285714,CC1(C)C2CCC(C)(C2(C)C)C1(C)C
7.0994418030070445,27.076923076923077,c1ccc2c(c1)C[13c]1[13cH][13cH][13cH][13cH][13c]1-2
5.810601676940321,47.42857142857143,C=C(C)C(C)(C)[13CH3]
7.219300781267572,76.75,C=C1C=CC2C=CC12
7.773700519208049,61.333333333333336,C1=CC[13CH2]C=C1
8.848830746688462,96.0,C1=C[C@H]2CC=C[C@H]3CCC[C@]3(C=C1)C2
6.915414244000483,92.0,C1=CC2C=CC3C=CC2C=CC13
7.707315239386038,22.857142857142858,C=CC#CC(=C)C
7.29950294547692,19.6,[CH]=CC#Cc1ccccc1
6.570141318892189,47.25,C1=CC2C=CC2c2cc3ccccc3cc21
7.289530789347962,22.526315789473685,Cc1ccc2c(ccc3c4ccccc4ccc23)c1
7.558106278705197,22.076923076923077,[CH2]c1ccccc1-c1ccccc1
7.545445845848327,38.18181818181818,Cc1ccc(C)c2c1C=CC2
7.560614862718469,31.77777777777778,C1=c2ccc3cc4ccccc4cc3c2=CCC1
7.618171839865349,31.5,CC(C)=C1C=c2ccccc2=C1
7.523588355969785,38.18181818181818,Cc1cc2c(cc1C)CC=C2
7.419022420683582,25.25,Cc1ccc2c(ccc3ccccc32)c1C
7.491263726395093,24.0,Cc1ccccc1-c1ccccc1
6.175563643344388,80.0,C1=CC2CC=C2C1
6.279946563195639,10.666666666666666,[2H]CC#CC#CC#CC#C
7.87789890955404,53.714285714285715,CC1(C)C=CC=C1
7.292897523061862,27.0,Cc1cc2ccccc2cc1C
7.591161407181798,58.94736842105263,C1=C2[C@H]3Cc4ccccc4[C@H]3[C@@H]2c2ccccc2C1
7.607748314708808,22.923076923076923,Cc1ccccc1-c1cc[c]cc1
7.484733894938949,22.09090909090909,[CH2]c1ccc2ccccc2c1
7.764495178243908,61.09090909090909,C#CC1=C(C#C)C2C=CC1C2
7.56043302817815,32.5,Cc1cc(C)c2c(c1)-c1cccc(C)c1C2
6.682407462677499,51.666666666666664,Cc1cccc2c1CC(C)C=C2
5.466173549358189,49.42857142857143,CC1=CC=C2c3cccc(C)c3CC12
5.732796976095667,67.0,C1=CC2C=CCC2=C1
7.667336348039527,30.0,Cc1ccc(Cc2cc(C)cc(C)c2)cc1
7.805596948046274,105.0,CC12C=CCC(C1)C2
7.901761929488418,47.75,CC=C1C=CCC=C1
7.255448395173972,22.526315789473685,Cc1cccc2c1ccc1c3ccccc3ccc21
7.725018022310704,25.833333333333332,Cc1[c]c2ccccc2cc1C
7.663253992252361,29.375,C=c1cc2c(cc1C)=Cc1ccccc1C2
7.69987776744284,32.30769230769231,CC1=Cc2ccccc2C=CC=C1
7.681587001300927,76.0,CC1(C)C=CC(C)(C)C2C=CC1C=C2
7.676387442648162,43.529411764705884,C1=CCC2=c3cc4c(cc3CCC2=C1)=CC=C4
7.575916189372663,25.09090909090909,C/C=C/C#Cc1ccccc1
7.434765512315462,30.933333333333334,Cc1ccc2c(c1)Cc1ccc(C)cc1-2
7.918832053727953,33.333333333333336,Cc1ccc2c(c1)C(C)(C)C=C2c1ccccc1
7.764887624458971,36.4,CC(C)=C1C(C)=C(C)c2cc(C)ccc21
7.444020308920792,103.11111111111111,CC12CC(C)(C1)C2(C)C
7.7709949269950105,64.8,C1=CC(=C2CCCC2)C=C1
7.901599066258412,32.888888888888886,Cc1cc(C(C)(C)C)cc(C)c1-c1ccccc1
7.753135031904222,25.77777777777778,C=c1ccc(=C)c(C)c1
5.853300704960853,19.6,c1cc2c(c1)c1c2cc2c3cc4c5cccc5c4c3c21
7.849481468440576,42.93333333333333,CC1=C(C)C(C)(C)c2cc(C)c(C)cc21
7.852645702719677,44.625,[CH2]C=C1C=CCC=C1
7.3707421241536775,17.5,[13CH]#Cc1ccccc1
8.956711038014353,143.33333333333334,C=C1C2CC3C4CC5CC3C1C(C5)C4C2
7.795151197225172,28.75,Cc1[c]ccc(C)c1
6.793303842720579,61.714285714285715,C1=CC2=CC=C3C=CC=C[C@@H]3[C@H]2C=C1
6.452339519948647,45.111111111111114,C1=CC2=Cc3ccccc3C=C3CC=CC(=C1)C23
4.795197945462754,64.75,C=C1CC2C=CC=C12
7.756403662615215,29.75,C=C1C#CC=CC=C1
7.255500613828918,24.705882352941178,Cc1cccc2c3c4c(cccc4cc12)C=C3
7.495691475788876,30.933333333333334,Cc1ccc2c(c1C)Cc1ccccc1-2
7.007936667685463,38.44444444444444,c1cc2cc3c(cc2c2cc4c(cc12)CC4)CC3
7.633494268054416,68.8,CC1=CC(C)(C)C=CC1C
7.1427282917532775,78.85714285714286,CC1=C(C)C(C)C1
6.793303842720579,61.714285714285715,C1=CC2=CC=C3C=CC=C[C@H]3[C@@H]2C=C1
7.629439852354971,26.285714285714285,C=Cc1cccc2c(C)c(C)ccc12
7.497306582921266,29.11111111111111,CC1=Cc2ccc3c(ccc4ccccc43)c2C1
8.475078979268009,98.2,C=C1CCC2C[C@@H]1C2(C)C
7.293384906995021,22.526315789473685,Cc1cc2cc3ccccc3cc2c2ccccc12
7.843986321868777,96.22222222222223,c1cc2c(c3c1C1CCC3CC1)C1CCC2CC1
6.414546474728835,42.75,CC1(C)C=CCC=CC(c2ccccc2)=C1
7.803326906271312,42.0,CC1=CC(C)(C)c2cc(C)c(C)cc21
7.502799039290305,56.72727272727273,C1=CC=C2CCC=CC(=C1)C2
8.671986759505138,138.15384615384616,C=C1C2C3CC4C2C(=C)C2C1C3C42
8.838864758095642,134.0,C1=C[C@H]2CC1[C@H]1C[C@@H]3[C@H](C[C@H]12)[C@@H]1C=C[C@H]3C1
6.602616438037085,37.86666666666667,CC(C)=CCc1ccc(C(C)(C)C)cc1
7.660898133691431,66.66666666666667,CC1=C(C)CC1
7.315608091096388,21.23076923076923,C#Cc1ccc2ccc(C)cc2c1
6.361504425708149,52.18181818181818,C=C1C=CC=C2C=CC=C[C@H]12
7.408624503593845,20.8,C=c1cc2cc3ccc4ccccc4c3cc2cc1=C
7.735057538470365,45.666666666666664,C[C]1C=CC=C1
7.595846476646692,32.0,Cc1c#cc(C)c(C)c1C
7.7653398130406694,36.0,Cc1ccc2c(c1C1=CC=CC1)Cc1cccc(C)c1-2
7.593457991597316,28.0,C#CCc1ccc(C)c(C)c1
6.942000851481403,46.0,[2H]C([2H])=C([2H])C(C)(C)C
9.016398183362359,141.25,C/C=C1\C2CC3C4CC5CC3C1C(C5)C4C2
7.06596165938009,24.363636363636363,CC#Cc1ccc2c(c1)C=C2
8.065053569486762,83.2,C1=CC2=C(C1)C1C=CC2C1
8.356122301854555,85.45454545454545,C=C1C(=C)C2CCC1C2(C)C
6.972566001213475,52.0,[2H]C=C([2H])C(C)(C)C
7.938029913636139,46.888888888888886,CC1(C)CCC(C)(C)c2cc3ccccc3cc21
6.176707631655468,70.0,CC1=CCCC1(C)C
7.083878589393599,22.0,[13cH]1[13cH][13cH][13cH][13cH][13cH]1
8.02198974640421,98.72727272727273,C=C1C2CCC(CC2)C1(C)C
7.045690364534289,41.68421052631579,Cc1ccc(C2=Cc3ccccc3C23CCC3)cc1
7.684211616892268,25.333333333333332,Cc1ccc(C#C/C=C\c2ccc(C)cc2)cc1
7.26460426800987,32.0,c1ccc2c(c1)=c1ccc3c(c1=2)CC3
7.767315801119896,31.272727272727273,C=C(C)c1ccc(C)cc1C
4.841737804584227,35.46666666666667,CCCC#Cc1ccc(C(C)(C)C)cc1
6.888689976948739,52.0,[2H]C=CC(C)(C)C
5.984503189351798,42.0,[C]=CC(C)(C)C
7.266616203306983,92.8,C1CCC2=C(C1)C1C3=C(CCCC3)C2C2=C1CCCC2
7.461953333852977,42.4,CC1=CC2=CC=CC2=C1C
8.115530373119723,124.0,C1=C[C@@H]2CCC[C@H]2[C@@H]2CCC[C@@H]12
7.684389499176167,27.0,C#C/C(C)=C(\C)C#C
7.819330498260223,69.33333333333333,CC1=CCC2=C1CCC2
8.141968854605006,89.33333333333333,C[C@H]1C[C@H](C)[C@H]2Cc3ccccc3C[C@@H]21
7.338088050416021,23.2,Cc1cccc2c1ccc1ccccc12
7.8963471015292415,34.666666666666664,C#C/C(C)=C\C
7.395806744935364,93.71428571428571,C1=CC2C=CC2C1
2.7093028394373126,33.23076923076923,C/C=C\C#CC#C/C=C\C=C/CC
7.395806744935364,93.71428571428571,C1=C[C@@H]2C=C[C@@H]2C1
6.267190448768942,59.2,CC(C)(C)C1=CCC=CC1
7.840266946930346,47.0,C#CCC1=C(C)CCC1=C
7.416588784617471,100.6,C=C1C2C=CC3C=CC1C32
7.516564088928323,21.333333333333332,C#Cc1ccc(-c2ccccc2C)cc1
7.526506181231587,39.69230769230769,c1ccc2c3c(ccc2c1)CCC3
7.8136638028504395,39.77777777777778,CC1(C)C=CC(C)(C)c2cc3ccccc3cc21
6.196565665114376,31.714285714285715,C=Cc1ccc(C(=C)C(C)(C)C)cc1
4.507238392366274,54.0,CC1=CC(C)(C)C=C1
8.709101021325997,100.8,CC1CCC2=C1CC1CCC2(C)C1(C)C
7.658612710905324,29.647058823529413,C1=c2ccccc2=CC12C=c1ccccc1=C2
8.53435276084868,88.8,Cc1ccc2c(c1C)[C@@H]1[C@H]3CC[C@H](C3)[C@H]21
7.222765390815514,22.2,C1=Cc2c3ccc4ccccc4c3cc3cccc1c23
7.794094947671567,36.0,C/C=C\C#C/C=C\C
7.821478207574107,28.666666666666668,Cc1cccc2c1ccc1cc(C(C)C)ccc12
7.6509500161523,57.0,C=C(C)C1C=CC(C(C)(C)C)=C1
7.860438416176735,47.142857142857146,CC[C]1C=CC=C1
7.1001322240575,51.2,C1=CC2=C1CC1=C(C=C1)C2
7.780397113960045,15.666666666666666,C=C1C#CC#CC(=C)C#CC#CC(=C)C#CC#C1
7.598457849556338,15.75,C#Cc1[c]cccc1
6.906007751971288,37.9,[CH2]C(C)c1ccc(C)cc1
7.694619481169604,31.41176470588235,C[C]1[CH]c2cccc(-c3ccc(C)cc3)c2[CH]1
7.594669614371636,36.0,C1=CC=Cc2c(ccc3c2CC=C3)C=C1
7.589967889684709,25.833333333333332,Cc1c[c]c2ccc(C)cc2c1
7.215550943393653,18.285714285714285,c1cc2ccc3ccccc3c2cc#1
8.33534265951502,146.42857142857142,C1[C]2CC3C4CC5CC(C14)C(C2)C3C5
7.0078750950367485,20.4,c1ccc2c(c1)-c1ccc3cc4ccccc4cc3c1-2
6.436053631253032,56.72727272727273,CC1=CC2=CC=CC2C(C)=C1
7.115988964599305,118.0,C1=CC2C3C=CC2C13
6.913353244854061,20.666666666666668,c1ccc2c(c1)ccc1c3ccccc3ccc21
7.754064278865386,22.94736842105263,C=Cc1cc(-c2ccc(C)cc2)c2ccccc2c1
7.634342266413064,26.857142857142858,Cc1cc[13cH]cc1
7.413187176913112,82.0,CC1=C(C)C(C)CC1
2.182921765537168,57.333333333333336,[C]1=CCC=CC1
7.016705880970999,20.666666666666668,c1ccc2cc3cc4cccccc-4c3c-2cc1
7.365873316442393,16.625,[C]#Cc1ccccc1
7.516564088928323,21.333333333333332,C#Cc1ccc(-c2ccccc2)c(C)c1
7.870849542920341,62.285714285714285,C#C[C]1C[CH]CC1
7.3707421241536775,17.5,C#C[13c]1[13cH][13cH][13cH][13cH][13cH]1
7.394389976253171,15.75,C#Cc1c[c]ccc1
7.903066756929899,57.75,C=C1CCC(C)=C1C
5.862062632663125,33.6,[CH]/C=C\C[CH]
4.724512816782111,53.0,[C]1=CC=CCCC=C1
7.487846586431658,30.933333333333334,Cc1ccc2c(c1)Cc1c(C)cccc1-2
7.3707421241536775,17.5,C#Cc1ccccc1
7.726131028487014,32.30769230769231,Cc1ccc(C#CC(C)(C)C)cc1
7.794094947671567,36.0,C/C=C\C#C/C=C/C
7.399079139813312,29.142857142857142,Cc1cccc2c1Cc1ccccc1-2
7.40036578304064,49.0,CC1=C2C=CC2=CC1
7.8166323306386065,46.0,[CH]C1C=CC=C1
7.634774653118868,61.333333333333336,C1=CCC=CC1
6.007046905405627,40.285714285714285,C1=CC=CC2(C=C1)Cc1ccccc12
8.491853086601985,91.63636363636364,CC1=CCC2CC1(C)C2(C)C
7.949941793812686,38.2,CC(C)c1ccc2c(ccc3c4c(ccc32)CCC4)c1
7.987134908348319,93.33333333333333,[2H]C1=C([2H])C([2H])C([2H])=C([2H])C1[2H]
7.976231264425169,61.333333333333336,[2H]C1C=CCC=C1
6.66280550549095,54.54545454545455,CCC1=CC(C(C)(C)C)=CC1
6.052387136086085,36.18181818181818,Cc1cc[c]c(C(C)(C)C)c1
7.425754556426697,28.4,C1=CC(c2ccccc2)=C1
7.911020497969558,30.7,CC(C)(C)C=C1c2ccccc2C=Cc2ccccc21
7.616677419374635,35.5,C=C1C=CCc2cc(C)ccc21
7.221197745197179,71.71428571428571,C=C1C=CC(C)C1
7.580192404552782,38.18181818181818,CC1=Cc2cccc(C)c2C1
6.005765959805335,47.142857142857146,C1=CCC2C(=C1)C=Cc1ccccc12
4.268311143325893,72.0,C=C1[CH]CCC1
7.26660072737007,28.6,c1ccc2c(c1)Cc1ccc3c(c1C2)-c1ccccc1-3
7.335845803807091,18.545454545454547,C#CC#CCc1ccccc1
7.079062116176735,39.2,C1=CC(=C2C=CC=C2)C=C1
7.363787234687319,44.4,Cc1cc2c(cc1C)CC2
7.8568230339879115,40.0,C1#CCCC#CC#CCCC#CC#CCCC#C1
7.6858888933027325,17.333333333333332,[2H]/C(C#C)=C/C#C
7.484412870789056,33.68421052631579,c1ccc2c(c1)CCc1cc3ccccc3cc1C2
7.570723280857475,31.77777777777778,C1=Cc2c(ccc3c2ccc2ccccc23)CC1
7.304226681184304,81.33333333333333,C1CCC2=C3CCCCC3=C2C1
7.867502753114889,122.0,CC1C[C@H](C)[C@@H](C)C1
7.837059029187252,39.714285714285715,CC1=C(C)CC(c2ccc(C)cc2)=C1
6.156870769382346,35.6,CCCc1ccc(-c2cc(C)cc3c2C=C(C)C3)cc1
7.457514722879859,113.77777777777777,CC12CCC(C)(CC1)C2
7.3159366632710014,90.4,CC1=C(C)C2(C)CC1(C)C2
7.4366526866941065,37.55555555555556,CC1=Cc2c(ccc3c4c(ccc23)CC(C)=C4)C1
7.702154976001744,36.4,C=C1C=CC=CC(=C)C=C1
5.89172473627353,56.333333333333336,C1=C[C@@H]2c3ccccc3[C@@H]2C=C1
7.551633488231933,28.0,C/C(=C(/C)c1ccccc1)c1ccccc1
7.277625551549544,90.5,C=C1C(=C)C2CC1C2
7.701577019937397,45.81818181818182,C/C=C1\CCc2ccccc21
7.637553077223876,66.28571428571429,C1=CC2=C(C1)CC2
8.498309923319102,91.63636363636364,CC1=CC2CC1(C)CC2(C)C
7.5932282040033225,40.857142857142854,Cc1ccc2cc3c(c-2cc1)CCC3
7.505236816356745,26.0,C=C1c2ccccc2Cc2cc3ccccc3cc21
7.505415091543754,26.6,C=C1C=c2ccccc2=C1
4.559038971946342,36.18181818181818,Cc1cc[c]cc1C(C)(C)C
8.164276839045549,77.77777777777777,C=C1C(=C)C2C=CC1C2
7.445922012865087,49.42857142857143,C1=C(c2ccc(C3=CCC3)cc2)CC1
7.795129790165543,59.2,CC1(C)C=CC(C)(C)C=C1
9.02357165446011,156.57142857142858,C1C[C@@H]2C3C4C1C[C@H]2C1C[C@H]3CC[C@H]41
7.872846742549847,42.15384615384615,CC1=C(c2ccccc2)C=CCC1
7.907296316386738,43.666666666666664,CC1(C)CC=Cc2ccccc21
4.383520668911182,33.1,[CH2]c1ccc(C(C)C)cc1
8.225695095188525,66.3157894736842,CC1=C(C)C23C4=C(C=CCC4)C2c2ccccc2C13
6.447605303452932,20.4,c1cc2cc3ccc3cc12
7.489756650143865,27.0,Cc1cc2cccccc-2c1C
3.61911541952977,30.105263157894736,CCc1cccc2c1ccc1cc(C(C)C)ccc12
7.8744878786940715,28.666666666666668,[2H]c1cc2cc(C(C)C)ccc2c2cccc(C)c12
7.459112754090899,24.2,Cc1cccc2cc3cc4ccccc4cc3c(C)c12
6.646390816011836,49.77777777777778,C/C=C/C=C\C(C)(C)C
7.1603169667120365,22.2,C1=Cc2cc3c4ccccc4ccc3c3cccc1c23
7.50853098255612,44.22222222222222,C=C1C=CC2=C1C=CC2
3.5736300382235893,68.44444444444444,CC1(C)C=CC(C)(C)C1
7.164296218401637,59.666666666666664,C[C@@H]1C=C[C@H](C)c2ccccc21
7.69738955186604,41.75,C=C1C(C)=CC=C1C
7.987673873880154,51.07692307692308,C1=CC2=CC=CC3C=CC=C3C2=C1
6.857288097819779,60.666666666666664,C#CC1=CC(C)(C)CCC1(C)C
5.541494278839523,60.888888888888886,C=C1CCC(=C(C)C)C1
7.24566425370069,86.88888888888889,C=C1CC2(CCCC2)C1
7.702785040550514,44.6,C[C]1CCc2ccccc21
7.852230439449961,29.846153846153847,CCC#C/C=C/c1ccccc1C
7.74099158050195,49.8,CCC1=CC2Cc3cc(C)c(CC)cc3C=C2C=C1C
5.98537662300752,34.666666666666664,CCC#CC#CC(C)C#CCC
7.327212375262061,19.88888888888889,[c]1cccc2c1ccc1c3ccccc3ccc21
7.386437910511885,19.8,[c]1ccc2ccccc2c1
7.522196695492805,28.8,C1=c2ccccc2=CC1c1ccccc1
5.67599720313673,34.8,CC(C)(C)c1ccc2c(c1)=c1c(C(C)(C)C)cccc1=2
7.6684992189917995,85.33333333333333,CC1C=C/C(=C2/C=CC(C)C2)C1
7.818678186688456,65.11111111111111,C[C@]12CCC[C@@H]1c1ccc3ccccc3c1CC2
7.79234387000727,60.0,CC1=CC2=CCCC=C2C1
7.99912699459853,65.71428571428571,C/C=C1/C=CCC1
7.872081102625202,136.0,CC12C3CCCC1CC2C3
7.8978241139147585,77.6,C1=C2CCC=C2CCCC1
7.9078446157342235,35.111111111111114,Cc1ccc2c(c1)-c1ccc(C(C)(C)C)cc1C2
6.935348879050198,20.4,c1ccc2cc3c4cccc5cccc(c54)c3c2cc1
7.731870947062902,38.18181818181818,CCc1ccc2c(c1)=CCC=2
5.03346477707032,39.0,C#CC1(C)C=Cc2ccccc21
7.178733151744423,33.6,CC#CC#CC1=CC=CC1
7.923999050279669,64.88888888888889,CC1=CCC=C(C)CC1
7.932364382827783,64.8,C1=CC2=C(CC=CC2)CC1
7.928075606801184,32.888888888888886,Cc1cc(C)c(-c2ccc(C(C)C)cc2)c(C)c1
7.289530789347962,22.526315789473685,Cc1ccc2ccc3c4ccccc4ccc3c2c1
7.969507284697566,95.0,C1CC2CC[C]12
5.454797940244679,54.0,Cc1ccc2c(c1)C(C)C2
5.997722785641062,36.5,CC1C=C(c2ccccc2)c2ccccc21
7.515705897903607,24.2,CCc1ccc2ccc3c4ccccc4ccc3c2c1
7.811724488044015,36.63157894736842,CC1=CC(C)(C)c2cc3c(cc21)-c1ccccc1C3
7.5541402714463555,26.526315789473685,Cc1cc(-c2ccccc2)cc(C)c2c(C)ccc1-2
7.545466926613156,23.09090909090909,Cc1ccc2[c]cccc2c1
7.3707421241536775,17.5,C#[13C]c1ccccc1
7.417341512948437,24.8,C=C1C=c2ccc(=C)cc21
7.456295690751995,31.764705882352942,C1=CCc2c(ccc3c4c(ccc23)=CC=C4)=C1
7.55636987410289,33.333333333333336,CC1=Cc2c(ccc3ccc(C)cc23)C1
7.413048436744361,24.714285714285715,C=C1C=c2cc3cccccc-3c2=C1
7.394389976253171,15.75,C#Cc1cc[c]cc1
7.703515674688992,28.666666666666668,CC(C)(C)c1cccc2cc3ccccc3cc12
9.027211712878415,153.06666666666666,C1C2CC3C4CC5CC(C1C4)C(C2)C3C5
7.363796375165823,14.0,c1c#cc2ccccc2c#1
6.7300262848412675,56.8,C1=CC2=C[C@@H]3Cc4ccccc4[C@@H]3C2=C1
8.816809116139114,169.71428571428572,C1C2CC3C4C5CC(CC6C1C3C65)C24
7.734196726310539,39.78947368421053,Cc1cc2c(c3cc4ccccc4cc13)CCCC2
7.444358459982763,29.647058823529413,C1=Cc2cc3c(cc2=C1)-c1ccccc1CC=3
6.175563643344376,80.0,C1=CC2CCC2=C1
7.3707421241536775,17.5,[13CH]#[13C]c1ccccc1
7.7638723151425895,74.66666666666667,C1=CCC2=C(C1)CCC2
7.5551418479109245,22.857142857142858,C#CC#C/C=C\C
7.47375247384291,29.272727272727273,C=C1C(C)=Cc2ccccc21
7.777050268950057,53.333333333333336,CC1=CC=CC1
7.40433827799983,17.5,[2H]C#Cc1ccccc1
7.149723849964949,59.333333333333336,C=C1C=CC(C)=CC1C
7.885566371294027,88.72727272727273,CC1CCC2=C(C=CC2C)C1
7.818678186688456,65.11111111111111,C[C@@]12CCC[C@H]1c1ccc3ccccc3c1CC2
7.104573091765855,69.66666666666667,CC1Cc2c1ccc1c2C(C)C1
7.740050466188513,34.0,Cc1cccc(C)c1C#CC(C)(C)C
2.6352083439235,74.66666666666667,CC1=CCCC1
7.65038328238782,26.375,CC(C)=c1cccc2c1=Cc1ccccc1-2
7.673160825605413,42.54545454545455,Cc1ccc2c(c1)C=CCC2
7.082483371193312,51.07692307692308,C1=CC2=CC=CC3=CC=CC23C=C1
7.410479254556942,46.46153846153846,Cc1cc2c3c(c1C3(C)C)C2(C)C
7.6976826587454665,48.0,CC#CC1=CC=CCC1
8.154808300586666,96.0,C1=C2C(=CC1)[C@H]1CC[C@@H]2C1
7.3444198251250725,29.846153846153847,C1=Cc2ccc3ccccc3c2C1
7.543496621206277,49.81818181818182,Cc1cc2c(cc1C)CCC2
7.817022829084701,92.0,CC1=C[C@H]2CC=CC[C@@H]2C1
7.0157584802135995,18.666666666666668,C#Cc1ccc2c(c1)-c1cccc3cccc-2c13
7.483801527750963,36.8,c1ccc2c(c1)Cc1cc3cccc4c3c(c1C2)CC4
7.5139404046480625,34.0,C1=C2CC3=C(C=C2c2ccccc21)c1ccccc1C3
7.748330866091243,45.27272727272727,C=C1CCCc2ccccc21
7.5522450765188225,30.0,C=c1c(C)c(C)c(=C)c2cc(C)c(C)cc12
7.755427655265261,24.363636363636363,Cc1ccc2ccc[14cH]c2c1
7.41718265593274,21.333333333333332,C=c1cc2ccccc2cc1=C
7.396596357067706,29.846153846153847,C1=c2ccc3cccc-3cc2=CC1
7.586834945603188,98.66666666666667,C[C@H]1C=C[C@@H]1C
7.410830225318625,40.333333333333336,C1=C2CCC=C2c2ccccc21
7.744872022799034,49.4,[CH]1CCCc2ccccc21
8.03603387355782,83.2,C1=CC2CC1C1=CCC=C12
7.974860147158841,36.266666666666666,C=Cc1ccc(C2C=C(C)C(C)=C2)cc1
7.584255266266149,24.88888888888889,Cc1ccc(-c2cc(C)cc3ccccc23)cc1
7.282474884824139,21.666666666666668,C#Cc1cc(C)c(C)cc1C#C
7.865266044543457,34.0,C#Cc1c(C)cc(C(C)(C)C)cc1C
7.3623393830596875,27.529411764705884,C1=Cc2ccc3c(ccc4ccccc43)c2C1
8.258269138781065,92.75,C=C1[C@@H]2C=C[C@H]1CC2
5.315455306132248,51.63636363636363,CC1=CC=CC(C)(C)C=C1C
7.934689055164684,59.63636363636363,CC1(C)C=CC2=C(C=C1)CC2
7.680875126598852,126.66666666666667,CC12CC(C1)C2
7.250117228004463,20.666666666666668,C=Cc1ccc2c(c1)-c1cccc3cccc-2c13
6.862021562227967,16.5,C#Cc1cc2c(cc1C#C)-c1ccccc1-2
7.701817690439825,25.41176470588235,Cc1ccc(C)c(CC#Cc2ccccc2)c1
4.1461471490523785,31.714285714285715,CC(C)(C)C#C/C=C/c1ccccc1
7.48486976412862,78.85714285714286,CC1C=CC1(C)C
7.575174667951288,71.0,C1=C2CCC2=CCC1
7.221317254609418,20.666666666666668,[2H]c1cccc2ccc3cc4ccccc4cc3c12
7.334028654052352,4.0,c1c#cc#cc#1
7.306890618768797,19.4,C(#Cc1ccccc1-c1ccccc1)c1ccccc1
7.336985719824119,35.0,C(#Cc1ccccc1)C1=CCC1
7.92890608091111,165.33333333333334,C1C2C3CC4C1C1CC2C3CC41
7.079588721207687,20.666666666666668,c1ccc2cc3c(ccc4ccccc43)cc2c1
7.303678910847987,48.0,C1=CC2=CC=C2C1
8.291203199241963,88.0,C#CC12C=CC(CC1)C2
7.566217627653032,37.1764705882353,C1=Cc2ccc3c(c2CC1)Cc1ccccc1-3
7.520889257069211,61.666666666666664,[2H]c1c([2H])c2c(c3c1CCC3)CCC2
7.707607747507832,32.8,CCC#C/C=C/C#CCC
6.589256522898134,44.666666666666664,[CH]/C(C)=C\CC
7.056621900486424,78.85714285714286,CC1(C)[C]CCC1
8.447207301679743,95.2,CC1=CC[C@@H]2CC1C2(C)C
7.956256049578869,71.27272727272727,CC1=C(C)C2=C(CCCC2)C1
7.844404178268337,55.142857142857146,Cc1cccc2c1CC1=C2CCCC1
7.188828087910331,26.571428571428573,CC#Cc1cc(C)c(C#CC)cc1C
7.480764613828917,29.647058823529413,C1=Cc2ccc3c(c2=CC1)=Cc1ccccc1-3
6.374603775583293,49.6,CC(C)(C)C1=CC=C/C1=C\C=C1/C=CC=C1C(C)(C)C
7.069009130721435,20.666666666666668,c1ccc2cc3cccc4cccc4c3c2cc1
7.447047533015326,24.8,C=c1ccc2c(c1=C)C=C2
7.1455726918414495,20.666666666666668,c1ccc2cc3ccc4cccc4cc3c2cc1
4.866120458276395,72.28571428571429,CC1=CCCC[CH]1
7.681173003586517,30.25,CCCC#Cc1ccccc1C#CCCC
7.656580811336349,36.0,C1=CC2=Cc3ccccc3C=CC2=CC1
7.996404370771422,34.526315789473685,CCc1ccc(-c2cc(C)cc3c2C=C(C)C3)cc1
7.576868607982121,30.0,Cc1cc(C)c(-c2ccccc2C)c(C)c1
7.540720889767233,29.23076923076923,Cc1ccc2ccc(C)c(C)c2c1
7.607725571272391,24.88888888888889,Cc1cc(-c2ccccc2)c2cc(C)ccc2c1
7.782723859963716,42.0,CC1=CC=CC#CC1
7.42760744653489,33.88235294117647,Cc1ccc2c(c1C)Cc1c-2ccc(C)c1C
6.623458161230916,12.571428571428571,[3H]C#CC#CC#CC
8.214014724120021,64.14285714285714,CC(C)=C1C2CCC1c1ccccc12
7.903599113678371,36.21052631578947,CC(C)c1ccc2c(c1)-c1cc(C(C)C)ccc1C2
6.030227260886633,57.0,[CH]1C=CC=C2C=CC=CC12
5.693567225289611,53.0,CC(C)/C=C/C(C)C
7.524540556522415,92.75,C=C1CC2CC=CC12
7.443522374410785,61.666666666666664,c1cc2c(c3c1CCC3)CCC2
7.53008956309705,88.61538461538461,CC1(C)CC2(CCCC2)CC1(C)C
7.496759707663584,27.058823529411764,Cc1ccc2ccc3c(C)c(C)ccc3c2c1
7.168904723599054,41.4,C#CC([CH2])C
7.708282074075526,82.4,CC1=CC2(C)C=C(C)C1C2
6.481427331254268,7.181818181818182,C#CC#CC#C[CH]C#CC#C
7.887614498248559,33.1,[CH2]Cc1ccc(CC)cc1
3.19261050730396,35.2,CCCc1cc(C)c(-c2cc(C)c(C)c(C)c2)c(C)c1
7.493363055897227,33.857142857142854,C=C1Cc2ccc3ccccc3c2C1
7.978720869327338,104.28571428571429,C=C1[C@H]2C=C[C@@H]3C(=C)[C@@H]4C=C[C@H]1C4C23
8.036943542781367,117.0,C[C@@H]1C=C[C@@H]2CC[C@@H]12
5.544702010131609,41.833333333333336,C[CH]C=C(C)C
7.9046707613878215,50.76923076923077,Cc1cc2c(cc1C)C(C)(C)CC2
6.765541081222423,75.42857142857143,CC1=[C]CCCC1
6.098325410631557,5.0,C#CC#CC#CC#C
7.621081066973798,21.11111111111111,C=Cc1ccc2ccc3c(C=C)cccc3c2c1
6.790760753652119,61.09090909090909,CC1=CC2=CC=CC=CC2C1
5.946937462527741,78.85714285714286,CC1=CCCCC1
7.978720869327338,104.28571428571429,C=C1[C@H]2C=C[C@H]3C(=C)[C@@H]4C=C[C@@H]1C4C23
7.9265224917842705,37.714285714285715,C/C=C\C#CCC
7.580396897698003,24.5,[C]#Cc1ccc(CC)cc1
6.453213745373739,11.571428571428571,[C]#CC#CC#CC
6.4344450905643304,78.85714285714286,[2H]C([2H])([2H])C1=CCCCC1
6.721220368098348,82.66666666666667,[2H]C1=C([2H])C([2H])([2H])CCC1
7.295768950825945,26.105263157894736,Cc1ccc2c(c1)-c1cc(C)cc3c(C)ccc-2c13
7.118590159152507,71.71428571428571,C=C1CC=CC1C
8.600985663205119,104.8,C[C@H]1C=C[C@@H]2C[C@H]1C2(C)C
6.446480828535383,78.66666666666667,[C]1=CCCCC1
8.64565882382621,110.76923076923077,CCCC(C)CC1CC2CC(C)C12
7.852991082496784,80.0,CC1=CC2C=CC2(C)C1(C)C
8.214014724120021,64.14285714285714,CC(C)=C1[C@H]2CC[C@@H]1c1ccccc12
5.970924512434153,47.529411764705884,CC1CCc2cc3c(cc21)-c1ccccc1C3
7.655063753933082,48.0,CC1=C(C)C(C)=C(C#CC2=C(C)C(C)=C(C)C2)C1
7.253763466130118,45.88235294117647,CC(C)(C)C1C=CC=C2C1=Cc1ccccc12
8.507628990730453,91.16666666666667,C=C1C[C@]2(C)CC[C@@]1(C)C2(C)C
6.858129192730524,20.285714285714285,c1cc2ccc3ccc4cc(c1)c2c3-4
8.971228691925186,140.30769230769232,C[C@H]1C[C@H]2CC1[C@H]1[C@@H]2[C@@H]2C=C[C@H]1C2
7.818337268522701,39.0,CC(C)c1ccc(C(C)C)cc1
7.644041878777598,33.63636363636363,C=c1cccc2c1=CC=CC2
7.083878589393599,22.0,[12cH]1[12cH][12cH][12cH][12cH][12cH]1
5.472708077052603,79.0,C1=CC2C=CC1C=C2
7.526700397793954,33.77777777777778,CCC#CCC#CCC
7.8423920971723575,42.285714285714285,CC#CC(C)(C)C
8.602659272233426,98.16666666666667,C=C1C2CCC3C(=C)C2C(=C)C13
7.638040208214182,28.75,Cc1c[c]ccc1C
7.599774944009115,40.285714285714285,C1=CC2=CCc3ccccc3C2=CC1
6.866580047608395,83.0,C1=CC2CCC=C2C1
7.640056186562475,37.1764705882353,C1=c2ccc3c(c2=C1c1ccccc1)CCC3
6.362631642628586,41.42857142857143,Cc1cc(C(C)C)cc(C(C)(C)C)c1
7.484563467076866,49.333333333333336,C1=CC2=CCC3=C(C=CC3)C2=C1
7.700206142280117,27.375,[CH2]c1ccccc1C
7.382342057685754,32.285714285714285,C#CC1=CC=C[CH]1
7.9035874502720525,35.111111111111114,CCc1ccc2c(c1)C(C)(C)c1cc(C)ccc1-2
6.0029006658396,39.111111111111114,C1=C2CC(c3ccccc3)C=C2c2ccccc21
9.030102536267501,135.88235294117646,C/C=C1/[C@@H]2[C@H]3CCC(C3)[C@@H]2[C@H]2[C@@H]3CC[C@@H](C3)[C@@H]12
7.071715972762124,29.5,Cc1c(C)c2ccc1=2
8.507628990730453,91.16666666666667,C=C1CC2(C)CCC1(C)C2(C)C
7.2894887256403225,31.142857142857142,Cc1ccc2c(C)c(C)ccc2c1C
6.969448025598307,49.42857142857143,CC1(C)C=C2C=CC21c1ccccc1
7.657329373708238,35.6,CCc1ccc(CC)cc1
8.110049638146249,85.0909090909091,C1=CCC2=C(C1)C1C=CC2C1
8.407061835526708,74.58823529411765,Cc1cccc2c1C1CCC2C1=C1CCCC1
7.454693229213533,31.764705882352942,C1=CCc2ccc3c4c(ccc3c2=C1)C=CC=4
7.939261874758768,30.4,C#C/C=C\C
6.782163071767539,48.0,C#CC1=C(C(C)(C)C)C=C(C(C)(C)C)C1
7.318153014103111,24.2,Cc1ccc2cc3c(ccc4ccc(C)cc43)cc2c1
7.444737605014224,30.5,[13CH3]c1ccccc1[13CH3]
6.3368921484189435,64.8,C#CC1C(C)(C)CC1(C)C
7.903062753954134,47.1578947368421,C1=CC2C3=C(Cc4ccccc43)C1c1ccccc12
7.655837296591687,28.235294117647058,Cc1cc(C)c2c(c1)-c1ccccc1C#CC2
8.750134343598548,115.33333333333333,CC1CC2(C)C(C)CC1C2(C)C
4.9893450657777585,71.66666666666667,CC=C1CCC1
8.619514405950197,100.36363636363636,CC1=C[C@H](C)[C@H]2C[C@@H]1C2(C)C
7.955701206969287,57.75,CC(C)=C1CC=CC1
7.39796255158139,44.22222222222222,C=C1C2=CC=CC=C(C2)C(=C)C2=CC=CC=C1C2
7.86688233207591,28.0,CC(C)(C)c1ccc(-c2cccc3ccccc23)cc1
7.715565594948995,48.18181818181818,C[C]1C=CC=C2CC=CC=C12
7.492779556319401,104.0,C1CCCC1
7.672929445476324,28.4,Cc1ccc(C2=Cc3ccccc3C2)c2ccccc12
7.490257641545283,36.4,Cc1cccc2c1C=CC2
7.2672903877945325,28.727272727272727,C#Cc1ccc2c(c1)C=CC2
7.830762186236161,28.75,Cc1[c]cccc1C
7.668092082360064,35.27272727272727,C1=CC(c2ccccc2)C=C1
7.8115049431628965,41.0,C1#CC2c3ccccc3C1c1ccccc12
5.290819082800525,60.57142857142857,CC#CC1=C2CCCC=C2CC1(C)C
7.951549695779729,40.92307692307692,CC(C)(C)C1=Cc2ccccc2C1
7.521805560500229,30.0,C=C1CC=Cc2cc3ccccc3cc21
7.984056746553639,30.4,[2H]C/C=C\C#C
6.73154822355284,69.0,CC#CC1C=CCC1
7.646212279138768,30.5,[2H]Cc1ccccc1C
7.602977240611274,30.5,Cc1[14cH][14cH][14cH][14cH]c1C
7.452147383544146,79.5,C=C1C(=C)[C@@H](C)[C@@H]1C
7.249460849600638,19.857142857142858,[c]1ccc2cc3ccccc3cc2c1
7.386910825528876,27.058823529411764,Cc1ccc2c(ccc3c(C)cccc32)c1C
7.6924323602994225,28.4,Cc1cccc2c(C3=Cc4ccccc4C3)cccc12
7.39533506591238,37.1764705882353,c1ccc2c(c1)CCC1=C2c2ccccc2C1
5.204364588264624,66.44444444444444,C=C1C(C)(C)CC1(C)C
7.418123063489221,93.2,C=C1C(=C)C2CCC1CC2
7.508210196936302,21.05263157894737,C(#Cc1cccc2ccccc12)Cc1ccccc1
7.083878589393599,22.0,c1ccccc1
6.71921001783214,61.09090909090909,CC1=CCC2C=CC=CC=C12
4.983112093575992,44.30769230769231,CC#CC1=CC(C)(C)C=C(C)C=C1
8.48856966247596,89.0,C=C1C2C=CC3C(=C)C2C=CC13
8.968257057002377,140.875,C=C1[C@@H]2[C@H]3CC[C@H](C3)[C@@H]2[C@H]2[C@@H]3CC[C@@H](C3)[C@@H]12
7.511947932575171,20.0,[CH]=C(C#Cc1ccccc1)c1ccccc1
7.644836345290916,95.0,C1CC2C[C]1C2
7.936718420145185,32.8,CC(C)(C)Cc1ccc2ccccc2c1
7.644380483627407,22.0,[2H]c1ccccc1[2H]
7.440021016691341,43.333333333333336,[CH]1Cc2ccccc2C1
7.865088590846371,49.4,[CH]1CC(c2ccccc2)C1
7.734666501827859,30.555555555555557,[CH2]Cc1ccc(C)cc1
6.866404533758294,52.0,C/C=C/C(C)C
6.308538640264205,28.0,C=CC(C=C)=CC
8.968257057002377,140.875,C=C1[C@@H]2[C@H]3CCC(C3)[C@@H]2[C@H]2[C@@H]3CC[C@@H](C3)[C@@H]12
7.476515433134463,29.23076923076923,Cc1ccc2c(C)cccc2c1C
7.610914409972962,55.111111111111114,CC1=CC2=CCC=C2C1
6.90400288046974,47.833333333333336,[CH2]/C=C/C(C)C
7.700464060864361,53.0,C=C1C=C/C(=C2/C=CC(=C)C2)C1
8.319824893979584,89.0,C=C1C2C=CC3C=CC2C(=C)C13
7.372243251433533,27.428571428571427,CC#CCC#CC
4.696012109205407,57.666666666666664,C#CC1[CH]C=C1
7.334589220167399,20.8,c1ccc(-c2cccc3cc4ccccc4cc23)cc1
7.660850617803463,38.2,c1ccc2c(c1)C1c3ccccc3C2c2ccccc21
7.809624093804951,46.6,C#C[C]1[C](C)[CH][C](C)[C]1C
7.57432113884474,32.888888888888886,Cc1cc(C)c(-c2cc(C)c(C)cc2C)c(C)c1
7.913098416945518,65.6,C1#CCCC1
7.3957769013934165,26.571428571428573,CCC#Cc1ccccc1C#CCC
7.559255117240495,28.63157894736842,Cc1ccc2cc3c(c(C)c2c1)Cc1ccccc1-3
6.156917002318599,35.529411764705884,C=Cc1ccc2c(c1)C(C)c1cc(C)ccc1-2
7.686422393568057,83.07692307692308,C1CCC2=C(C1)CC1=C2CCCC1
8.60510267272717,105.33333333333333,CC1=CC[C@H]2[C@H]1[C@@H]1C[C@H]2C=C1C
7.53870205367815,31.157894736842106,Cc1cc2c(c3ccccc13)Cc1ccccc1C2
6.128151500629075,53.0,c1ccc2c(c1)C[C@H]1c3ccccc3C[C@H]21
6.973145059320547,21.2,[13cH]1[13cH][13cH][13c]2[13cH][13cH][13cH][13cH][13c]2[13cH]1
7.320479126417526,21.666666666666668,CC#CC#CCc1ccccc1
7.308230950388619,25.25,Cc1ccc2c(ccc3ccc(C)cc32)c1
8.190847447787887,8.0,[14c]1[14c][14c][14c][14c][14c]1
7.75940045470564,26.3,c1ccc2c(c1)[C]1c3ccccc3C2c2ccccc21
7.234197137647378,28.666666666666668,Cc1cc2ccc3cc(C)c(C)cc3c2cc1C
7.4270064125405835,31.714285714285715,Cc1ccc2ccc3c(c2c1)CC=C3
5.024459003315272,88.0,[C]1CCCC1
7.851094146972029,117.14285714285714,[CH]C12CCC(C1)C2
7.929491140527379,78.4,C1=CCCC1
7.23307134466728,18.75,C#Cc1cccc2c1ccc1ccccc12
8.083413551405744,134.66666666666666,C1C[C@@H]2CC[C@H]3CCC[C@@H]3[C@H]2C1
7.862525111682326,27.666666666666668,C#C/C(=C/C)Cc1ccccc1
6.55056236373529,47.733333333333334,CC1=CC2Cc3ccccc3C=C2C=C1
7.460958788460695,25.25,Cc1ccc2c(ccc3c(C)cccc32)c1
6.356009720743315,38.2,C=Cc1ccc2c(c1)[C@H]1c3cccc4cccc(c34)[C@@H]21
7.967538248385141,19.666666666666668,[3H]c1[c]c([3H])c([3H])c([3H])c1[3H]
7.864977203340604,41.4,C=C1C=CC(C)=CC=C1C
6.520545090227307,43.25,CC(C)c1cc(C(C)C)cc(C(C)(C)C)c1
7.520974313099719,24.307692307692307,CC(C)C#CC#Cc1ccccc1
7.640836129249138,38.18181818181818,CC1=c2ccc(C)cc2=CC1
9.02187764419169,144.0,CC12CC3C4CC5CC3C(C1)C(C)(C5)C4C2
7.794758028604922,19.666666666666668,[2H]c1cc[c]cc1
7.155305184653883,56.72727272727273,C1=CC=C2CC=CCC(=C1)C2
5.55891319092857,54.4,CC1=CC=C(C(C)(C)C)C1
7.413585321794315,22.526315789473685,[2H]C([2H])([2H])c1cccc2ccc3cc4ccccc4cc3c12
7.896136079675758,65.55555555555556,Cc1cc2c(cc1C)C(C)(C)[C@@H](C)[C@@H](C)C2(C)C
7.771515818029263,59.05882352941177,CC1=C(C)[C@@]2(C)C=C(c3ccccc3)C[C@@]12C
7.083878589393599,22.0,c1cc[13cH][13cH]c1
7.750679838876556,22.0,[2H]c1ccc([2H])c([2H])c1
7.929491140527379,78.4,[1H]C1=CCCC1
7.085135660291609,17.11111111111111,C#Cc1ccc(C#C)c2cc3ccccc3cc12
4.07813353883775,57.0,[CH2]C1=CC=CCC1
7.670364206770973,36.4,C=C1C=CC=CC=CC1=C
7.591274516901006,27.0,[C]Cc1ccc(C)cc1
4.318570693988075,54.0,CC1=CC=CC1(C)C
5.912924115384069,57.4,C=C1CC(C)=C(C)C1(C)C
7.648172316894772,33.05263157894737,Cc1c2ccccc2cc2c3c(ccc12)CC=CC3
7.527990487176008,102.4,C1=CC2C=CC3C=CC1C23
7.859580011626706,34.75,CC(C)C1=Cc2c(ccc3ccccc23)C1
5.33500505518753,24.285714285714285,CC#Cc1ccccc(C)cccc1
7.697861818725219,55.2,CC1=C(C)C2=CCCC2=C1
7.279899073907003,22.526315789473685,Cc1c2ccccc2cc2cc3ccccc3cc12
8.469090880748375,107.33333333333333,CC(C)C(C)C1(C)CC2CCC21
7.9255479274555825,69.2,[CH]1C=CCC1
9.21211597008736,141.64705882352942,[C]1C23CC4CC2(CC4C3)C23CC4CC12CC4C3
7.894504731901625,19.666666666666668,c1cc[14c]cc1
7.56917126552848,51.0,C1=Cc2ccc3c(c2C1)CCC3
7.584457991597316,38.18181818181818,CC1=C(C)c2ccccc2C1
7.575569732488004,38.18181818181818,CC1=Cc2cc(C)ccc2C1
7.926890140942499,29.846153846153847,CC(C)/C=C/C#Cc1ccccc1
6.472091469434292,18.0,CC#CC#CC#CC
7.470282943146407,29.11111111111111,CC1=CCc2c1ccc1c2ccc2ccccc21
7.5018195728304775,27.11111111111111,Cc1cc(C)c(C#Cc2ccccc2C)c(C)c1
7.128428422518069,82.66666666666667,CC1=CC(C)C1
7.794758028604922,19.666666666666668,[2H]c1[c]cccc1
7.9902074095312265,67.0,C1=C[C@H]2CC[C@@H]1c1ccccc12
7.634010815124423,65.33333333333333,C1=CC=C2C=CC3C=CC(=C1)C23
7.065771946470677,43.2,Cc1ccc(C2=CCCC3C2=Cc2ccccc23)cc1
7.325770897085906,22.0,[3H]c1c([3H])c([3H])c([3H])c([3H])c1[3H]
7.612048729094466,23.5,Cc1ccc(CC#[13C]c2ccccc2)cc1
7.710364454261171,22.0,[2H]c1cccc([2H])c1
7.804580549348108,35.6,CCc1ccc(C)c(C)c1
6.567111710861931,61.142857142857146,[CH]C1C=CC(C)=C1
7.654064342451557,37.0,Cc1ccc(C2=CC=CC2)cc1
5.105726907453532,42.93333333333333,CC1=C(C(C)(C)C)c2cc(C)ccc2C1
7.097665733630505,16.285714285714285,C#Cc1ccc2ccc(C#C)cc2c1
7.463611155254373,89.25,[CH]1C=CC2CC=CC12
9.133440391930694,110.8,CC1(C)CC=C[C@]2(C)[C@@H]1CC[C@@]13CC[C@@](C)(CC[C@H]12)C3
7.652069357402759,22.0,[2H]c1cc([2H])c([2H])cc1[2H]
9.343990928604741,147.11111111111111,CC12CC3CC(C1)C1C4CC5CC(C4)C2C1(C5)C3
7.3856398407076345,20.8,[CH]c1cccc(C#CC)c1
7.575569732488004,38.18181818181818,CC1=Cc2ccc(C)cc2C1
7.550157118255102,21.818181818181817,C#Cc1ccccc1C(=C)C
7.778757100067908,34.75,CC(C)=C(C)c1ccc(C(C)=C(C)C)cc1
7.314275643309815,28.285714285714285,Cc1cc2cccc3c2c(c1C)C=C3
6.9614305856921375,18.0,C#CCC#CC#CC
7.433434431845984,18.0,C#CC(C#C)C#CC
9.271598183860197,137.68421052631578,[C]1C23CC4CC(C2)CC3(C4)C23CC4CC(CC12C4)C3
7.751838988229572,71.0,CC1(C)C=CCC2=CC3=C(CC=CC3)CC21
7.491534688024885,34.22222222222222,C1=c2ccccc2=CC1
7.437145661713082,174.15384615384616,C1C2CC1(C13C4C5C6C4C1C6C53)C2
7.621001218906867,30.0,Cc1ccc2c(c1C)Cc1cc(C)c3ccccc3c1-2
7.461510383857423,21.818181818181817,C=C(C)C#Cc1ccccc1
8.359995064196749,112.6,C=C1C2CCC(CC2)C1C
7.516613524759914,30.77777777777778,C=C1CCc2c1ccc1c2ccc2ccccc21
7.485457830427951,26.857142857142858,[C]1c2ccccc2Cc2ccccc21
8.483236722611688,83.0,C=C1C(=C)[C@]2(C)CC[C@H]1C2(C)C
7.857993242315134,129.14285714285714,C1=CC2C3C=CC4C5C=CC(C1C35)C24
7.237061786092809,59.46666666666667,C1=C[C@H](c2ccccc2)C2=C1CCCC2
7.48685753469413,58.5,C1=CC=C2C=C3C=CC=CC4=CC(=C1)C2C43
7.713974077478843,28.0,Cc1ccc(-c2c(C)cc3ccc(C)cc3c2C)cc1
7.753976050622085,98.18181818181819,CC12C3C=CC1C=CC2C=C3
7.913584778970143,61.714285714285715,C1=CC2C=CC2=C1
8.538897331011556,119.33333333333333,CC(C)C1CC2C(C)C(C)C12C
6.916161354922908,18.0,C#CC#CC#CCC
7.833294294714721,60.57142857142857,C1=CC23C1=CC=C2C12C=CC1=CC=C32
7.667593641545284,40.8,CC#CC1=CC=CC=CC1
7.226657690440096,41.42857142857143,C1=C[C]2C=CC2=C1
7.803467274130082,39.77777777777778,C=C1C=CC=CC=C1C
7.531422020447595,36.6,[CH]1C=Cc2ccccc2C1
7.237061786092809,59.46666666666667,C1=CC(c2ccccc2)C2=C1CCCC2
7.766946184534733,37.333333333333336,[C]1=C2C=CC=CC=C2C=CC=C1
7.57143858817199,22.0,[2H]c1ccc([2H])cc1
7.721869025462785,32.0,Cc1cc(C)cc(C2C=c3ccccc3=C2)c1
7.318699215641486,82.4,CC1=CC2=CCCCC2C1
7.150051600643545,25.733333333333334,[CH]1c2ccccc2C=Cc2ccccc21
6.362723483500066,44.75,CC(C)(C)C1=CC(c2ccccc2)=CCC1
7.212789838162882,26.153846153846153,Cc1cc2c3c(cccc3c1)C=C2
6.815581592554915,57.6,CCC(C)C
8.457856989079751,108.44444444444444,CC12CCC(C1)C2(C)C
7.4281863843095355,25.41176470588235,Cc1cc(C)c(C#Cc2ccccc2)c(C)c1
7.021721291204392,12.571428571428571,C#CC#CCC#C
7.92990502546443,41.26315789473684,C=CC1Cc2cc3c(C)c(C)c(C)c(C)c3cc2C1
5.514871011808877,36.57142857142857,CC(C)=Cc1ccc(C(C)(C)C)cc1
7.475202133884918,19.0,C#Cc1ccccc1[CH2]
7.515205284551405,37.6,C=c1cc2c(cc1=C)CC2
6.636125299108782,69.11111111111111,C=C1C=CC=C2CCC12
7.926304489463661,30.333333333333332,CC(C)C#CCc1ccccc1
7.622575686417913,102.57142857142857,CC=C1C2CC1C2
5.362268557228985,40.888888888888886,CC1=CC(C)c2cc3c(cc21)-c1ccccc1C3
6.968323651348295,14.1,[C]#CC#Cc1ccccc1
7.6800610788948775,36.0,C1=CCC2=CC=c3ccccc3=CC2=C1
7.25241437921113,38.44444444444444,c1cc2ccc3cc4c(cc3c2c2c1CC2)CC4
7.974252245003881,31.272727272727273,C=CCc1ccc(CC)cc1
7.948235776161362,34.10526315789474,Cc1cccc(C)c1-c1cc(C)c(C(C)C)c(C)c1
7.590138256929899,25.2,C#Cc1ccc(CC)cc1
8.59149643559276,120.88888888888889,C[C@@H]1[C@H](C)[C@@H]2C=C[C@H]1C2
1.7315313559844645,82.9090909090909,CC1(C)CC2=C(CCCC2)C1
6.387829025931677,37.84615384615385,Cc1cccc(/C=C\C(C)(C)C)c1
7.21276095100384,37.05263157894737,C1=Cc2cc3c(cc2C1)Cc1cc2c(cc1-3)C=CC2
7.713808230267274,33.333333333333336,CC1(C)C=Cc2c1ccc1ccccc21
6.568776243553776,68.92307692307692,CC(C)(C)C1=CC2=C(CCCC2)C1
7.600778804647385,36.0,C1=CC=C2C(=CCc3ccccc32)C=C1
7.425107185793474,27.058823529411764,Cc1cc(C)c2cc3ccccc3cc2c1C
6.9693855471825,67.42857142857143,CC1=CC(C)C=C1
6.922021195222685,13.0,C#CC#Cc1ccc(C#C)cc1
7.7985529521739085,60.0,CC1=CCC(C)=CC1
7.873351274198345,69.55555555555556,[CH]1CCC2=C(C=CC2)C1
7.520858134220268,34.18181818181818,C/C=C1\C=Cc2ccccc21
6.1409987978356915,7.111111111111111,[C]#CC#CC#CC#C[CH2]
7.306371147899656,77.33333333333333,[2H]C1=CC([2H])=C([2H])C([2H])C1
7.794758028604922,19.666666666666668,[2H]c1c[c]ccc1
7.521273935170454,105.14285714285714,CC1=CC2CC1C2
7.575174667951288,71.0,C1=C2CCC=C2CC1
6.270668365965027,53.875,C[C](C)CC(C)(C)C
2.8301550182598794,54.4,CC1=CC(C)(C)C(C)=C1C
7.875076055476519,43.111111111111114,C=C1C=CCC=CC1=C
7.649629651516344,42.54545454545455,Cc1cccc2c1CC=CC2
7.464355311715333,32.22222222222222,C=c1ccc2c(c1)CC=2
7.663297321502178,25.0,[CH]Cc1ccccc1
7.447681440639476,32.8,Cc1cc2cc(C)c(C)c(C)c2cc1C
6.718952362903359,58.666666666666664,CC1C#CC=C1
7.6343532589483765,26.285714285714285,C=Cc1cc2ccc(C)cc2cc1C
6.973145059320547,21.2,c1c[13cH][13c]2[13cH][13cH][13cH][13cH]c2c1
7.576795880913096,51.0,C1=Cc2c(ccc3c2CCC3)C1
8.858843957011413,117.38461538461539,C=C1CC2C[C@@H]3C[C@H](C2)CC1(C)C3
7.794643048369537,30.5,CCc1ccccc1
7.516351552271408,41.0,CC#CC1=CCC=C1
7.72720761446366,43.666666666666664,CC1=CCCc2ccc(C)cc21
8.886419988283945,105.88235294117646,CC(C)C12CC3CC(C1)CC(C(C)(C)C)(C3)C2
8.262411194992117,91.63636363636364,CC1=C(C)C2(C)CCC1(C)C2
7.520600103083745,45.4,C=C1CC=CC2=C1C=C2C
7.773700519208049,61.333333333333336,C1=CCCC=C1
7.140374846193277,18.545454545454547,C#CC#Cc1ccc(C)cc1
7.4298498523549705,35.75,C(#CC1=CCc2ccccc21)C1=CC=CC1
7.471036902709664,29.23076923076923,Cc1cc(C)cc2c(C)ccc-2c1
7.541316291192457,38.18181818181818,CC1=CCc2c(C)cccc21
7.716425268021551,32.714285714285715,CC1=CC=C(C)C1=Cc1ccccc1
7.9596573722099295,53.6,CC(C)(C)C=CC(C)(C)C
7.998724148863519,29.8,CC(C)(C)/C=C\c1cccc2cc3ccccc3cc12
7.4507518524590255,31.555555555555557,[C]1=Cc2ccccc2C1
6.634507220183539,37.0,C#CC(C)C#CCC
7.8823574881803085,44.888888888888886,[2H]C1C=Cc2ccccc21
6.107905111025715,50.0,C1=CCC2=C(C1)C1c3ccccc3C2c2ccccc21
7.849618572845062,30.5,[2H]C([2H])Cc1ccccc1
7.794643048369537,30.5,[13CH3]Cc1ccccc1
7.129204910016463,34.0,C#CC#C[C]1[CH][CH][CH][CH]1
7.480871983560384,35.0,C#Cc1ccc(C2=CCC2)cc1
7.808504342451556,27.666666666666668,CCC#C/C=C\c1ccccc1
5.61484335291215,48.5,CC(C)=CC(C)(C)C
7.605718796403629,25.41176470588235,CC#Cc1ccccc1-c1cc(C)cc(C)c1
7.416421741945084,56.0,C1=CC2=C(C1)C1=C(C=CC1)C2
7.986810350553173,94.8,[CH]1CCCC1
7.955554324625123,54.285714285714285,[CH]C1=CCCC=C1
7.794643048369537,30.5,CC[13c]1[13cH][13cH][13cH][13cH][13cH]1
8.928222904871175,138.0,CC12CC3CC4(CCC4C1)CC32
7.255853344867003,21.2,[2H]c1ccc2cccc-2cc1
7.975266679371243,110.22222222222223,C1=C[C@@H]2CCC[C@H]2CC1
6.3917346836120945,30.5,C[14CH2]c1ccccc1
7.437419712430897,34.22222222222222,C1=Cc2ccccc2C1
7.529102687071763,38.857142857142854,C#CC1=CCC=C1
7.794643048369537,30.5,[13CH3][13CH2]c1ccccc1
7.794643048369537,30.5,[13CH3][13CH2][13c]1[13cH][13cH][13cH][13cH][13cH]1
7.822335812609787,28.75,CCc1cc[c]cc1
7.955554324625123,54.285714285714285,[CH]C1=CCC=CC1
7.75060607983324,42.0,CC1=C(C)c2cc(C)c(C)c(C)c2C1
7.5791192423959375,32.5,Cc1ccc2c(c1)Cc1c(C)cc(C)cc1-2
7.325293644943729,49.333333333333336,C1=CCC2=C3CC=CC=C3C2=C1
7.70582117103629,46.0,CC1=C2C(=Cc3ccccc32)CCC1
7.5801604758276815,61.42857142857143,Cc1ccc2c(c1)CCC(C)C2(C)C
7.407349669887618,51.0,C=C1c2ccccc2CC1C(C)(C)C
7.1604615354638295,25.25,Cc1cccc2c1ccc1c(C)cccc12
7.534648540106788,81.77777777777777,C1=C[C@H]2C=CC[C@H]2C=C1
8.393599125670875,82.0,Cc1cccc2c1[C@@H]1[C@H]2[C@H]2C=C[C@@H]1C2
7.5946337425045405,23.375,[C]Cc1ccccc1
7.096972892981376,18.933333333333334,CC#CC#Cc1cccc2ccccc12
7.376445026160668,25.2,CC#Cc1cccc(C)c1
6.742616972050342,48.25,CC1=C2C=CC=C2C(c2ccc(C)cc2)C1
7.729222001090545,25.833333333333332,Cc1[c]c2c(C)cccc2cc1
7.737709520447594,34.0,CC1=[C]c2ccccc2C1
7.569854712772602,35.42857142857143,C#CC1=CC[C]=C1
7.882076040064289,68.0,CC1=C(C)C2=C(CCC2)C1
5.9886248456579505,37.84615384615385,C/C=C(/c1ccccc1)C(C)(C)C
6.9333968954615965,72.8,CC1=CC2(C)CCC2=C1C
7.557568090732947,55.0,C1=CC2=C(C1)CC=C2
7.460292301700083,27.0,Cc1cccc2cccc-2c1C
7.932331122178267,60.57142857142857,CC1=CCC=CC1
7.906742150078747,36.666666666666664,CCCC#C/C=C/C#CCCC
6.579275118266248,61.6,C1=CCC2C=CC=C2C=C1
7.901910453441542,77.53846153846153,CC1=CCC2(C)C=CC1C(C)=CC2
2.3432046532078656,42.0,Cc1cc(C)c2c(c1)CC(C(C)C)=C2
7.237269844598148,24.705882352941178,Cc1cccc2c1cc1c3c(cccc32)C=C1
4.282213230883191,47.1578947368421,C1=C2C(=CC1)C1c3ccccc3C2c2ccccc21
7.488812103083745,42.4,CC1=CC=C2C=CC(C)=C12
8.811341093528215,99.77777777777777,C1=C[C@H]2CC[C@@H]1[C@@H]1[C@H]2[C@H]2CC[C@@H]1c1ccccc12
5.635581428904965,55.294117647058826,CC1(C)CCC(C)(C)c2cc3c(cc21)C=CC3
7.392364215292379,145.0,CC1C2C(C)C1C2C
7.226152313221974,32.57142857142857,c1ccc2c(c1)CCc1ccccc1-2
7.912239136039102,32.30769230769231,C#Cc1ccc(C)cc1C(C)(C)C
7.763667663506854,75.45454545454545,C=C1C2C=CC(C=C2)C1(C)C
7.105390381794534,24.2,Cc1cc2c3ccccc3c3ccccc3c2cc1C
7.954548479848276,52.666666666666664,CC1(C)CC=CC=C2C=CC=C21
7.675287090481938,67.2,CCC(C)[13CH3]
7.938336403562269,49.6,c1ccc2c(c1)C1CC2c2ccccc21
7.678922172345736,40.888888888888886,C1=Cc2c(ccc3c2Cc2ccccc2C3)CC1
7.678283558909133,47.4,C1=CC=C2C=CC[C]2C=C1
7.101615047881198,20.666666666666668,c1ccc2ccc3c4ccccc4cc3c2cc1
7.583382568311853,31.157894736842106,Cc1cccc2c3c(ccc12)Cc1ccccc1C3
7.460958788460695,25.25,Cc1ccc2ccc3c(C)cccc3c2c1
8.60510267272717,105.33333333333333,CC1=CC[C@@H]2[C@@H]1[C@@H]1C[C@H]2C=C1C
7.679732642579746,45.0,c1ccc2c3c4c(cc5c(c4cc2c1)CCCC5)CC3
7.960034561444452,44.0,CCC#CC(C)(C)C
6.734201738938479,54.54545454545455,CCC1=CCC(C(C)(C)C)=C1
6.783460340751024,41.25,CC/C=C\c1c(C)cc(C(C)(C)C)cc1C
8.514287551270403,108.0,CC12CCCC(C1)C2(C)C
6.965791742410272,37.6,[2H]/C(=C/C=C)C([2H])([2H])[2H]
7.937087373022455,53.333333333333336,CC1C=CC=C1
6.57930567701065,39.42857142857143,C#C/C(=C\C#CC(C)(C)C)C(C)(C)C
6.108382813341779,41.2,C=c1cccc2c1=CC=C1C=CC=C[C@@H]12
7.326567673886481,29.846153846153847,C1=Cc2cc3cccc-3ccc2C1
7.234147958121162,32.25,C1=CC(=c2ccc(=C3C=CC=C3)cc2)C=C1
7.735011273741514,30.88888888888889,Cc1ccc(C)c2c1C=C/C2=C\c1ccccc1
7.932764451181772,33.111111111111114,CCCC#CCc1ccc(CC#CCCC)cc1
6.387799207993742,37.6,C=C/C=C\C
7.779535586948415,21.428571428571427,C=c1ccc(=c2ccccc2=C)cc1
7.556190059700361,53.0,c1ccc2c(c1)CC1Cc3ccccc3C21
7.627149100510389,29.454545454545453,C1#Cc2ccccc2C=CC1
6.9382787464201625,22.22222222222222,CC#CC#CC#CCC
6.823961268846136,66.54545454545455,C/C=C1\C(C)=CCCC1(C)C
8.761652598900772,100.28571428571429,C/C=C1\C[C@@H]2CC[C@H](C)[C@@]1(C)C2(C)C
8.761652598900772,100.28571428571429,C/C=C1\C[C@H]2CC[C@@H](C)[C@]1(C)C2(C)C
7.517534434300586,55.0,C1=CC2=C(C=CC2)C1
7.40944511847579,35.38461538461539,C1=CCC2=Cc3ccccc3C2=C1
7.519826653890053,21.666666666666668,C#CCC#CCc1ccccc1
7.172585837985695,14.8,C#Cc1ccccc1C#C
7.9927168127215005,57.333333333333336,C1=CC2=C3CC=CC3C=CC2=C1
7.523813272359339,46.22222222222222,C1=CC2=CCC=CC2=C1
8.430736890930719,76.47058823529412,c1ccc2c3c(ccc2c1)[C@H]1[C@@H]2CC[C@@H](C2)[C@@H]31
7.241299484182221,20.666666666666668,c1ccc2cc3ccc4ccccc4c3c-2cc1
7.110844560165583,16.5625,[C]#Cc1ccccc1C#Cc1ccccc1
8.452204811554997,135.11111111111111,CC1C2C(C)C1(C)C2C
7.791986313016932,34.2,Cc1[c]c(C)c(C)cc1C
7.631971610727552,31.157894736842106,Cc1ccc2c3c(ccc2c1)Cc1ccccc1C3
7.54142126552848,24.666666666666668,C=C(C)C#Cc1ccccc1C
8.09176903249086,69.41176470588235,CC1(C)C=CC[C@@]2(C)c3ccccc3CC[C@H]12
7.41300522156447,29.77777777777778,c1ccc2c(c1)Cc1ccc3ccccc3c1C2
6.417918425679805,45.89473684210526,Cc1ccc2c(c1)-c1cc(C)ccc1C21CCCC1
7.466009620923021,40.333333333333336,C1=Cc2ccc3c(c2=C1)=CCC3
4.569474158849269,38.666666666666664,CC1(C)C=CC=CC(c2ccccc2)=C1
8.537580631114333,87.5,C=C1[C@H]2C(=C)[C@@H]3C=C[C@H]2C(=C)[C@H]13
8.09176903249086,69.41176470588235,CC1(C)C=CC[C@]2(C)c3ccccc3CC[C@@H]12
7.63894071293942,45.111111111111114,C1=CCC23C=c4ccccc4=CC2=CC=CC3=C1
8.537580631114333,87.5,C=C1C2C=CC3C(=C)C2C(=C)C13
7.363194152290456,27.529411764705884,C1=Cc2cc3c(ccc4ccccc43)cc2C1
7.542822894988115,25.25,CCc1ccc2ccc3ccccc3c2c1
8.768264127640785,77.33333333333333,CC1(C)C2=CC=CC(C)(C)C23C=CC1C3
7.567763524413355,23.058823529411764,C=c1cc2cc(C)c3ccccc3c2cc1=C
7.967213670029212,53.333333333333336,CC12C3=CC=CC1=CC=C2C=C3
7.544019538390858,37.75,Cc1ccc(C)c2cc3c(cc12)=CCCC=3
7.7262066912099465,30.105263157894736,CCc1c(C)ccc2c1ccc1cc(C)c(C)cc12
7.870258024383602,28.0,CC(C)(C)c1cc(-c2ccccc2)cc2ccccc12
7.418207463828691,27.058823529411764,Cc1ccc2c(ccc3cc(C)c(C)cc32)c1
8.791941314128069,89.75,C[C@@]12Cc3ccccc3[C@H]3C[C@@H]1CC[C@]32C
7.834027878694072,33.333333333333336,CC1=Cc2c(cccc2-c2ccc(C)cc2C)C1
7.012457486189246,22.2,C1=Cc2c3ccccc3cc3cc4ccccc4c1c23
6.6728597536258984,72.0,CC1(C)C=CCC(C)(C)C1
7.609198922672668,30.25,CCCC#Cc1ccc(C#CCCC)cc1
8.43689464276643,80.0,CC(C)(C)C1=CC2C=CC1C2
7.781185744636887,34.526315789473685,Cc1c(C)c(C)c2c(c1C)C=C(c1ccccc1)C2
4.89560177231521,36.57142857142857,C=Cc1c(C)cc(C(C)(C)C)cc1C
7.214329059992608,15.285714285714286,C#Cc1ccc2c(C#C)cc[c]c2c1
9.030583494887491,144.0,CC12CC3C4CC5CC3C(C)(C1)C(C5)C4C2
7.697285333852976,52.0,C1=CCCC2=CC=CC2=C1
7.494688930023101,32.285714285714285,CC1=CC(C#Cc2ccccc2)=CC1
7.623152549737735,34.8,C1#Cc2ccccc2CC1
7.642060783040639,41.0,CC#CC1C=CC=C1
4.2144134033206235,62.888888888888886,C=C1CCC(C)=C(C)C1
7.605537440771361,61.2,C=C1C(=C)C2=C1CCCC2
4.949978991575628,40.8,CC(C)(C)C1=CCC(c2ccccc2)=C1
7.508824421755397,43.666666666666664,Cc1cc2c(cc1C)CC=CC2
7.835375330379928,37.07692307692308,CC(C)=C1C=C(c2ccccc2)C1
7.8240407830406395,54.0,CC1=CC=C[CH]C1
7.2418108124405265,25.25,Cc1ccc(C)c2cc3ccccc3cc12
7.809818003918088,64.8,C1=CC2=C(C=CC1)CCC2
7.687193858953887,88.72727272727273,CC1=CC=C(C)[C@H]2CCC[C@H]12
7.2501914676569115,38.285714285714285,C(C#CC1=CC=CC1)#CC1=CC=CC1
7.994522106290136,33.45454545454545,[CH]Cc1ccc(C(C)C)cc1
7.576052790545329,20.22222222222222,CC#Cc1[c]cccc1
7.424882584485257,18.0,C1#C[CH]C#C1
7.803971081458736,36.0,CC#CCC#CC(C)(C)C
7.527907111841283,35.142857142857146,C1=CCc2c(ccc3ccccc23)C1
7.5179922416222995,21.818181818181817,C=c1ccc(=C)c(C#CC)c1
6.973145059320547,21.2,c1c[13cH][13c]2[13cH][13cH][13cH][13cH][13c]2[13cH]1
6.261223933332216,41.111111111111114,C1=CC2=c3cc4ccccc4cc3=CCC2C=C1
7.74943533682336,50.333333333333336,C=C1C=C(C)C1
7.437238812302451,27.058823529411764,Cc1cc2ccc3c(C)cccc3c2cc1C
7.766048534283482,30.88888888888889,CC1=C/C(=C/c2ccccc2)c2ccc(C)cc21
8.329280609877296,99.55555555555556,CC12C=CC(C)(CC1)C2
7.293841537117837,28.88888888888889,CC1=Cc2ccccc21
7.947200939111895,50.4,C1=CCC2=C3Cc4ccccc4C3C2=C1
7.405301319317601,27.2,C1#CCC#C1
7.263618919669003,40.333333333333336,C1=Cc2c(ccc3c2C=CC3)C1
7.862432558859048,47.75,C=C1C=CC(C)=CC1
7.2227069196517935,18.333333333333332,C#Cc1ccc2cccccc1-2
7.754122691107845,36.705882352941174,Cc1ccc2c(c1)CCc1c-2ccc(C)c1C
6.34399097822811,66.28571428571429,C1=CC2(C=CC2)C1
6.884427577391075,64.85714285714286,C=C1C=C(C)C1C
6.380117513649585,4.166666666666667,[C]#CC#CC#C
7.065625773752727,75.2,CC1C#CC1
7.542117666720846,30.0,Cc1ccc(-c2c(C)cccc2C)cc1C
7.579327503262651,42.666666666666664,CC#CC1=CC=C(C)C1
7.271526739538292,18.0,C#CCC#CCC#C
7.777910308802175,64.0,CC1(C)C=CC2(C=C1)CCC21C=CC(C)(C)C=C1
5.756971610732149,48.8,CC[C]CC
6.96963069851393,42.4,CCc1cc(C(C)C)cc(C(C)(C)C)c1
7.572429026160668,25.2,CC#CCc1ccccc1
7.864416804685311,28.25,CC(C)(C)C#C/C=C\C#Cc1ccccc1
7.47487004890422,31.714285714285715,CC1=Cc2c(ccc3ccccc23)C1
7.772517624286079,35.46666666666667,Cc1cc(C)c(C#CC(C)(C)C)c(C)c1
7.993044286889267,61.25,[CH]1C=CC2C=CC2=C1
7.985038524266384,42.93333333333333,Cc1ccc(C)c2c1C=C(C(C)(C)C)C2
7.495368922771405,28.0,C#Cc1cc(C)c(C)cc1C
7.46325909564942,84.0,C1=C[C@H]2CC=CC[C@@H]2C=C1
6.520942254771466,25.41176470588235,c1ccc(C2c3cccc4c2cccc34)cc1
4.42161853368659,41.42857142857143,Cc1cc(C(C)C)cc(C)c1C(C)C
7.6657142030441845,33.88235294117647,Cc1ccc2c(c1)Cc1c-2cc(C)c(C)c1C
7.5050206715910805,29.23076923076923,Cc1cc(C)c2cc(C)ccc2c1
7.435413077370943,20.8,C=Cc1cc2c3ccccc3ccc2c2ccccc12
7.165868723744298,18.545454545454547,C#Cc1ccc(C#CC)cc1
7.1795321829222045,18.933333333333334,C#Cc1cc(C#CC)cc2ccccc12
7.6409223017000825,42.0,CC1=C(C)C(=C2C=CC=C2)C=C1
7.900503488490005,33.333333333333336,CC(C)c1ccccc1
7.486602034759249,27.0,Cc1ccc2cccc(C)c2c1
5.5347383987110454,48.666666666666664,C=C1C=CC(C)(C)C=C1
7.263921273956762,24.444444444444443,Cc1ccc2c(c1)-c1cccc3c(C)ccc-2c13
7.428010078505615,24.2,Cc1cc(C)c2ccc3c4ccccc4ccc3c2c1
8.709101021325997,100.8,C[C@H]1CCC2=C1C[C@H]1CC[C@]2(C)C1(C)C
7.722045329587709,78.15384615384616,C1=CC23C=CC=CC2(C=C1)CCC3
7.172071562824741,28.6,c1ccc2cc3c(cc2c1)c1c(c2ccccc23)CC1
8.258269138781065,92.75,C=C1C2C=CC1CC2
7.482653803841659,24.2,Cc1ccc2cc3c(cc2c1)c(C)cc1ccccc13
6.2077156176478665,42.4,[CH]/C(C)=C\C
6.999489983903036,62.0,CC1CCC2=C(C1)c1ccccc1C2
7.884499492636013,31.529411764705884,Cc1cc(C(C)C)cc(C)c1-c1ccccc1
7.839389052005107,56.8,CC1=CCC2=C(C1)/C(=C1\C=CC3=C1CC(C)=CC3)C=C2
6.576982167591243,10.666666666666666,C#CC#CC#CCC#C
7.346662677961373,30.31578947368421,C1=CC2=CC=c3cc4c(c(c32)C1)=Cc1ccccc1-4
7.862039307836125,37.77777777777778,Cc1ccc2c(c1)CC(C)(C)c1cc(C)ccc1-2
7.483254505698737,35.38461538461539,C1=CC2=c3ccccc3=CC2=CC1
7.509057423629907,30.0,Cc1cc2c(cc1C)-c1c(cc(C)c3ccccc13)C2
7.129720101052438,14.1,[C]#Cc1ccc(C#C)cc1
7.831561573719142,62.285714285714285,C=C1CCCC1=C
8.583745834127866,103.42857142857143,CCCC1C2CCC2(C)C1(C)C(C)C
6.973145059320547,21.2,c1ccc2[13cH][13cH][13cH][13cH]c2c1
7.467938580372752,31.714285714285715,CC1=Cc2ccc3ccccc3c2C1
7.65971395471702,27.2,C1#CCC#CC#CCC#CC#CCC#C1
7.093938676792454,22.0,C#CC1=CC(C#C)=C1
7.8572923972563835,51.5,CC1(C)C=CC(=C2C=CC(C)(C)C=C2)C=C1
7.282797288228829,88.0,CC1=C(C)[C@H](C)[C@H]1C
6.961908503075351,18.285714285714285,C#Cc1cccc2c1-c1ccccc1-2
7.3625170035407566,25.25,Cc1cc2ccc3ccccc3c2cc1C
7.735629994007775,37.0,Cc1ccc(C2C=CC=C2)cc1
5.879964793089098,45.55555555555556,CCC1=Cc2c(cc3c(c2C)CC(CC)=C3C)C1
7.282548871643776,28.88888888888889,Cc1ccc2c(c1)C=C2
4.201190425821674,44.53333333333333,C#Cc1ccc2c(c1)C(C)(C)CC2(C)C
7.552886252767216,37.77777777777778,Cc1ccc2c(c1C)CCc1c-2ccc(C)c1C
7.183434629194486,29.5,Cc1cc2cc(C)c1=2
7.124085638764356,22.58823529411765,Cc1ccc2c(c1)-c1cccc3cccc-2c13
7.984891933503595,42.0,Cc1ccc(C)c2c1C=C(C(C)C)C2
7.698755294468942,32.4,Cc1cc(-c2ccc3c(c2)CC3)c2cc(C)ccc2c1
7.36384081111161,30.22222222222222,c1cc2c(cc#1)CC=C2
7.542131916373199,27.75,C1=CC=c2ccc3ccccc3c2=CC=C1
7.8222277307780566,50.666666666666664,C=C1[CH]CC=C1
6.422361094226632,52.61538461538461,C1=CC2=c3ccccc3=CCC2C1
6.3867349545521295,54.76923076923077,CC(C)(C)C1=CCC(C(C)(C)C)=C1
6.0090508764415045,54.54545454545455,CC1=C(C)CC(C(C)(C)C)=C1
7.961581231208502,66.18181818181819,CC1=C(C)C(C)(C)CC1(C)C
6.386050805629958,35.375,C=c1ccc2c(c1)C(C)c1ccccc1C=2
7.825615554598202,25.285714285714285,CC(C)=Cc1c[c]c2ccccc2c1
7.412356898634286,74.28571428571429,[2H]C1=C([2H])C([2H])CC(C([2H])([2H])[2H])=C1[2H]
8.031121938145523,78.0,CC1=C(C)C2(C)C(C)(C)C(C)(C)C1(C)C(C)(C)C2(C)C
7.554064918399635,33.88235294117647,Cc1cc(C)c2c(c1)Cc1cc(C)c(C)cc1-2
7.601050070492687,80.0,CC1(C)C=CC=C2CCCC21
5.512862899848599,40.888888888888886,Cc1ccc2c(c1)C1CC=Cc3c(C)ccc-2c31
7.40613079217707,22.666666666666668,C#CC#CCC
6.268986232082488,41.111111111111114,C1=CCC2C=c3c(ccc4ccccc34)=CC2=C1
8.101454654622293,79.38461538461539,CC(C)(C)[C@@H]1C=CC[C@H]1C(C)(C)C
7.913043934108428,58.333333333333336,C=C1C=CCC1
8.315786674362084,161.5,C1C[C@H]2C3C4C5[C@@H](CC[C@@H]5[C@H]13)[C@H]1CC[C@H]2C41
6.568919310615068,44.0,Cc1cc(CC(C)(C)C)cc(CC(C)(C)C)c1
7.431815926819988,19.857142857142858,[c]1cccc2ccc3ccccc3c12
7.453646944829619,28.11764705882353,CC=C1c2cc(C)ccc2-c2ccc(C)cc21
7.93604521542746,56.0,CC1(C)C=CC=CC(C)(C)C=C1
7.363661874758768,21.5,[C]#CC#CCC
7.994167371183829,54.75,Cc1cc2c(cc1C)C(C)(C)CCC2(C)C
7.586834945603188,98.66666666666667,C[C@@H]1C=C[C@@H]1C
7.669851037637706,33.25,C=C1C=CC(=C)C1=C
5.1726266437498065,40.888888888888886,Cc1ccc2c(c1)C1C=CCc3c(C)ccc-2c31
4.4479026381805165,42.44444444444444,C=C1C(=C)C2c3ccccc3C1c1ccccc12
6.855361353264202,53.4,CC(C)=C1C2=CC=C1CC2
7.731956385060592,23.555555555555557,[CH]C([CH])c1ccccc1
7.9923095159565865,31.77777777777778,CC(C)c1cc[c]cc1
7.379520070959298,24.2,CCc1ccc2c3ccccc3c3ccccc3c2c1
7.4853176834403214,24.2,Cc1ccc2c(C)c3ccc4ccccc4c3cc2c1
8.499724117201977,88.66666666666667,CC1=C[C@]2(C)CC[C@@]1(C)C2(C)C
7.5479300261832885,68.0,CC1=C2CCC(C)=C2CC1
7.858481559552358,46.57142857142857,C=C1C=CCC=C1
7.411461405281678,64.14285714285714,C=C1CC2(C)Cc3cc(C)ccc3C12
7.923857858928657,46.57142857142857,[2H]C1=CC(=C)C=C([2H])C1
7.858481559552358,46.57142857142857,[13CH2]=C1C=CCC=C1
6.783460340751024,41.25,CC/C=C/c1c(C)cc(C(C)(C)C)cc1C
7.450710725075378,24.2,Cc1ccc2c(C)cc3c4ccccc4ccc3c2c1
7.293762152290457,20.941176470588236,CC#Cc1cccc2c1ccc1ccccc12
6.813987881930382,71.0,C1=CC2(C=C1)CCC2
6.42339927984341,47.857142857142854,C=C1C=CC(C(C)(C)C)=C1C(C)(C)C
7.455294841791735,18.5,C#CCC#C[CH2]
6.447516832283492,36.5,[CH2]/C(C)=C/C=C
6.922021195222685,13.0,C#CC#Cc1cccc(C#C)c1
7.3145029911400945,26.375,C=C1c2cc(C)ccc2-c2ccc(C)cc21
7.353061109009842,60.25,CC1(C)CC(C)(C)C12Cc1ccccc1C2
7.872108087910331,53.714285714285715,C1=CC/C(=C\C=C2\C=CC=CC2)C=C1
7.570981438363729,31.157894736842106,Cc1cc2ccccc2c2c1Cc1ccccc1C2
7.9518604425290285,38.6,Cc1cc(C(C)(C)C)cc2c(C)cc(C(C)(C)C)cc12
6.0905624419678315,41.89473684210526,CC1=C2C=C(C(C)C)C=Cc3cc(C)c(C)c(c32)C1
7.553112259527399,24.88888888888889,Cc1ccc(-c2cccc3c(C)cccc23)cc1
8.082227044385217,73.76470588235294,CC(C)=C1C=C2[C@H]3C(=CC[C@@H]13)C(C)(C)C2(C)C
5.473977211816241,44.75,C=C1[C]=C(C)CC=C1
7.372177203340603,40.333333333333336,C1=CC2=CCc3cccc(c32)C1
7.279756370219884,30.4,C1=c2ccccc2=Cc2ccc3c4c(ccc1c24)CC3
6.833705538981182,11.714285714285714,C#CC#Cc1cc(C#C)cc(C#C)c1
7.874779482405128,35.55555555555556,[CH]c1ccc2c(c1)CCc1ccccc1/C2=C\C
7.728950566009211,120.0,C[C@@H]1CC[C@@H]1C
7.462290307228136,30.333333333333332,CC#Cc1cc(C)c(C)c(C)c1
7.128428422518069,82.66666666666667,CC1=C[C@H](C)C1
5.861466880259233,36.73684210526316,C=C1C=CC=C2c3ccc4ccccc4c3C=C[C@@H]12
7.566615618362194,35.55555555555556,Cc1ccc2c(c1)C1=CCCc3c(C)ccc-2c31
7.724250595685576,74.66666666666667,C1=C2CCCC2=CCC1
7.033357242114736,23.666666666666668,C1=c2cc3ccccc3cc2=C1
7.796666667255535,40.0,C1#CCC#CCC#CCC#CCC#CC1
8.123450141406808,65.42857142857143,CC1=C(C)C2CCC1c1ccccc12
5.505432866418473,37.86666666666667,C=C(C)c1c(C)cc(C(C)(C)C)cc1C
7.8916748461626725,49.166666666666664,[CH2]C1C=CC=C1
7.6858888933027325,17.333333333333332,[2H]C#C/C=C\C#C
7.073413987922846,22.22222222222222,CC#CC#CCC#CC
7.787003926957998,36.4,C=C1C#CC1
7.106718569892276,66.72727272727273,CC(C)=C1CC2CC=CC=C12
7.35036888038527,61.42857142857143,Cc1cc2c(c(C)c1C)CC(C)CC2
4.880579588299238,50.857142857142854,CC(C)[C]C(C)C
7.70392592128932,55.2,CC1=CC2=C(C1)C(C)=CC2
5.848427168731863,47.142857142857146,C1=CCC2C=Cc3ccccc3C2=C1
7.025651093316272,64.2,CC1(C)CCCc2cc3c(cc21)C(C)(C)CCC3(C)C
6.018728183134992,32.421052631578945,Cc1ccc(/C(=C/C(C)(C)C)c2ccccc2)cc1
7.4617295311142176,23.11111111111111,C(=C/c1cc2cccccc-2c1)/c1ccccc1
7.4013766500038045,28.666666666666668,Cc1cc2c(C)c(C)c3ccccc3c2cc1C
1.4431797009365068,62.0,CC1=CC2=C(CC1)C1=C(C=C(C)CC1)C2C
7.465231398029976,27.058823529411764,Cc1cc2cc3ccccc3cc2c(C)c1C
7.140374846193277,18.545454545454547,C#CC#Cc1cccc(C)c1
6.788045374191336,20.666666666666668,c1ccc2ccc3ccc(c1)c23
7.59521387353928,24.0,C=c1ccc2c(C)cccc2c1=C
8.808204615106648,85.86666666666666,CC1(C)CC=CC23CCC(C=C12)C3(C)C
7.45954354254252,43.111111111111114,Cc1ccc2c(c1)CC2
8.284876259960017,103.33333333333333,CC12CCC1C(C)(C(C)(C)C)C2
7.6393711418234425,17.333333333333332,C#C/C=[13CH]\C#C
8.101454654622293,79.38461538461539,CC(C)(C)[C@H]1C=CC[C@@H]1C(C)(C)C
7.35243451707303,20.8,c1ccc(-c2cccc3c2ccc2ccccc23)cc1
7.398562633494579,46.18181818181818,C1=Cc2c1ccc1c2CCC1
7.641122564622207,41.2,C1=[13CH][13c]2[13cH][13cH][13cH][13cH][13c]2[13CH2]C1
7.5244250394531145,28.63157894736842,Cc1ccc2c(c1)Cc1cc(C)c3ccccc3c1-2
6.204996847915616,40.75,CC1=C(C)C(C)c2cc3ccccc3cc21
7.322396084286314,22.526315789473685,Cc1c2ccccc2cc2c1ccc1ccccc12
6.758795900554552,44.36363636363637,C/C(=C\C#CC(C)C)C(C)C
7.735033546908231,35.75,C1=CCCC(c2cccc3ccccc23)=C1
5.830955814312029,40.266666666666666,Cc1cc(/C=C\C(C)(C)C)cc(C)c1C
8.440370992320878,104.66666666666667,CC=C(C)C(C)C1CC2CCC21
6.940804715918572,20.5,c1ccc2c(c1)-c1ccc3ccccc3c1-2
7.701064614684087,30.0,CC(C)=c1cc2ccccc2cc1=C(C)C
7.5244250394531145,28.63157894736842,Cc1ccc2c(c1)Cc1ccc3c(C)cccc3c1-2
7.511162265366419,32.5,Cc1ccc2c(c1)-c1cc(C)ccc1C2C
7.53669361912768,38.18181818181818,CC1=CCc2cc(C)ccc21
7.363194152290456,27.529411764705884,C1=Cc2cc3ccc4ccccc4c3cc2C1
7.4128390769621735,102.66666666666667,C1#CC2CC1C2
8.893463187578005,124.36363636363636,CC12CCC3(CCC(C1)C3)C2
7.696729910622558,50.11764705882353,CC(C)(C)c1cccc2c1C=CC2C(C)(C)C
7.3689664535991115,28.6,c1cc2c3c(c4ccc5ccccc5c4cc3c1)CC2
6.300976467328711,59.2,CC1=C(C)CC(C)(C)C=C1
7.666762243010336,24.88888888888889,CCc1cc2ccccc(-c3ccccc3)c-2c1
7.833332893928979,55.6,C=C1C(=C)C(C)(C)C1(C)C
7.91297800362293,35.111111111111114,Cc1cc2c(cc1C(C)(C)C)-c1ccccc1C2
5.879820850951684,32.888888888888886,Cc1cc(Cc2ccccc2)cc(C(C)(C)C)c1
7.530577641545284,45.4,C=C1CC=CC2=C1C(C)=C2
7.61177148769913,47.2,CC1=C2CC=CC=C2C=C1
7.211901594208006,18.333333333333332,C#Cc1cc2cccccc-2c1
5.725437579345424,77.33333333333333,[CH]=C1CCCC1
7.870508088549783,37.75,CC1(C)C=Cc2c(ccc3ccccc23)C1
6.1056529304119955,35.78947368421053,C1=CC(c2ccccc2)C2=Cc3ccccc3C2=C1
8.199439035692743,65.23076923076923,CCC1(CC)C2=C(C)C1C(C)=C2C
7.175370954226073,17.11111111111111,C#Cc1ccc2cc3ccccc3c(C#C)c2c1
5.861755381646029,34.285714285714285,C#CC(C)C#CC
7.520049084714724,28.0,C#Cc1ccc(C)c(C)c1C
7.532797262852377,38.18181818181818,Cc1cc(C)c2c(c1)C=CC2
7.594011693110455,108.75,C=C1C2CCC1CC2
7.391054662414881,27.058823529411764,Cc1ccc2ccc3cc(C)c(C)cc3c2c1
7.803974934381081,53.09090909090909,C1=CC2=CC3=CC=CC3C2=C1
6.889113341242091,19.333333333333332,CC#CC#C/C=C\C#CC#CC
6.525698749460905,48.0,Cc1ccc2c(c1)C1CCCc3c(C)ccc-2c31
7.729269565455778,60.44444444444444,C1=CC2=CCCC=C2C1
6.672645970307523,18.0,[2H]CC#CC#CC#CC
7.713591895517302,35.07692307692308,CC1=CC=C/C1=C/c1ccccc1
7.957736964534466,56.8,C1=CC2=C(C1)C1C=CC2c2ccccc21
7.4254298474616025,27.11111111111111,Cc1ccc2c(c1)Cc1ccc3ccccc3c1-2
7.378359283264072,24.363636363636363,Cc1cccc2cccc-2c1
7.86607715124131,39.714285714285715,CC1=C(C)Cc2ccc(C)cc2C=C1
7.8403374188868735,44.53333333333333,C1=CC2=C(C=Cc3ccccc3C2)CC1
8.258840258014247,62.8,c1ccc2c(c1)C1CCC2c2c1ccc1c2CCCC1
7.998631564881144,42.0,Cc1ccc(C(C)(C)C)c2c1CC=C2
7.672957511223663,22.0,C=c1ccccc1=C
2.0606874552749286,30.0,C=C(C)c1ccc2cc(C(C)C)ccc2c1
7.942938626868699,60.57142857142857,CC1=CCCC=C1
7.410213249088763,28.0,CC#Cc1cc(C)cc(C)c1
7.640291991622342,30.941176470588236,C=C1Cc2cc(C)ccc2-c2ccc(C)cc21
9.366081414075419,142.31578947368422,CC1(C)C2CC3CC1C1C4CC5CC(C4)C3C1(C5)C2
2.9654793066357463,32.21052631578947,CC(C)c1ccc(/C=C2/C=Cc3ccccc32)cc1
7.436982282854212,20.8,C=Cc1c2ccccc2cc2cc3ccccc3cc12
7.386498859963717,21.0,[C]#Cc1ccccc1C
7.587076271343253,22.0,C=c1ccc(=C)cc1
6.189815149317577,39.5,C1=C(c2ccccc2)C(c2ccccc2)C1
7.494176306740738,79.75,CC(C)=C1CCC1C
7.5895014978868085,28.842105263157894,C(=C1\Cc2cccc3cccc1c23)/c1ccccc1
7.832245582271439,34.2,CCc1c2ccccc2cc2c3c(ccc12)CC=CC3
8.73234718594669,140.8,CC1C2CC1(C)C1CCC21
7.036828236232376,20.8,c1cc2ccc(-c3ccccc4cccc3-4)ccc-2c1
7.7183609130686275,45.68421052631579,CC1=C2c3ccccc3C=C3C=CC=CC32CC=C1
7.3183631244438025,23.2,Cc1ccc2ccc3ccccc3c2c1
7.965762076237352,44.0,CC#CCC(C)(C)C
7.309420932901546,6.0,C#[13C][13C]#C
7.710001803641964,45.45454545454545,CCc1ccc(C)c2c1CC2
7.545466926613156,23.09090909090909,Cc1c[c]c2ccccc2c1
7.254734431845984,21.0,C=c1c2ccc=2c1=C
7.6391950873035555,39.529411764705884,Cc1cccc2c1CCc1c(C)cccc1C2
8.748757918977887,108.5,C[C@@H]1[C@H](C)[C@H]2C=C[C@@H]1[C@@]13C=C[C@@]21CC=CC3
6.974283996526738,42.4,Cc1cc(CC(C)(C)C)cc(C(C)C)c1
7.3245830647975065,73.66666666666667,C1=CC2C[C]1C2
7.7830428229587225,33.333333333333336,CC1=Cc2ccccc2Cc2cc(C)c(C)cc21
7.325104990919032,82.4,CC12CC=CC=C1CCC2
7.940951510920368,32.30769230769231,CC(C)(C)C#CCc1ccccc1
6.780955194916725,45.333333333333336,Cc1ccc2c(c1)-c1ccccc1C21CCCC1
7.142611311042759,36.0,[3H]C(C#CC(C)(C)C)c1ccccc1
7.841726459982764,32.94117647058823,[CH]C([CH])([CH])c1cc(C#C)c2c(c1)C([CH])([CH])CC2
7.389622114955125,18.4,C=CC#Cc1ccccc1
6.570696338517125,60.0,C=C1C(=C)C2C=CC1C(=C)C2=C
5.911079084148634,4.125,[C]#CC#CC#CC#C
7.877292587955988,63.0,C=C1CC=CC2=C1CCC2
7.456935474239257,24.2,Cc1cccc2c1ccc1c(C)c3ccccc3cc12
6.292415122634925,64.0,C#CC1=CC(C)C1
7.2472804581305414,40.333333333333336,C1=Cc2ccc3c(c2C1)CC=C3
6.308635931330375,39.0,C=C[C](C)C
8.2240835167902,58.666666666666664,c1ccc(C2(c3ccccc3)C3CCC2C3)cc1
7.90308626411991,61.64705882352941,CC1=C(C)C2=C(C1)CC1=C(CC2)CC(C)=C1C
7.593067265456797,45.6,C1#CC=C2CCC=C2C=C1
7.700486701002123,30.333333333333332,CCC#Cc1ccc(CC)cc1
7.47641270497682,27.058823529411764,Cc1cc2cc3ccccc3c(C)c2cc1C
7.296931998444304,20.941176470588236,CC#Cc1ccc2ccc3ccccc3c2c1
7.3062909964440514,18.285714285714285,c1ccc2c(c#1)ccc1ccccc12
7.454543182943139,41.2,C1=CCc2ccccc2C1
7.557244929077242,25.41176470588235,Cc1ccc(C#CCc2ccc(C)cc2)cc1
7.753228032083146,42.54545454545455,Cc1cccc2c1=CCCC=2
7.43775512433497,23.058823529411764,Cc1cc2cccccc-2c1-c1ccccc1
7.582948064900365,11.333333333333334,C#CC(=C)C#C
6.623200858398728,48.30769230769231,CC1=Cc2ccc(C)c(C)c2C1C
5.545348400037605,53.666666666666664,[2H][C]1C([2H])=C([2H])C([2H])=C([2H])C1([2H])[2H]
7.273395970307522,14.0,C=CC#CC#CC=C
7.631385064321776,36.705882352941174,Cc1ccc2c(c1)CCc1cc(C)c(C)cc1-2
6.595749589056178,5.333333333333333,[2H]C#CC#CC#C
7.184378832910611,21.647058823529413,C#Cc1ccc2c(c1C#C)Cc1ccccc1-2
7.516832985249393,30.0,C=C1C=CCc2c1ccc1ccccc21
7.527443263507422,29.75,C/C=C1\c2ccccc2-c2ccc(C)cc21
6.511119183636351,51.27272727272727,CC1C=C(c2ccccc2)C1
7.472356519373338,22.09090909090909,[CH2]c1cccc2ccccc12
7.533213146156632,34.13333333333333,Cc1cccc2c1Cc1ccccc1C2
3.9378882843903398,75.66666666666667,[C]=C1CCCC1
7.619091251216825,38.8,[C]1=CCc2ccccc2C1
4.868414288141976,41.42857142857143,CCc1cc(CC)cc(C(C)(C)C)c1
7.677780699844099,25.727272727272727,[CH2]CC#CCc1ccccc1
7.692367180006823,25.6,C#CC#CC(C)(C)C#CC
6.904891323819892,80.0,CC1CC2=CCCC=C21
8.340562621301087,56.0,CC1(C)CC2c3ccccc3CC1c1ccccc12
7.626628509054217,39.529411764705884,Cc1ccc2c(c1)CCCc1cc(C)ccc1-2
7.487846586431658,30.933333333333334,Cc1ccc2c(c1)-c1cccc(C)c1C2
8.514616755119317,100.63157894736842,CCC12CC3(CC)CC(CC)(C1)CC(C(C)C)(C2)C3
7.916502793531441,50.333333333333336,Cc1cccc2c1CC(C)(C)C2
7.837056813396133,45.0,C1=CC2c3ccccc3C1c1ccccc12
7.458616714253347,27.11111111111111,Cc1cccc2ccc3c(c12)Cc1ccccc1-3
7.511162265366419,32.5,Cc1ccc2c(c1)C(C)c1cc(C)ccc1-2
7.6662034318472365,33.05263157894737,Cc1c2c(cc3c1ccc1ccccc13)C=CCC2
7.3751311271235735,77.33333333333333,[2H]C1=C([2H])C([2H])=C([2H])C([2H])C1
7.878564382827783,64.8,C1=CCC=C2CCCC2=C1
7.934649555067172,46.6,CCC1=C(C)c2c(C)c3c(c(C)c2C1)C(C)=C(CC)C3
5.034468860851906,66.66666666666667,CC1(C)C=CC1
7.493170197576521,27.11111111111111,Cc1cc(C)c(C)c(C#Cc2ccccc2)c1C
7.411942772364702,20.8,C=Cc1cccc2c1ccc1c3ccccc3ccc21
6.68857830856753,64.61538461538461,CC(C)(C)C1(C(C)(C)C)CC=CC1
7.722070638007227,21.0,[CH]CC#C
7.346967859032701,4.0,c1c#cc#cc#cc#cc#cc#cc#1
7.899320314917865,25.75,C#C[CH]C
7.81125597057896,28.0,C/C=C(\c1ccccc1)c1ccc(C)cc1
7.895270074253217,29.647058823529413,C/C(=C\c1ccccc1)c1cc(C)cc(C)c1
8.232737008854448,80.4,C=C1C(=C)C2C=CC1CC2
3.150983265006671,43.05882352941177,CC1=C2C=C(c3ccccc3)C=C2C(C)(C)C1
7.337921520040327,29.846153846153847,C1=Cc2cc3cccccc-3c2C1
7.157869003261634,21.2,c1cccc2ccc3ccccccc3ccc2cc1
7.747545268406936,37.75,C=C1C=CC=CC=C1
7.998622693409898,79.66666666666667,C=C1CCCC1
7.548520335208735,21.333333333333332,C=c1cc2ccccc(=C)c-2c1
6.374129399948841,8.0,C1#CC#CC#CC#CC#CC#CC#CC#C1
8.164276839045549,77.77777777777777,C=C1C(=C)[C@H]2C=C[C@@H]1C2
5.038413735279851,41.42857142857143,CCc1c(C)cc(C(C)(C)C)cc1C
6.256513524495203,35.07692307692308,C=Cc1ccc(CC(C)(C)C)cc1
7.5664835582618615,100.0,C[C@@H]1C2=C(CCCC2)[C@@H]1C
7.895086476270537,44.8,C=C1C=C(C)[C](C)C=C1C
7.792626665541784,49.42857142857143,C1=CC2=C(CC1)c1ccccc1CC2
7.720584604872927,33.77777777777778,C1=c2ccccc2=Cc2cccc3c2=C1CCC=3
7.167718174293748,19.5,[c]1cccc2c1-c1ccccc1-2
7.95700470640502,52.0,C=C1C=C(C)CC(=C)C1
7.917619366675513,32.0,[3H]C#CCC
7.393007465281526,19.857142857142858,[c]1cccc2c1ccc1ccccc12
7.530037601518553,21.77777777777778,C#CCc1ccccc1
8.175543094638295,122.83333333333333,CC12CC3[CH]C(C1)CC(C)(C3)C2
6.5758778064830725,20.666666666666668,c1ccc2c(c1)-c1ccccc1-2
7.870442822958723,27.11111111111111,Cc1ccccc1-c1ccc(C#CC(C)C)cc1
7.207084721404677,31.6,CC1=C(C)c2ccccc21
7.427622700814625,29.8,Cc1ccc2c(c1)cc1c3c4c(ccc32)=CCC=C4C=1
7.817558776456326,25.75,C#CC[CH2]
7.818895845572333,47.75,C=C1CC=CC=C1C
7.603344631273429,40.90909090909091,C=C1CCc2ccc(C)cc21
7.331157232526309,48.0,C1=CC2=CCC=C12
7.275787118154803,28.0,C#CC1=CC=C1
7.887450306843007,50.333333333333336,Cc1ccc2c(c1)CC(C)(C)C2
5.843646971935582,48.25,C#Cc1ccc2c(c1)C(C)(C)CCC2(C)C
7.588759324119667,26.526315789473685,Cc1ccc(-c2c(C)cc(C)c3ccccc23)cc1
5.9744759120656346,42.4,C1=CC=CC2C(=Cc3ccccc32)C=C1
7.644264384038358,28.75,Cc1c[c]cc(C)c1
6.9642439020149824,53.2,c1c2c(cc3c1CC3)CC2
7.905841194038744,30.25,[C]#CCC
7.455438313367447,44.0,C1=C[C](C[C]2C=CC=C2)C=C1
7.608816251216826,47.4,[CH]1C=CC2=CC=CCC=C12
7.812838221548873,37.45454545454545,Cc1cc(C)cc(C(C)C)c1
7.7085688209862555,28.666666666666668,C=C(C)C#CC
7.466586378175217,27.6,[2H]C1c2ccccc2C(=C)c2ccccc21
7.3059836907519955,20.941176470588236,CC#Cc1cccc2cc3ccccc3cc12
7.797253231546874,28.266666666666666,CCc1ccc(-c2ccccc2C)cc1
6.793277046776904,15.2,C#CC#CCC#CC#CC
7.624192283491997,27.6,CCc1ccc2c(c1)-c1cccc3c(CC)ccc-2c13
6.872253865424648,67.6,C=C1C(=C)C2C=CC1C=C2
7.61637049629771,27.666666666666668,C/C=C(/C)C#Cc1ccccc1
7.5587956496409126,150.0,C1CC2C3CCC2C13
6.540774064580654,5.333333333333333,C#CC#CC#C
7.2786313692157085,27.0,Cc1ccc2cc(C)cc-2cc1
7.34337823806134,27.058823529411764,Cc1ccc2cc3ccc(C)cc3c(C)c2c1
7.127787917332871,63.38461538461539,C1=CC2=C(C=CC1)C1(C=C2)CCC1
7.647535986864412,32.44444444444444,CC(C)c1ccc2c(c1)-c1ccc(C(C)C)cc1-2
7.984229426301766,56.0,c1ccc2c(c1)CC1CC2Cc2ccccc21
7.697065009040498,38.5,Cc1ccc2c(c1)Cc1ccccc1CC2
7.780432310445933,102.22222222222223,C#CC12CCC(CC1)C2
6.725078863481754,47.411764705882355,C=C1CC2c3ccccc3C1c1ccccc12
5.707729710476519,40.30769230769231,CCc1cc(C)cc(C(C)(C)C)c1
7.333421885875875,24.714285714285715,C=C1C=Cc2cc3cccccc-3c21
7.302894739379231,21.333333333333332,Cc1cccc(C#Cc2ccccc2)c1
7.201027037994988,29.666666666666668,C1=CC2=Cc3cccc(c32)C=C1
6.5153746881544246,45.0,[2H]C12C=Cc3ccccc3C1([2H])c1ccccc12
7.703069818493402,28.4,CC1=Cc2ccc(-c3cccc4ccccc34)cc2C1
6.347036104343973,45.64705882352941,CC1=CC2c3ccccc3C1c1ccccc12
6.023022656003917,41.55555555555556,C[C@H]1CCc2c1ccc1c2ccc2ccccc21
7.799899770769791,32.8421052631579,CC1=C(c2ccccc2)C(C)=C(c2ccccc2)C1
7.4773254062419845,30.933333333333334,Cc1ccc2c(c1)-c1c(C)cccc1C2
7.158957266557124,14.8,C#Cc1cccc(C#C)c1
4.952345696557502,34.526315789473685,CC(C)(C)C1=Cc2c(cccc2-c2ccccc2)C1
7.529603175853067,28.266666666666666,Cc1cc(C)c(-c2ccccc2)c(C)c1
5.959457545687096,4.125,[2H]C#CC#CC#CC#[C]
7.634342266413064,26.857142857142858,C[13c]1ccccc1
7.885309157120709,24.857142857142858,[2H]Cc1[c]cccc1
7.850753113164666,24.857142857142858,Cc1[c]cccc1
7.885479281873041,62.4,CC1=CCC2=C1CCC1=C(C2)C(C)=CC1
7.404090317073994,29.176470588235293,C1=C2c3ccccc3C23C(=C1)c1ccccc13
7.7454946516262035,23.285714285714285,[CH2]c1ccccc1
7.904576634086645,51.23076923076923,CC(C)(C)C1=CC=C(C(C)(C)C)[CH]1
7.732406715477514,26.857142857142858,[2H]C([2H])([2H])c1ccccc1
7.634342266413064,26.857142857142858,[13CH3]c1ccccc1
7.66968893734049,24.857142857142858,Cc1cc[c]cc1
6.767796448104698,67.63636363636364,C=C1C(=C)C2CC1C(=C)C2=C
8.213007931136392,64.76923076923077,CC=C1C2CCC1c1ccccc12
7.851476868382189,50.666666666666664,CC1(C)C=CC=CC=C1
7.603344631273429,40.90909090909091,C=C1CCc2cc(C)ccc21
7.767542014656238,38.46153846153846,CC1=CC(c2ccccc2)C=C1C
6.71921001783214,61.09090909090909,CC1=CC=CC2CC=CC=C12
7.619959136369059,25.833333333333332,Cc1c[c]c2c(C)cccc2c1
6.131327727497871,42.4,Cc1cc(C(C)(C)C)cc(C)c1C(C)C
7.865702281026195,68.8,CC1=CCC1
7.444926349024332,24.363636363636363,[3H]c1cccc2c(C)cccc12
7.728760659551074,31.8,CC#C[CH]C
8.173316388260464,125.33333333333333,C[C@@H]1[C@@H](C)[C@H](C)C[C@H]1C
7.597373025788787,26.526315789473685,Cc1ccc(-c2cc3ccccc3cc2C)c(C)c1
7.334647288844402,35.75,[CH]1Cc2ccccc21
7.803590087954582,28.666666666666668,C=CC#CCC
6.7194799455336085,45.0,[2H]C1=CC2([2H])c3ccccc3C2c2ccccc21
5.751919435646289,26.857142857142858,C[14c]1ccccc1
7.867225135906283,32.0,C#CCC
7.472270519239595,17.714285714285715,C#CCC#CC=C
6.7194799455336085,45.0,[2H]C1=Cc2ccccc2C2([2H])c3ccccc3C12
7.887819934917154,45.27272727272727,C=C1CC(c2ccccc2)C1
7.3318009108337785,65.33333333333333,C1=CC=C2C=CCC3C4=C(CCCC4)C(=C23)C=C1
6.62450766117743,45.0,[2H]C1=C([2H])C2c3ccccc3C2c2ccccc21
8.258786005037743,75.6,C=C1C(=C)C2(C)C=CC1C2
7.799702900399794,28.0,[CH]C#CCC
7.874992768247312,35.6,Cc1ccc(C(C)C)cc1
7.701937317376007,31.8,[CH2]CC#CC
8.241334709170378,87.2,CC1=CC2CCC1C=C2C
7.837180818702267,31.8,[CH2]C#CCC
7.8374516606788,36.8,[2H]C([2H])(C)C#CC
7.973089303750698,57.142857142857146,CC1=CC=[C]CC1
7.83660966365545,39.77777777777778,C=C1C=CC=C(C)C=C1
7.759421884003864,36.8,CC#CCC
9.058415767753331,142.66666666666666,C[C@@]12[C@H]3[C@@H]4CC[C@@H](C4)[C@H]3[C@]1(C)[C@@H]1[C@H]2[C@H]2C=C[C@@H]1C2
6.022654851922356,63.333333333333336,CC1(C)C=CC=C2CCCC2=C1
7.818496774175614,44.61538461538461,CC1=Cc2cc(C)cc(C)c2CC1
7.642953574268021,31.4,Cc1cc(C)c2c(C)c3c(C)c(C)c(C)cc3cc2c1
7.330978029597451,30.933333333333334,Cc1cccc2c1Cc1c(C)cccc1-2
7.707435812609786,27.375,[CH2]c1cccc(C)c1
7.573263326887698,33.88235294117647,Cc1ccc2c(c1C)Cc1ccc(C)c(C)c1-2
7.8934069036929575,30.0,CCc1c(C)ccc(-c2ccccc2)c1C
4.945536449386279,67.33333333333333,[CH]C1=CCCC1
7.780511037320266,121.33333333333333,[C]1CC2CC1C2
7.475925431383221,30.46153846153846,C#Cc1ccc(C2=CC=CC2)cc1
9.110818603346777,149.86666666666667,CC12CC3C[C@@H]4C5CC(C[C@@H]1[C@H]5C3)C[C@@H]42
8.778904774508511,143.25,C=C1C2CC3C(=C)C4C5CC6C(C15)C2C3C64
8.987080588693145,149.86666666666667,CC12CC3CC4C5CC(CC41)CC2C5C3
7.637696907232119,30.5,Cc1ccc(-c2ccccc2)c2c1C=CC2
7.441934514924467,33.55555555555556,Cc1c2c(c3cc4ccccc4cc3c1C)CC2
8.652245342518452,100.66666666666667,CC1=C(C)C2(C)CCC1CC2C
7.493813748016982,41.2,Cc1cc(C)c2c(c1)C/C2=C1/Cc2cc(C)cc(C)c21
7.581215552491551,24.88888888888889,Cc1cc2cccc(-c3ccccc3)c2cc1C
7.632911795391437,41.2,C1=C(c2ccccc2)CC1
7.237392900643536,23.36842105263158,C#CC#Cc1c(C)c(C)c(C)c(C)c1C#CC#CC
7.67012292061126,28.444444444444443,[CH]Cc1ccccc1C
7.282474884824139,21.666666666666668,C#Cc1cc(C)c(C#C)cc1C
7.802838729274975,30.105263157894736,Cc1cc2c(C)cccc2c2ccc(C(C)C)cc12
6.006585365559711,69.5,CC1=C(C)CC2=C(C1)C(C)(C)CCC2(C)C
7.352702502770188,11.333333333333334,C#CC#CC=C
6.3014906727223945,34.705882352941174,C=C1C=C(c2ccccc2)C1c1ccccc1
7.9097572829863925,43.69230769230769,C1=CC2=CC=CC23C=CC=C3C=C1
4.359590148294922,36.53333333333333,C=C1C=C(C(C)(C)C)[CH]c2ccccc21
7.713591895517302,35.07692307692308,CC1=CC=C/C1=C\c1ccccc1
8.730096586240625,146.1818181818182,C[C@@H]1[C@H](C)[C@H]2[C@@H]3CC[C@@H](C3)[C@@H]12
7.566433300350809,80.0,C#CC12CC3(C#C)CC(C#C)(C1)CC(C#C)(C2)C3
7.96385984718547,35.2,Cc1cc(C)cc(-c2c(C)cc(C(C)(C)C)cc2C)c1
7.555014343086614,33.88235294117647,Cc1ccc2c(c1)-c1cc(C)ccc1C2(C)C
5.8936900062567465,41.75,CC1=C(c2ccccc2)C=C(C(C)(C)C)C1
7.852548293124782,47.75,C=C1C=CC=C(C)C1
7.819053614176207,40.30769230769231,Cc1cc(C(C)(C)C)cc(C)c1C
7.8591038360592105,56.0,CC1=CC=CC=C(C)CC1
7.697285333852975,52.0,C1=CCC=C2CC=CC2=C1
7.721660649210136,40.666666666666664,[C]=C1C(C)=CC(C)=C1C
7.203837437540205,25.6,CC#CCC#CCC#CC
7.840544127248964,44.5,[CH]1C=Cc2cccc3c2C1C=C3
6.744119146388806,13.555555555555555,C#Cc1ccc(C#C)c2c(C#C)ccc(C#C)c12
7.738684057543626,53.714285714285715,CC1=CCC=C1C
7.287229874264069,23.1,C1=Cc2ccc3c(cc4cccc5cccc3c54)c2=C1
5.524950885178514,78.4,[2H]C1=CCCC1
8.748757918977887,108.5,C[C@@H]1[C@H](C)[C@@H]2C=C[C@H]1[C@@]13C=C[C@@]21CC=CC3
7.418578118875536,19.0,[CH2]C#Cc1ccccc1
7.238510957005401,29.77777777777778,c1ccc2c(c1)Cc1cccc3cccc(c13)C2
7.476759290769365,29.23076923076923,Cc1ccc2c(C)cc(C)cc2c1
7.512699102988314,47.27272727272727,CC#CC1=C(C#CC)CCC1
7.907088260729192,41.77777777777778,C#CC1=CC=CC1C#C
7.472737150514132,20.8,C=Cc1c2ccccc2cc2c1ccc1ccccc12
7.579970780857476,32.5,Cc1ccc2c(c1C)Cc1cccc(C)c1-2
7.148449237396131,18.5,[CH2]C#CC#CC
7.926564438861332,60.0,[CH]C1=CCC1
7.6276829860777084,55.111111111111114,CC1=CCC2=C1CC=C2
7.148291589335045,21.866666666666667,CC#CC#CC(C#CC)(C#CC)C#CC
7.347953237147112,31.11111111111111,C#CC1=CCC(C#C)=C1
4.3672623159121144,65.42857142857143,C[C]1C=C(C)CC1
7.740504844375643,39.714285714285715,CC=C1C=CC=C1
7.742950776630743,32.0,CC1=Cc2c(ccc(C)c2-c2ccccc2)C1
7.4244078160076725,17.6,c1ccc2ccccc2c#1
7.552221797155969,35.142857142857146,C1=Cc2ccc3ccccc3c2CC1
7.855019956042199,45.333333333333336,CC1=CC(C)=CC(C)=C(C)C=C1
7.318153014103111,24.2,Cc1ccc2cc3ccc4cc(C)ccc4c3cc2c1
9.253855170000095,158.8,C1C2CC3CC2CC1C12C4CCC1C1C4C4CCC1C342
7.246128037365307,48.857142857142854,CC1C=C(C(C)(C)C)c2ccccc21
7.215147817011804,58.142857142857146,C=C1C(=C)C2C(=C)C(=C)C1C2=C(C)C
7.004447911703325,45.333333333333336,C1=CC2=C3C1=CC=C3C2
6.5803505710050345,37.64705882352941,CC1=Cc2ccccc2C1c1ccc(C)cc1
8.438202942404548,162.1818181818182,CC12C3C4CC5C3C1(C)C5C42
7.913083576002123,30.333333333333332,C#CCc1ccc(C(C)C)cc1
4.224673293068699,35.111111111111114,c1ccc([C@H]2Cc3cccc4cccc2c34)cc1
7.536250315920774,28.266666666666666,Cc1cc(C)c(-c2ccccc2)cc1C
7.6676194782298035,71.0,C1=C2CCCC2=CC1
6.913639269531533,63.6,C[C@@H]1c2ccccc2[C@@H]1C
8.566000784948331,110.33333333333333,C=C1C2CC3CC(C2)C(=C)C1C3
7.858685509709569,34.526315789473685,CC1=Cc2c(ccc(C)c2-c2cc(C)cc(C)c2)C1
7.088291744246863,20.666666666666668,C#Cc1ccc2cc3c4c(cccc4c2c1)C=C3
7.573151542052306,34.13333333333333,Cc1ccc2c(c1)-c1ccccc1CC2
7.219196019686473,88.0,CC1C=CC1
7.715362051042059,105.0,CC1=CCC2CC1C2
7.66834059998494,41.0,C1=CCC=c2ccccc2=CC1
7.152621627982915,24.363636363636363,CC#CC1=Cc2ccccc21
7.570266461291602,40.888888888888886,c1ccc2c(c1)CC(=C1CCc3ccccc31)C2
7.692979576602147,27.75,CC(C)(C)C#Cc1cccc2ccccc12
7.877106335082823,30.5,[2H]C([2H])([2H])Cc1ccccc1
6.5090761078460835,41.68421052631579,Cc1ccc2c(c1)C1(C)C=CCc3c(C)ccc-2c31
7.661734044505485,33.88235294117647,Cc1ccc2c(c1)-c1ccc(C)cc1C2(C)C
7.683626080197633,36.142857142857146,[CH2]C=C1C=CC=C1
8.808335326153628,107.2,CC1=CC[C@]2(C)C[C@H]1[C@]1(C)CCC[C@@]21C
8.43163866629497,113.77777777777777,CC1(C)[C@@H]2CCC[C@H]1C2
7.515563345330014,26.0,Cc1cc#ccc1C
7.274636681204428,27.2,[CH]1CC=c2c3cccc4cccc(c5cccc1c25)c43
7.4531525491501585,28.444444444444443,Cc1ccc2c(c1)C1=Cc3c(C)cccc3C1=C2
7.219196019686473,88.0,C[C@H]1C=CC1
7.706162258972484,28.266666666666666,Cc1cccc(C)c1Cc1ccccc1
6.402500952357548,80.0,CC(C)(C)C1CCC1
7.881366736787241,68.88888888888889,c1ccc2c(c1)C1c3ccccc3C2[C@@H]2CC[C@@H]12
7.7906080269942395,60.44444444444444,C1=CC2=C(C=CC2)CC1
7.437973289207956,24.2,Cc1ccc2cc(C)c3cc4ccccc4cc3c2c1
7.5627334019232615,18.545454545454547,C#CC(C#C)c1ccccc1
4.493525035073317,41.0,Cc1ccc2ccc3c4c(ccc3c2c1)C1CCC=C41
7.727178440512612,21.428571428571427,C=c1ccc(=C)c(-c2ccccc2)c1
6.770077303413216,61.166666666666664,CC1=CC(=C(C)C)CC(C)(C)C1
7.945856908614477,44.470588235294116,Cc1ccc(C2=CCCCC2)c2ccccc12
7.254419609066277,17.6,c1cc2ccccc2cc#1
4.446383960424859,40.8,CC(C)(C)C1=CC=C(c2ccccc2)C1
7.820398882285574,52.36363636363637,CC1=CC2=C(C=CC=CC2)C1
7.440388395249624,27.058823529411764,Cc1ccc2ccc3c(C)cc(C)cc3c2c1
7.977406638334861,39.714285714285715,Cc1cccc2c1C=CC(C)(C)C=C2
8.194534402227589,51.46666666666667,CC(C)(C)c1ccc2cc1C2C(C)(C)C
7.808980440790666,35.07692307692308,CC(C)=Cc1cc(C)c(C)cc1C
3.712456987901456,72.8,CC1=CC2=C(CCCC2)C1
7.737498717567652,33.1,[CH2]c1c(C)ccc(C)c1C
3.599312599330588,38.714285714285715,[CH2]C#CC(C)(C)C
7.618563127885213,26.526315789473685,Cc1ccc(-c2c(C)ccc3cc(C)ccc23)cc1
7.920199938379214,68.23529411764706,C1=CC2=C3C(=C4C(=C3CC=C2)C2C=CC4C2)C1
7.014972617427736,18.666666666666668,C#Cc1ccc2c3c(cccc13)-c1ccccc1-2
7.2585802862286455,72.72727272727273,CC1=CC=CC2=CCCCC12
6.595749589056178,5.333333333333333,[3H]C#CC#CC#C
7.454817343700977,134.66666666666666,C1CC2CC1C2
6.018728183134992,32.421052631578945,Cc1ccc(/C(=C\C(C)(C)C)c2ccccc2)cc1
7.859836180558757,52.0,C1=C2c3cc4c5c(cccc5c3C2CC1)CC4
3.627646882388415,45.42857142857143,Cc1ccc2c(c1C)C=CCC2(C)C
7.66713399967907,32.5,Cc1ccc2c(c1)C(C)(C)c1ccccc1-2
7.3523610261606684,31.6,CC1=Cc2ccc(C)cc21
4.1461471490523785,31.714285714285715,CC(C)(C)C#C/C=C\c1ccccc1
8.997752455642276,125.11111111111111,C=C1[C@@H]2/C(=C3/[C@@H]4C[C@H]5C[C@@H]4C(=C)[C@@H]35)[C@H]3C[C@@H]2C[C@@H]13
6.7671942732035095,34.8,C1#Cc2ccccc2-c2ccccc2C#CCCCC1
7.290725450792078,32.21052631578947,Cc1cc2c3c(ccc4c(C)c(C)cc(c43)C2)c1C
7.566121470997045,31.09090909090909,C#CC(C#C)=C1C=CCC=C1
7.543123674033999,30.5,[13CH3]c1cccc([13CH3])c1
7.746002789678363,60.44444444444444,C1=CC2=C(CC=C2)CC1
7.747048616192275,25.77777777777778,C=c1ccc(C)cc1=C
7.993617718468361,48.0,CC1=CC(C(C)C)=C1
8.448516042120305,106.28571428571429,C1=C[C@H]2[C@H]3C=C[C@@H]4C=C[C@@]43[C@]23C=C[C@H]13
7.612048729094466,23.5,Cc1ccc(CC#Cc2ccccc2)cc1
6.864946297254956,36.5,[2H]C(c1ccccc1)C([2H])([2H])[2H]
7.975266679371243,110.22222222222223,C1=C[C@H]2CCC[C@@H]2CC1
3.9530190136430114,37.333333333333336,Cc1ccc2c(c1)-c1ccccc1C2C
7.780471580342378,44.0,C=C1C=CCC1=C
7.519641801884632,61.1764705882353,c1ccc2c(c1)C1CCC3c4ccccc4C213
7.754817790337404,48.25,CC1=CC(C)=C(C)[CH]1
7.695964981296534,37.42857142857143,C=C1[CH]C=CC1=C
7.771667760995983,39.714285714285715,Cc1cc(C)c(C2=CCC=C2)c(C)c1
4.996806674225065,74.8,[2H]C1([2H])CCC1=C
8.863405696225318,122.82352941176471,CCCCC1C2CCC1C1C3C4=C(CC4)C3C21
7.573175469408235,53.89473684210526,CC1=C(C)C2c3ccccc3C23c2ccccc2C13
8.908017389654127,103.0,C1=C[C@@H]2[C@H](C=C1)[C@@H]1C[C@H]2[C@H]2[C@@H]1[C@@H]1C[C@H]2c2ccccc21
7.026755810607299,13.0,C#Cc1ccc(C#C)c(C#C)c1
6.170203875807698,46.5,CC1=CC(C(C)C)=CC1=C(C)C
7.641492920863636,33.88235294117647,Cc1cc(C)c2c(c1)-c1ccc(C)c(C)c1C2
7.6129033357268705,28.0,CC#CCc1cccc(C)c1
8.512362845945862,86.42857142857143,CC1(C)[C]2[CH][CH][CH][C]2C2CC1C2(C)C
7.3743600755503955,24.4,C=C1c2ccccc2-c2ccc(C)cc21
4.193284594867752,70.0,[C]=C1CCC1
4.607915280761854,32.25,CC(C)(C)/C=C/c1cccc2ccccc12
7.614023132123217,28.8,C=c1cc(C)c(C)cc1=C
7.971598558941828,74.8,C=C1CCC1
7.5557789760017435,52.0,C1=CC=CC2=C(C=C1)CC2
7.67272877821248,59.733333333333334,C1=CC2=C3C(=CC=C3C3=C2CCCC3)C1
7.825565720912614,33.0,C=C1[C]=CC=C1
7.90140128250321,51.46666666666667,Cc1cc2c(cc1C)C(C)(C)CC2(C)C
7.87698257603605,36.705882352941174,Cc1ccc2c(c1)C(C)(C)c1ccccc1C2
7.356838051738267,39.333333333333336,C1=CC=C2C=CC=CC=C2C=C1
4.642797208975059,42.10526315789474,c1ccc(CC2=C(c3ccccc3)CCCC2)cc1
7.938605333222201,40.92307692307692,CC(C)(C)c1cccc2c1CC=C2
6.245390519239595,10.666666666666666,C#CC#CC#CC#CC
7.785433592189492,33.333333333333336,Cc1cc(C)c(C2=Cc3ccccc3C2)c(C)c1
7.560097390022796,24.0,C=Cc1ccc2cc(C)ccc2c1
7.794643048369537,30.5,C[13CH2]c1ccccc1
7.951750579975478,31.8,C#C[C](C)C
7.285554799536474,26.105263157894736,CCc1cc2ccc3cc(C)cc4ccc(c1)c2c34
7.652039905485958,31.157894736842106,Cc1ccc2c(c1)Cc1ccc3ccccc3c1C2
7.99820983158632,47.75,C=C1C=CC(C)C=C1
8.229510451452123,68.94117647058823,C1=C[C@H]2C[C@@H]1[C@@H]1c3cccc4cccc(c34)[C@@H]12
5.602717840140918,46.22222222222222,CC1=C(C)C2c3ccccc3C1c1ccccc12
6.94214819702817,18.4,C#CC1=CC(C#C)=C1C#C
6.980249745232513,25.6,CCC#CC#CC#CCC
6.791018901064753,41.77777777777778,C=CC(C=C)C(C)(C)C
5.718421515981666,35.4,[C]#CC(C)C
7.442832729671169,100.0,CC1=C(C)C2CCC1CC2
7.402106656937328,31.692307692307693,CC1=Cc2ccc3c(c2=C1)=CC=C3
7.978720869327338,104.28571428571429,C=C1[C@H]2C=C[C@H]3C(=C)[C@H]4C=C[C@@H]1C4C23
7.843513258948377,43.57142857142857,C(#Cc1ccccc1)C=C1CCCC1
7.834099794657002,42.0,Cc1c(C)c(C)c(-c2ccc3c(c2)CCC3)c(C)c1C
1.0,34.526315789473685,CCC1=Cc2c(cccc2-c2ccc(C)cc2C)C1
7.767640397785204,31.142857142857142,CC(C)(C)c1ccc2cccccc1-2
7.660390024641025,32.75,Cc1ccc2ccc3c(c2c1)C=CCC=C3
7.029060681999502,20.857142857142858,c1ccc2ccc3cccc3c2cc1
7.825742754448436,53.714285714285715,CC1=C(C)CC=C1
8.70495336968174,116.0,C[C@@]12C=CC[C@@]1(C)[C@@H]1CC[C@H]2C1
5.307704358851177,56.888888888888886,C1=CC2=CC=CC2C=C1
7.779171934703628,37.75,CC1=c2cc3c(C)cccc3cc2=CCC1
6.902266057765915,20.4,c1cc2cc3ccc=3c-2c1
7.614522718005693,33.77777777777778,C1=C(c2ccccc2)c2cccc3c2C1=CCC3
7.727200502057638,49.25,C=C1CC(=C)C(=C)C1
7.639370019503971,31.11111111111111,C/C(=C(/C)c1ccc(C)cc1)c1ccc(C)cc1
7.456403357387682,113.33333333333333,C1=C[C@H]2CC[C@@H]12
7.556286665541784,37.42857142857143,CCc1cc2c3c(cccc3c1)CC2
7.473200622571891,29.23076923076923,Cc1cccc2c(C)cc(C)c-2c1
8.738214689352228,103.33333333333333,CC(C)=C1C2CCC1C1=C2C2CCC1C2
7.99912699459853,65.71428571428571,C/C=C1\C=CCC1
7.86199271846836,54.0,CC1=CC(C)=C(C)C1
8.229510451452123,68.94117647058823,C1=CC2CC1C1c3cccc4cccc(c34)C21
7.9097572829863925,43.69230769230769,C1=CC2=CC=C3C=CC=CC23C=C1
8.78227013678248,100.66666666666667,C=C1[C@@H]2CC=C(C)C[C@H]2[C@H]2C[C@@H]1C2(C)C
7.737750458531465,38.5,Cc1ccc2c(c1)CCCc1ccccc1-2
7.422655363589535,28.285714285714285,CCc1cc2c3c(cccc3c1)C=C2
7.20089595283427,20.666666666666668,c1ccc2cc3c4ccccc4cc-3ccc2c1
7.902595685629525,99.42857142857143,C[C@@H]1C=CC[C@@H]1C
7.36293901153074,31.4,Cc1cc(C)c2cc3c(C)c(C)cc(C)c3cc2c1C
7.654758621172666,56.0,C1=CC/C(=C2\C=CC=CC2)C=C1
7.18506056326042,32.0,C#CC1=C2C=CC=C2C=C1
8.90599065098812,100.8,CC1=C2C[C@@H]3CC[C@H](C)[C@@]2(CC1)C3(C)C
6.285882567115814,58.285714285714285,CC(C)(C)C1=CCC=C(C(C)(C)C)C1
7.6890753167404124,25.833333333333332,Cc1[c]c2cccc(C)c2cc1
7.0013390205425505,87.0,C1=CCC2(C1)CCC2
7.458819430180718,21.09090909090909,Cc1ccc2ccc#cc2c1
6.568463782119782,36.5,[2H]C(C)c1ccccc1
6.823971378754997,23.8,Cc1cc2c3cccc4c(C)cc(c5cccc1c52)c43
8.324701270003004,76.47058823529412,c1cc2c3c(cccc3c1)[C@H]1[C@@H]3CC[C@@H](C3)[C@@H]21
8.316737193229013,63.6,CC(C)=C1C2CCC1c1c(C)cccc12
6.867170380324855,21.0,c1cccc2c(cc1)c1ccccccc21
7.537053648935929,26.94736842105263,C1=Cc2ccccc2-c2cc3cccccc-3c2C1
7.749161579838069,71.0,C1=C2CC=C2CCC1
8.079407581469301,53.1764705882353,Cc1cccc2c1C1CCC2c2ccccc21
7.905280551698645,43.77777777777778,Cc1c(C)c(C)c2c(c1C)C=C(C1C=CC=C1)C2
7.560141032491538,33.88235294117647,Cc1ccc2c(c1C)Cc1c(C)ccc(C)c1-2
7.673400534937868,33.88235294117647,Cc1cc(C)c2c(c1)-c1c(ccc(C)c1C)C2
7.587930588549783,32.5,Cc1ccc2c(c1)Cc1c(C)ccc(C)c1-2
6.781419920378016,72.8,CC1=C(C)C2CCC2=C1C
7.736087501020975,33.111111111111114,CC(C)(C)C#Cc1ccccc1C#CC(C)(C)C
7.842467994923033,39.0,Cc1cc(C(C)C)cc(C)c1C
7.610428971871467,21.333333333333332,C#CCc1ccccc1-c1ccccc1
4.395991498356199,45.111111111111114,Cc1cc(C2=CCCCC2)c2ccccc2c1C
6.600440424422545,55.46666666666667,CC1=C2C=C(C(C)(C)C)C=C2C(C)(C)C1
3.9530190136430114,37.333333333333336,Cc1ccc2c(c1)C(C)c1ccccc1-2
7.957640433082358,40.25,C#Cc1ccc2c(c1)C(C)=C(C)CC2(C)C
7.372429665685718,22.526315789473685,[3H]c1cc2c3ccccc3c(C)cc2c2ccccc12
7.9910343599412075,64.0,C[C@@H]1C2c3ccccc3C(c3ccccc32)[C@@H]1C
7.399625494071088,53.25,CC1(C)C=CC[C@]2(C)C1=Cc1ccccc12
7.399625494071088,53.25,CC1(C)C=CCC2(C)C1=Cc1ccccc12
7.235602340142394,18.75,C#Cc1ccc2c(ccc3ccccc32)c1
7.557139374331998,32.5,Cc1ccc2c(c1)-c1cc(C)cc(C)c1C2
7.602521641660566,31.529411764705884,Cc1ccc(-c2cc(C)c(C)cc2C)c(C)c1
8.07326533225672,79.05882352941177,CC1=C(C)C2(C)C(C)(C)C(C)(C1(C)C)C2(C)C
7.617616931737688,31.2,C1=CCC=c2ccc3ccccc3c2=C1
6.160038163770548,58.25,CC1(C)CCCC2=C1CCc1ccccc12
7.593971051491676,33.63636363636363,C=C1C=C(c2ccccc2)C1
7.7307044107760525,52.0,C1=CC2=C(C=CC1)CC=C2
3.9530190136430114,37.333333333333336,Cc1ccc2c(c1)[C@@H](C)c1ccccc1-2
7.076316099919821,21.0,c1ccc(-c2cccc3cccc-3c2)cc1
7.773874311166673,38.44444444444444,CCC1=Cc2c(C)c3c(c(C)c2=C1)C=C(CC)C=3
3.9530190136430114,37.333333333333336,Cc1ccc2c(c1)[C@H](C)c1ccccc1-2
7.773819689300695,29.11111111111111,C1=Cc2ccccc2/C1=C\C=C/c1ccccc1
7.705885110579016,50.333333333333336,C=C1CC=C1C
7.591590576508774,31.571428571428573,[c]1cccc2c1Cc1ccccc1C2
7.448138161243199,31.142857142857142,Cc1cc(C)c2cc(C)c(C)cc2c1
7.565851098698213,26.625,C1=CC(=Cc2cccc3ccccc23)C=C1
6.218891683487169,50.0,[CH]CC(C)(C)C
7.576677127011322,32.5,Cc1ccc2c(c1)Cc1ccc(C)c(C)c1-2
7.475666057592935,29.11111111111111,CC1=CCc2ccc3c(ccc4ccccc43)c21
7.538475378483099,28.666666666666668,CCc1ccc2ccc3ccc(CC)cc3c2c1
7.657507715253992,37.857142857142854,[C]#CC1C=CC=C1
8.90599065098812,100.8,CC1=C2C[C@H]3CC[C@@H](C)[C@]2(CC1)C3(C)C
6.234962900065337,50.4,CC(C)/C=C\C=C/C(C)C
7.697285333852976,52.0,C1=CCC2=CCC=CC2=C1
7.587064990332722,27.058823529411764,CCc1ccc2ccc3ccc(C)cc3c2c1
6.335851905011213,34.8421052631579,C=c1ccc2c(c1)C=C[C@H]1C=2C=Cc2ccccc21
7.777451513864522,52.36363636363637,CC1=CC=CC2=CCCC2=C1
7.450138484484761,21.857142857142858,[C]#CC#C/C=C/C
7.442564064471809,28.0,CC#Cc1ccc(C)cc1C
6.584949427439144,46.22222222222222,C1=C2c3ccccc3CCC2c2ccccc2C1
7.3743600755503955,24.4,C=C1c2ccccc2-c2cc(C)ccc21
7.281765964437993,14.666666666666666,c1c2ccc2c#cc2ccc2c#cc2ccc2c#1
7.797944488995962,39.42857142857143,CC(C)(C)C#C/C=C\C#CC(C)(C)C
6.88065506636983,42.6,CC1=C2C=C(C(C)C)C=Cc3cc(C(C)C)cc(c32)C1
4.619869704225195,37.333333333333336,[3H]C1(C)c2ccccc2-c2ccc(C)cc21
8.19880427268831,89.0,CC1=CC2C=CC1C2
6.664787368465794,37.64705882352941,CC1=Cc2ccc(C)cc2C1c1ccccc1
7.561528090862262,21.714285714285715,C#CC(C#Cc1ccccc1)=C(C)C
7.242688395283466,19.0,C#Cc1cc2c3ccccc3ccc2c2ccccc12
6.983790591329916,73.45454545454545,CC(C)C1C(C)(C)CC1(C)C
7.876723617487835,58.0,C=C1CC=C(C)C1
8.737045168348864,132.0,C1CC23CC4CC(C2)CC2(CCCC32C1)C4
7.042299890716077,24.63157894736842,c1ccc2c(c1)-c1cccc3c1C2c1ccccc1-3
8.69267407402607,107.78947368421052,C[C@@H]1CC[C@H]2[C@@H]3C=CC4=CCC=C[C@@H]4[C@H]3CC[C@]12C
7.909430934561007,58.0,C=C1C=C(C)CC1
7.527506563844711,30.0,C=C1CC=Cc2c1ccc1ccccc21
6.602098366006963,42.125,C=C1c2ccccc2C=C2C=CC=CC12C
7.7801257585686034,26.526315789473685,CCc1ccc(-c2ccc(C)c3ccccc23)cc1
7.436904727335046,24.2,Cc1ccc2ccc3cc4ccccc4cc3c2c1C
7.355140033730026,34.0,C=C1C=CCC2=C1c1ccccc12
7.914204229163623,41.0,Cc1ccc2c(c1)C1(C)Cc3cccc-2c31
7.7051223599343555,49.6,CC1(C)c2ccccc2[C@@]2(C)C=Cc3ccccc3[C@@H]12
7.366583104308511,36.0,Cc1ccc2cccc3c2c1CC3
7.139438280598538,23.666666666666668,C1=Cc2c1cc1cccccc2-1
5.569876455828975,42.93333333333333,CC(C)(C)C1=CC(C)(C)c2ccccc21
7.100317030497115,32.57142857142857,c1ccc2c(c1)Cc1ccccc1C2
7.730813603425728,80.0,CC1=C(C)C2(C)CC=CC12C
4.253497659209921,41.0,Cc1cccc2c1ccc1c3c(ccc12)C1CCC=C31
8.78402815049356,113.6,CC1=C[C@@]2(C)CC[C@H]3[C@H](C)CC[C@@]32[C@@H]1C
7.502450861075804,34.13333333333333,Cc1ccc2c(c1)Cc1ccccc1C2
4.8443600092050945,35.0,Cc1ccc2c(c1)-c1c(C)cccc1/C2=C/C(C)(C)C
7.751877849655141,34.0,CC1=CC=Cc2ccccc2C=C1C
5.10752889897451,32.888888888888886,Cc1cc(C)cc(Cc2ccc(C(C)C)cc2)c1
7.79234126552848,27.666666666666668,C/C=C/C#CCc1ccccc1
7.81125597057896,28.0,C/C=C(/c1ccccc1)c1ccc(C)cc1
7.644736460617507,39.666666666666664,CC1=C(C)c2cccc(C)c2C1
7.482653803841659,24.2,Cc1ccc2cc3cc(C)c4ccccc4c3cc2c1
5.575409340580595,51.2,CC1=CC=CC=CC1(C)C
7.697285333852975,52.0,C1=CCC=C2C=CCC2=C1
7.68958039624209,35.5,Cc1ccc2c(c1C)CCc1ccccc1-2
7.778668097314485,38.46153846153846,CC1=Cc2ccc(C)cc2C=CC1
7.6777929940637915,39.714285714285715,C=C1C=CC=C1C
7.643734597444745,40.0,C=C1[CH]C=C1
7.606087787940582,30.526315789473685,CC1=Cc2c(cc(C)c3cc4ccccc4cc23)C1
7.379728029906756,29.77777777777778,c1ccc2c(c1)CCc1cc3ccccc3cc1-2
7.724652653525224,38.5,Cc1cccc2c1CCc1ccccc1C2
7.177756192939251,4.25,[C]#CC#C
7.999320652862577,47.25,CC1=CC2=C(CC1)c1ccccc1C2(C)C
6.65607933191395,20.285714285714285,c1cc2cc3c(ccc4ccc43)cc12
6.450759454833198,36.5,CC1C=c2ccccc2=Cc2ccccc21
7.44585981891597,27.0,CC#C/C=C\C#CC
7.999711556082902,40.8,CC1=C(C)C(C)(C)C=C1c1ccccc1
7.70857163649125,60.44444444444444,C1=CC(=C2CCC2)C=C1
7.2671237403048075,24.2,Cc1cc2c3cccc(C)c3ccc2c2ccccc12
9.108882620232604,107.6,CC1C(C)(C)C2(C)C13CC1(C)C(C3(C)C)C(C)(C)C12C
5.802317642215886,34.8,Cc1ccc2c(c1)C(C)c1c-2ccc2cc(C)ccc12
6.401225888592963,51.0,C#C/C=C(\C)C#CC1=C(C)CCCC1(C)C
7.775324698902274,53.09090909090909,C1=CC2=CC3C=CC(=C23)C=C1
7.1394064945037385,33.0,c1ccc2c(c1)CC1=C2c2ccccc2C1
7.40533743236225,24.2,Cc1ccc(C)c2c1ccc1cc3ccccc3cc12
6.9769258615674,70.66666666666667,C=C1C(=C)C2CCC1C(=C)C2=C
7.902005218468361,51.75,CC1=CC(=C(C)C)C1
7.740180652457898,31.4,Cc1cccc2c(C(C)(C)C)c3cccc(C)c3cc12
7.042032102856138,25.5,C1=Cc2ccccc2C=Cc2ccccc21
7.87441709135424,60.63157894736842,c1ccc2c(c1)-c1ccccc1C21C[C@@H]2CC[C@H]2C1
7.7524191176224235,29.647058823529413,C/C(=C(/C)c1ccc(C)cc1)c1ccccc1
7.444737605014224,30.5,Cc1ccccc1C
6.489438202015013,47.733333333333334,CC1=C2C=CC=C2C(c2ccccc2)C1
7.541066172171986,31.142857142857142,Cc1ccc2c(C)c(C)cc-2c(C)c1
7.269148933022276,47.42857142857143,C1=CC2=C3C(=CC=C3C3=C2CC=C3)C1
7.509969411927083,32.375,C=C1c2ccccc2CCc2ccccc21
7.1475026000425865,45.89473684210526,Cc1ccc2c(c1)C1(CCCC1)c1c(C)cccc1-2
7.672252871511424,55.111111111111114,CC1=CC2=C(C=CC2)C1
5.890458503550651,59.0,C1=Cc2cccc3c2[C@@H](C1)CC3
7.901401252583269,96.0,CC1=C(C)C2(C)CCC1CC2
7.177520401598198,24.2,Cc1ccc2c3ccccc3c3ccc(C)cc3c2c1
7.9364856130040655,39.4,CC(C)(C)c1cc2c3c4c(cccc14)CC=C3CC=C2
7.585693208632007,28.4,Cc1ccc(C)c2c1C#Cc1c(C)ccc(C)c1C=C2
7.828409210280008,54.57142857142857,C#CC=C1CCC1
7.417208869312738,26.933333333333334,C#Cc1ccc(C#CC2C=CC=C2)cc1
7.592799453465355,33.111111111111114,CC1=c2c(ccc3c4c(ccc23)CC=CC=4)C=C1
7.604650932569099,23.5,[CH]=Cc1ccccc1
7.075076705662851,21.2,c1ccc2cccc-2cc1
7.4681557747691745,40.333333333333336,C1=Cc2c3c(ccc2=C1)=CCC3
6.061309299662645,40.0,[CH]=C/C=C/C
6.660899407042496,37.64705882352941,Cc1cccc2c1C(C)C(c1ccccc1)=C2
7.301144055355299,46.73684210526316,CC1=C(C)C2(C)c3ccccc3C1c1ccccc12
7.268846814315909,49.55555555555556,c1cc2c3c(ccc4c3c1CC4)C1=C2CCCC1
7.491230838437037,24.2,Cc1ccc2c(c1)cc(C)c1c3ccccc3ccc21
7.757692643989538,49.2,C=C1C=CC1
6.543158562362485,43.75,Cc1ccc2c3c(ccc2c1)C=CCC3C
6.492075421632808,58.666666666666664,CC1=CC(C)(C)C(C)(C)C(C)=C1
7.5275350332615485,25.5,C1=Cc2ccccc2C=c2ccccc2=C1
7.3107054419955615,90.5,C=C1C2CCC1C2=C
7.346604453327689,22.526315789473685,Cc1cccc2ccc3cc4ccccc4cc3c12
7.712160216635482,34.94736842105263,CC1=C(c2cccc3c2Cc2ccccc2-3)CC=C1
7.7898416716649885,53.333333333333336,CC1=CCC=C1
7.601310671792897,140.0,C1C2CC1(C13CC(C1)C3)C2
7.910240031486403,27.666666666666668,Cc1ccccc(C)cccc1
7.668979823476716,23.2,C=CC#CC
7.396396456616943,21.77777777777778,C#Cc1ccc(C)cc1
4.161483063815387,51.142857142857146,Cc1ccc2c(c1)C(C)(C)CC2(C)C
5.941275143653849,41.111111111111114,C1=CC2C(=CC1)C=Cc1cc3ccccc3cc12
6.0814453819916805,36.57142857142857,C=C(c1cc(C)ccc1C)C(C)(C)C
7.8195908164895105,28.266666666666666,CC(C)=Cc1ccc2ccccc2c1C
7.8538615500882445,34.75,CC(C)C1=Cc2ccc3ccccc3c2C1
7.404562467350395,40.888888888888886,CC1=CC2=CC=CC2=C1
7.53123926701082,19.0,[C]=Cc1ccccc1
8.141968854605006,89.33333333333333,C[C@@H]1C[C@@H](C)[C@H]2Cc3ccccc3C[C@@H]21
7.76497789624209,25.75,C=Cc1cccc(-c2c(C)cccc2C)c1
6.728224895048977,51.2,C/C=C/CC
7.529242273102803,37.55555555555556,Cc1cc2c3c(cccc3c1C)C1=C2CCC=C1
7.9966690500882445,45.0,Cc1c#cc2c(c1)C(C)(C)C1=C2C=CCC1
6.963247318743473,51.2,[2H]C=CC(C)C
5.127932041956948,47.27272727272727,CC(C)(C)C#CCC(C)(C)C
9.018785447280019,128.44444444444446,CC#CC12CC3CC4C1CC1CC2C(C3)C4(C)C1
6.516409604077282,46.2,C[CH]/C=C/C
7.131455239041825,82.66666666666667,CC1=CCC1C
7.66713399967907,32.5,Cc1ccc2c(c1)-c1ccccc1C2(C)C
7.813045195470496,80.0,CC1(C)CC(C)(C)C1
8.173316388260464,125.33333333333333,C[C@H]1[C@H](C)[C@@H](C)C[C@@H]1C
7.968443503832824,69.42857142857143,CC(C)=C1CCC1
7.521801987771063,17.714285714285715,C#CC(=C)C#CC
7.500138827409286,28.266666666666666,Cc1ccc(-c2c(C)cccc2C)cc1
7.86710067450064,40.92307692307692,CC1=CC(C)(C)c2cc(C)ccc21
7.590776147614083,27.764705882352942,C#Cc1ccc2c(c1)C(C)(C)c1ccccc1-2
6.630677546174944,46.2,[CH2]C/C=C/C
6.728224895048977,51.2,CC/C=[13CH]/C
7.832323555394353,46.57142857142857,C=C1C=CC=CC1
6.937600135906282,11.571428571428571,[C]#CC#CCC#C
7.720413457776363,34.94736842105263,Cc1ccc2c(c1)C1=C(c3ccccc3)CCC1=C2
7.777451513864522,52.36363636363637,CC1=CC2=CC=CCCC2=C1
7.530037601518553,21.77777777777778,C#[13C]Cc1ccccc1
7.884804209555444,26.8,C=Cc1ccc(/C(C)=C(\C)c2ccc(C=C)cc2)cc1
7.510242547211623,38.857142857142854,C#CC1=CC=CC1
7.78269633625858,89.0,C=C1C(=C)C2C3C=CC=CC2C13
7.674286897025741,31.4,Cc1c(C)c(C)c2c(C)c3c(C)cccc3cc2c1C
7.6393711418234425,17.333333333333332,C#C/C=C/C#C
6.973145059320547,21.2,c1ccc2ccccc2c1
8.422628602245618,109.0,CC(C)C12CC3CC(C1)CC(C(C)C)(C3)C2
7.151063752152001,116.57142857142857,CC12CC(C)(C1)C2
7.5125478701398265,28.0,C#Cc1c(C)ccc(C)c1C
7.948099331439957,32.888888888888886,CCc1ccc(-c2c(CC)cccc2CC)cc1
7.144711679075344,48.421052631578945,Cc1ccc2c(c1)-c1ccccc1C21CCCCC1
7.414260475876883,27.058823529411764,Cc1ccc2c(c1)cc(C)c1ccc(C)cc12
8.32290068734434,100.8,C[C@@H]1CCC2=C3[C@H]1CC[C@@]3(C)CC2(C)C
4.6231635614597195,32.888888888888886,Cc1ccc(-c2ccccc2C(C)(C)C)c(C)c1
6.295034143817401,41.88235294117647,Cc1ccc2c(c1)C1(CCC1)c1ccccc1-2
5.069990514103431,53.77777777777778,C[C@H]1Cc2ccccc21
6.773615520539925,20.4,c1cc2cccc3c2c(c1)c1cccc2cccc2c13
8.134234083582346,48.75,C1#CCc2cccc(c2)CC#CCCCC1
8.441696562285767,107.2,CC1=C[C@@]2(C)CCC[C@]3(C)CC[C@]1(C)[C@H]32
7.29603639081651,33.0,C1=Cc2cc3ccccc4cc(c2c34)CC1
7.524540556522415,92.75,C=C1C[C@H]2C=CC[C@@H]12
7.736686714650872,31.142857142857142,CCc1cc(C)c2ccc(C)cc2c1
7.1835529323937415,17.0,C#Cc1ccccc1C#Cc1ccccc1
7.323759062263415,30.933333333333334,Cc1ccc2c(c1)-c1cc(C)ccc1C2
7.44585981891597,27.0,CC#C/C=C/C#CC
7.750679838876556,22.0,[2H]c1cccc([2H])c1[2H]
7.083878589393599,22.0,c1cc[12cH]cc1
7.751562973659867,19.666666666666668,[c]1ccccc1
7.644380483627407,22.0,[3H]c1ccccc1[3H]
7.920000727622259,17.333333333333332,[2H]c1[c]cc[c]c1[2H]
2.737054207066775,22.0,c1cc[14cH]cc1
7.083878589393599,22.0,c1cc[13cH]cc1
7.795151197225172,28.75,Cc1[c]cc(C)cc1
7.604065099012022,22.0,[2H]c1ccccc1
7.76532663747356,22.0,[2H]c1cc([2H])c([2H])c([2H])c1[2H]
7.97481012561622,22.0,[14cH]1[14cH][14cH][14cH][14cH][14cH]1
7.604065099012022,22.0,[3H]c1ccccc1
7.325770897085906,22.0,[2H][13c]1[13c]([2H])[13c]([2H])[13c]([2H])[13c]([2H])[13c]1[2H]
7.611753972787374,22.0,[2H]c1cc([2H])cc([2H])c1
8.619522280061018,122.66666666666667,CC12CC3CC(C)(C1)C(C)(C3)C2
6.400969519219127,42.4,[CH]C/C=C/C
7.263904864488141,22.22222222222222,C#CC#CC#CC(C)C
6.849772817218926,52.22222222222222,C1=CCC2C3=C(C=CCC3)c3cccc(c32)C=C1
7.343959162336612,30.5,[13CH3]c1ccc([13CH3])cc1
7.816699587824995,34.61538461538461,C1=CC(=Cc2ccccc2)C=CC1
6.936615871720987,20.857142857142858,[13cH]1[13cH][13cH][13c]2[13c]([13cH]1)[13cH][13cH][13c]1[13cH][13cH][13cH][13cH][13c]12
6.4803511860249765,46.0,C=CC(C)(C)C
8.19880427268831,89.0,CC1=C[C@H]2C=C[C@@H]1C2
6.936615871720987,20.857142857142858,c1ccc2c(c1)ccc1ccccc12
7.74194240601638,27.375,C[CH]c1ccccc1
7.710903870698606,55.333333333333336,C=C1CCC1=C
6.49003788788555,46.2,[CH2]/C(C)=C/C
4.686838524775686,44.0,C[13CH]=C(C)C
6.936615871720987,20.857142857142858,c1ccc2c(c1)cc[13c]1[13cH][13cH][13cH][13cH][13c]21
7.760432133243349,38.666666666666664,C1=C2C(=C3c4ccccc4C3C1)c1ccccc12
6.298893743373278,38.125,c1ccc2c(c1)[C]1CCC2c2ccccc21
7.898905488117263,42.0,CC1=C(C)C(C)(C)c2ccc(C)cc21
8.80622013084719,125.6470588235294,CC(C)C1CC(C)C1C(C)C1CC2C(C)CC21
5.039804735060255,53.0,c1ccc2c(c1)C1CCC2c2ccccc21
8.312616432285157,69.75,CC1(C)[C@H]2CC3=C(c4ccccc4C3)[C@@H]1C2
5.207704016247481,46.8235294117647,Cc1ccc2c3c(ccc2c1C)C1CCC=C31
7.834027878694072,33.333333333333336,CC1=Cc2c(cc(C)cc2-c2ccccc2C)C1
7.4773254062419845,30.933333333333334,Cc1ccc2c(c1)Cc1cccc(C)c1-2
6.936615871720987,20.857142857142858,c1ccc2c(c1)[13cH][13cH]c1ccccc12
7.741227661214559,30.0,Cc1ccc2c(c1)C(C)(C)c1ccc3ccccc3c1-2
7.8933453955800985,30.0,[CH]=C(C)Cc1ccccc1
7.249066519758072,23.857142857142858,CC#CC#C[CH]C
7.742215584871333,41.68421052631579,Cc1ccc2c(c1)CCC1=C2c2ccccc2CC1
9.004170014377442,109.2,C=C1[C@@H]2CC[C@@H](C)[C@]23CC[C@@H](C3)C1(C)C
4.686838524775686,44.0,CC=[13C](C)C
7.835942115801457,30.0,Cc1cc(C(C)(C)C)cc(C)c1C#Cc1ccccc1
7.515155086324768,32.0,C=C1Cc2ccccc2C1=C
6.961449274937274,20.666666666666668,c1cc2ccc1=2
9.004170014377442,109.2,C=C1[C@H]2CC[C@H](C)[C@@]23CC[C@H](C3)C1(C)C
4.686838524775686,44.0,CC=C(C)C
7.362233168117102,19.857142857142858,[c]1cc2ccccc2c2ccccc12
7.080898445180681,64.88888888888889,CC1=C[C@H](C)C(C)=C1C
4.742875451813848,33.89473684210526,C=C1C=C2c3ccccc3C(=C)C2c2ccccc21
6.892236715393444,20.857142857142858,C=c1c(=C)c2cc3c(=C)c(=C)c3cc12
7.370642152899812,28.6,c1ccc2c3c4c(ccc5cccc(c54)CC3)c-2cc1
7.657583095232892,30.333333333333332,C#CCc1cc(C)c(C)c(C)c1
7.5557386788712995,20.857142857142858,c1ccc2c(c1)c[14cH]c1ccccc12
7.162569819938895,17.714285714285715,C=CC#CC#CC
7.170088650536563,44.0,C[14CH]=C(C)C
7.94848986305993,53.89473684210526,CC1=C(C)C23c4ccccc4C2c2ccccc2C13
6.771222994923034,17.2,C#Cc1ccc2ccc3ccc(C#C)c4ccc1c2c34
8.99110815757927,107.2,CC1=C[C@@]23CC[C@@H]1C(C)(C)[C@@H]2CC[C@H]3C
7.5551418479109245,22.857142857142858,C#CC#C/C=C/C
7.791982538470364,50.666666666666664,C=C1[CH]C=CC1
7.387231462091444,27.6,Cc1c(C)c2ccc3cccc4cc(C)c(c1C)c2c34
7.157319446023222,22.0,C#CC1=C(C#C)C=C1
7.919222007597231,50.22222222222222,C=C1[CH]C(=C)CC(=C)C1
7.606027224754209,33.38461538461539,C=C1C(C)=C(C)c2ccc(C)cc21
7.4655659950602296,27.058823529411764,Cc1ccc2c(ccc3c(C)cc(C)cc32)c1
6.581418162623039,48.30769230769231,CC1=C(C)C(C)c2cc(C)ccc21
7.40890065954489,21.23076923076923,C#CCc1ccc2cccccc1-2
8.870845807237037,92.26666666666667,CC1=CC[C@@]23C1=C[C@@H](CC[C@H]2C)C3(C)C
7.77455413259025,40.25,C1=CC=C(c2ccccc2)C2=CCCC2=C1
7.669726655119944,23.09090909090909,Cc1[c]c2ccccc2cc1
6.808316922148888,20.4,c1ccc2c(c1)ccc1ccc3ccc4ccc2c1c34
7.742215584871333,41.68421052631579,Cc1ccc2c(c1)C1=C(CCc3ccccc31)CC2
7.7140272897420115,29.789473684210527,C=c1ccc2c(c1C1=CC=CC1)C=c1ccccc1=2
7.823924526363018,30.105263157894736,CC(C)=c1ccc2cc(C)c(C)c3cc(C)c(c1)-c23
7.857482234121291,111.0,C1=C[C@H]2CCC[C@@H]2C1
7.702521723486796,30.923076923076923,CC(=C1C=CC=C1)c1ccccc1
7.791229651516344,42.18181818181818,C#CC1=CCC=C(C)C(C)=C1
7.550765733101743,38.0,CC1=Cc2cc3c(cc2C1)Cc1cc2c(cc1-3)C=CC2
7.999560736768949,40.6,C1=CC2=Cc3ccc4c5c(ccc(c35)C2C=C1)C=CC4
7.124144958161774,8.4,C#CC#CC=C(C#C)C#C
6.046923881246123,35.76470588235294,C1=CC(c2ccccc2)C(c2ccccc2)=C1
5.830710891729432,44.2,C1=CC2=CC3=C4C(=c5ccccc5=C4C2C=C1)C=CC3
7.729269565455778,60.44444444444444,C1=CC2=CCC=C2CC1
8.78402815049356,113.6,CC1=C[C@]2(C)CC[C@H]3[C@H](C)CC[C@@]32[C@H]1C
9.197565717197698,172.5,C1C2C3C4C5C2C2C1C3C13CCC21[C@H]5C[C@H]43
7.495183363643905,34.4,Cc1cccc2cc3c4c(c12)CCc1cccc(c1-4)C3
7.943651684748276,37.411764705882355,C1=CC2C(=C1)C=Cc1c2ccc2ccccc12
6.966222846616135,56.285714285714285,CC1C=c2ccc3c(c2=C1)=CC(C)C=3
9.302532190988273,154.52631578947367,CC12CC3C4CC5C6CC7CC5C(C4C1)C(C7)(C2)C63
7.995816581840557,53.8,[C]1[C][C][C](C2=CCCC2)[C]1
6.892032158209335,66.33333333333333,C=C1C=CC1C
4.939492121946364,42.666666666666664,[CH]=C/C(C)=C/C
7.508975586604223,56.57142857142857,CC1=CC2=CC(C(C)C)=CC2C(C)=C1
3.0506233165151437,38.5,[CH]=C/C(C)=C/[CH2]
7.210233364153588,24.444444444444443,CCc1cc2ccc3cccc4ccc(c1)c2c34
7.800494389865296,122.5,[CH2]C12CC(C1)C2
7.706123011397437,26.42105263157895,C=Cc1ccc2c(c1)C(=C)c1cc(C=C)ccc1C2
7.830984204334531,54.22222222222222,CC1=CC(C)(C)C=C1C
7.881550927369619,51.2,C(#CC1C=CC=C1)C1=C(C#CC2C=CC=C2)CCCC1
7.044003171175833,24.0,C1=Cc2ccc3ccc4cccc5cc(c2c3c45)C=C1
8.11572239707713,56.0,c1ccc2c(c1)CC1CCC2c2ccccc21
6.438597391174513,45.22222222222222,CC(C)=C1C2c3ccccc3C1c1ccccc12
7.0006505567739135,40.8,Cc1ccc(C)c2c1=CCC1C=2C=Cc2ccccc21
6.959647864418988,50.0,C1=CC2=C(CC1)C1c3ccccc3C2c2ccccc21
7.3820759611089715,21.2,[2H]c1ccccc2cccc1-2
8.560776525265725,87.25,c1ccc2c(c1)C1CC2C2=C1C1CCC2C1
7.612245775456001,28.266666666666666,Cc1ccc(-c2ccccc2)c(C)c1C
6.748901590929307,37.64705882352941,Cc1ccc2c(c1-c1ccccc1)=CC(C)C=2
7.61130417470085,31.157894736842106,Cc1ccc2ccc3c(c2c1)Cc1ccccc1C3
4.8468071554388334,37.142857142857146,C=C(C)C(C(=C)C)=C(C)C(C)=C(C)C
6.963807224480734,14.75,C#Cc1c2cccccc-2c(C#C)c1C#C
7.9921198749507045,73.23076923076923,C1=CC2=C(CC1)C1=C(CCCC1)C2
7.958729005581348,50.2,C1=C2CC=c3ccc4c5c3=C2C2C(=C1)CC=C(CC=4)C=52
7.371080231021337,24.2,Cc1cc2c3ccccc3cc(C)c2c2ccccc12
7.266671354492282,21.2,c1cccc2ccc=2cc1
7.969217113774188,33.333333333333336,CCC#C/C=C/c1c(C)cc(C)cc1C
7.51189522332103,63.0,CC1(C)C=CC=C2C(=C1)CC1=CC=CCC12
7.464196013934604,34.4,C1=CC(=C2c3ccccc3-c3ccccc32)C=CCC1
5.324737443781045,45.88235294117647,CC1(C)C=CC2=C(C=C1)c1ccccc1CC2
6.581418162623039,48.30769230769231,CC1=C(C)C(C)c2ccc(C)cc21
7.892209114401039,42.75,Cc1c2c(cc3ccccc13)CC(C)(C)C2
7.412308718386415,36.8,c1cc2ccc3cc4c(c5ccc(c1)c2c35)CCCC4
4.580603942532108,43.0,C#CC1C=CCc2ccccc21
5.114117274292849,36.8,C#CC(C)C
7.225908020447594,21.666666666666668,[C]1=Cc2cccc3cccc1c23
7.521451631342412,61.05263157894737,c1ccc(C2(c3ccccc3)C3CCC2CC3)cc1
7.974554381091714,40.94117647058823,CC=C1Cc2ccc3ccccc3c2C1(C)C
7.445936921521225,36.0,C1=CC=C2CC=C3C2=C(C=C1)c1ccccc13
6.869844463546744,20.4,c1ccc2c(c1)=c1c=2c2ccccc2c2ccccc12
7.9709522247620335,11.714285714285714,c1c#cccc#cccc#cccc#1
7.081518147412534,29.333333333333332,CC1(C)C#C/C=C\C#CC#C/C=C\C#C1
7.055365566201854,86.0,C=C1C2C(=C)C3C(=C)C2C(=C)C13
6.068325815485813,47.666666666666664,CC1=CC(C)c2ccc(C)cc21
7.570755946860849,45.55555555555556,CC1=C(C)c2c(C)c3c(c(C)c2C1)C(C)=C(C)C3
6.472985203653628,44.30769230769231,C1=CC/C2=C/C=C\C=C/C=C\C2=C1
5.718416001161107,70.2,C=C1C(C)(C)CCC1(C)C
7.12521904682753,28.266666666666666,[2H]c1ccc2c3c1-c1ccccc1C3=CC2
7.700712615169822,37.2,Cc1cc2c(c(C)c1C)-c1c(C)c(C)c(C)c(C)c1C2
9.004170014377442,109.2,C=C1[C@@H]2CC[C@H](C)[C@@]23CC[C@H](C3)C1(C)C
8.160247629641697,126.66666666666667,CC12CC3CC(C1)CC(C)(C3)C2
6.190466141168008,52.0,CC1=[C]C(C)(C)C(C)=C1C
7.814202589165356,21.6,[CH]/C=C/C#C
5.890464507530359,42.857142857142854,C[C]1[C][C][C](C)[C]1
9.300068758928226,144.4,C#CC12CC3C4CC5C6CC7CC5C(C4C1)C(C7)(C2)C63
7.318153014103111,24.2,Cc1ccc2cc3ccc4ccc(C)cc4c3cc2c1
7.79480318614293,72.0,CC1=C(C)CCC1
7.4121139746140585,21.333333333333332,C=c1ccc2cc(=C)cc-2cc1
7.612582328298524,30.5,[2H]Cc1ccc(C)cc1
7.899136268762046,40.44444444444444,Cc1ccc2c(c1)CCc1c(ccc(C)c1C)C2
7.505446988605346,27.6,CC(C)(C)c1cc2cccc3ccc4cccc1c4c32
7.077411693169447,45.89473684210526,Cc1ccc2c(c1)C1(CCCC1)c1cccc(C)c1-2
6.529349499420622,43.75,Cc1ccc2ccc3c(c2c1)C=CC(C)C3
6.031204595726487,43.333333333333336,CC1=C(C)C(C)(C)C(c2ccc(C)cc2C)=C1C
7.712227419374633,24.666666666666668,C#Cc1ccccc1C=C(C)C
7.083973792227514,21.0,c1ccc(-c2ccccc3cccc2-3)cc1
8.653500290715893,114.83333333333333,CC12C[C]3CC(C1)CC(C)(C3)C2
7.4959652306588715,25.473684210526315,C1#Cc2c(c3ccccc3c3ccccc23)C=CC1
7.421161044260215,23.09090909090909,Cc1c[c]cc2ccccc12
7.12521904682753,28.266666666666666,[2H]C1=C2c3ccccc3-c3cccc(c32)C1
7.826821831680628,35.529411764705884,Cc1cc(C(C)(C)C)cc(C)c2c(C)ccc1-2
8.537583458171762,95.25,c1cc2c(c3c1C1CCC3C1)C1CCC2C1
7.168493841483701,19.272727272727273,C=CC#CC#CC#C/C=C/C
7.589293322105968,42.10526315789474,C1=CC=CC2=C(C=C1)C1=CCC3=CC=CC=CC2=C31
7.780181360532767,35.473684210526315,C=C1C=Cc2cc3c(C)c(C)c(C)c(C)c3cc2C1
6.609881442381299,15.2,C#CC#CC#CC#CCC
7.746435896311015,48.142857142857146,C=C1CCCC2=C1c1ccccc1C2
6.343383523093491,41.77777777777778,CCC#C/C=C/C(C)C
7.08543833031492,14.6,[C]#CC#CC
7.088213137407504,47.2,CC1=C(C)C2(C)c3ccccc3-c3ccccc3C12C
7.590453949237592,47.2,CC1=CC=C2C=CCC=C12
7.4026020714439955,30.4,C1=Cc2c(ccc3c2-c2cccc4cccc-3c24)CC1
7.330963241031201,34.0,C=C1CC=CC2=C1c1ccccc12
6.498664411293356,53.06666666666667,Cc1cc(C)c2c(c1)C1=CC=CC1CC2
7.546940008413983,19.8,[c]1ccc2cccccc1-2
7.816693006044963,32.30769230769231,CC#Cc1ccccc1C(C)(C)C
7.584334196275462,54.22222222222222,CC1=C(C)C(C)=C(C)C1
7.30173938811668,26.571428571428573,CC#CC#Cc1cc(C)c(C)cc1C
6.696118652276803,20.4,c1ccc2c3ccc4ccccc(c5ccc(c1)c25)c43
5.785105604563785,44.53333333333333,Cc1cccc2c1C=C1C2=CC=CC1C
7.454982537515196,32.2,C1=Cc2c3c4c(cccc4c4cccc(c24)C1)C=CC3
7.667557852774049,30.5,[2H]C([2H])([2H])c1ccc(C)cc1
7.373087690751995,27.529411764705884,C1=Cc2cccc3c4cccccc-4c(c23)C1
7.5483159283932055,30.0,C=C1C=Cc2c(ccc3ccccc23)C1
7.385105089962749,29.5,C1=c2ccc3cccc4c5ccccc5c(c2c34)CC1
7.106109722437411,20.666666666666668,c1ccc2c3cc4ccccc4c-3cccc2c1
7.637876098415714,109.33333333333333,[C]1=CC2CC1C2
7.73514770134819,34.0,CC#CCc1c(C)c(C)cc(C)c1C
7.975892120056278,39.714285714285715,CC1=CC(Cc2ccccc2)=C(C)C1
7.05304545784483,39.578947368421055,Cc1ccc(C2=Cc3ccc(C)c(C)c3C2C)cc1
7.234463700196416,18.545454545454547,C#Cc1ccc(C)c(C#C)c1
6.622047931661713,44.0,CC(C)c1cc(C(C)(C)C)cc(C(C)(C)C)c1
7.697979177794119,40.0,C1#CCC=C1
5.567004517411952,41.2,C=C1c2ccccc2C=C2C=CC=CC12
7.346978006329923,29.23076923076923,Cc1ccc2c(C)cc(C)c-2cc1
7.5358171450294975,23.058823529411764,Cc1cc(-c2ccccc2)c2ccccc2c1
9.37873161849161,154.66666666666666,CC12CC3CC4C5C6CC7CC(C)(C46)C71C5C3C2
7.916316736930181,41.1764705882353,CC1=C(C#Cc2ccccc2)C(C)(C)C1(C)C
7.659707423120823,27.333333333333332,C=C1C=CC1=c1ccc(=C)cc1
6.9089281759351,22.666666666666668,CC#CC#CC
6.581752590939139,12.571428571428571,C#CC#CC#CC
6.908066774681686,14.4,C#Cc1ccccc1C#CC#Cc1ccccc1C#C
8.167580030177541,85.77777777777777,C#CC12CC3(C#C)CC(C#C)(C1)CC(CC)(C2)C3
7.9396441067733905,27.529411764705884,C=c1c(C)cc(=Cc2ccc(C)cc2)cc1C
7.070812104253658,21.6,CC#Cc1cccc(C#CC)c1C#CC
7.752791898769329,32.30769230769231,CC#CCc1c(C)ccc(C)c1C
7.352826497326354,23.8,C#CC(C#C)=C1C=CC=C1
6.731640632696227,30.25,c1cc2c3c(c4cccc5c4c(c3c1)C5)C2
7.391332220816075,27.6,C=C1c2ccccc2Cc2ccccc21
7.336120885321008,21.3,C1=c2ccccc2=c2c1cc1cccc3cccc2c31
7.145419463229161,29.41176470588235,Cc1ccc2ccc3ccc(C)c4c3c2c1C4
7.0925762067681495,44.21052631578947,CC1(C)c2ccccc2C=C2c3ccccc3CC21
8.094322235197634,62.714285714285715,CC(C)=C1C2=CC=CC=C1C1C=CC21
8.036201001304052,40.75,C1#CCc2cccc(c2)CC#CC/C=C\C1
7.672922803990018,37.0,Cc1cccc2c1C=CC=CC2
8.209636582696026,54.31578947368421,C1=C[C@H]2CC[C@@H]1C2(c1ccccc1)c1ccccc1
8.145571371429748,55.22222222222222,CC(C)=C1C2C=CC1c1c(C)c(C)c(C)c(C)c12
7.327168064270335,36.8,c1ccc2c3c4c(c-2cc1)CCc1cccc(c1-4)CC3
7.325737378070244,29.5,C1=c2cccc3c2c(c2cccc4cccc3c42)CC1
7.722259140622787,30.0,Cc1ccc2c(c1)-c1c(ccc3ccccc13)C2(C)C
7.1475026000425865,45.89473684210526,Cc1ccc2c(c1)-c1cccc(C)c1C21CCCC1
7.561222505055516,27.294117647058822,CC1=Cc2ccccc2C=Cc2ccccc21
6.99952530536122,25.714285714285715,Cc1cccc2c1-c1cccc(C)c1-2
6.120062227277995,42.4,C1=CC2=Cc3ccccc3C=CC2C=C1
7.4122547630783995,16.0,C#CCC#C
6.8528732066268825,45.64705882352941,CC12C=CC(c3ccccc31)c1ccccc12
7.475838256929899,36.4,Cc1ccc2c(c1)C=CC2
7.559862127631204,22.857142857142858,C#C/C=C\C#CC
7.38261155227141,21.0,[C]#Cc1ccc(C)cc1
8.145571371429748,55.22222222222222,CC(C)=C1[C@H]2C=C[C@@H]1c1c(C)c(C)c(C)c(C)c12
6.0494324613792685,36.916666666666664,C[C](C)c1cccc(C(C)C)c1
7.623577201741973,24.88888888888889,Cc1cccc(-c2ccc(C)c3ccccc23)c1
7.634342266413064,26.857142857142858,[11CH3]c1ccccc1
5.86538006761686,49.1764705882353,C1=CC=C2CCC3C2=C(C=C1)c1ccccc13
7.665967419234573,29.666666666666668,CC(C)(C)C=C1c2ccccc2-c2ccccc21
7.214921681974564,26.105263157894736,Cc1cc2ccc3c(C)ccc4ccc(c1C)c2c43
6.0186426746009545,51.75,Cc1ccc2c(c1)C(C)(C)C(C)(C)C2(C)C
8.845426727982302,87.76470588235294,C[C@]12CC[C@]3(C)[C@H](C1)c1ccccc1C[C@]23C
7.348488570532082,26.105263157894736,CCc1ccc2ccc3c(C)ccc4ccc1c2c43
7.73124905844635,32.714285714285715,CC(=C1C=CC=C1)c1ccc(C)cc1
7.077921472179479,45.26315789473684,CC(C)(C)Cc1cc(C(C)(C)C)cc(C(C)(C)C)c1
7.788139910329766,52.4,C=C1CC(C)=C(C)CC1=C
7.755921641885799,31.142857142857142,CCc1c(C)ccc2cc(C)ccc12
7.736740194193373,35.625,CC1=C(C)C(C)=C(C)C1=Cc1ccccc1
7.571408681658724,30.22222222222222,C/C=C/C#CC#CCC
7.6736162963301915,29.41176470588235,C/C(=C1/C=Cc2ccccc21)c1ccccc1
7.277903013003087,26.105263157894736,Cc1c(C)c2c3c(cccc3c1C)-c1ccccc1-2
7.984864947716929,30.0,C=C(c1cccc2ccccc12)C(C)(C)C
6.737244102249461,56.25,CC1=C(C)C2C(C)=C(C)C1c1ccccc12
7.334747224340673,28.666666666666668,Cc1c(C)c(C)c2cc3ccccc3cc2c1C
6.093390340490802,47.666666666666664,Cc1cc(C)c2c(c1)C(C)C=C2
6.2724650652593965,54.75,Cc1cc(C)c2c(c1)C(C)(C)CCC2(C)C
7.327653811636677,29.5,C1=c2c3cccc4cccc(c5cccc(c25)CC1)c43
7.553112259527399,24.88888888888889,Cc1ccc(-c2ccc(C)c3ccccc23)cc1
5.861633772585235,30.736842105263158,C1=CC2=CC=C1C2(c1ccccc1)c1ccccc1
7.756823586524078,18.0,[CH]=CC#C
7.623278622753021,30.0,Cc1ccc2c(c1)-c1c(c(C)cc3ccc(C)cc13)C2
3.90603897126757,45.42857142857143,CC(C)(C)C1=C(c2ccccc2)CC1
7.348488570532082,26.105263157894736,CCc1ccc2ccc3ccc(C)c4ccc1c2c34
7.54830117020405,33.333333333333336,CC1=Cc2c(ccc3c(C)cccc23)C1
7.857482234121291,111.0,C1=C[C@@H]2CCC[C@H]2C1
7.199715802492317,35.25,C1=C2C(=CCC1)c1cccc3cccc2c13
7.492364043730367,28.666666666666668,Cc1cc(C)c2c(cc(C)c3ccccc32)c1C
7.316746066598048,29.5,C1=c2ccc3c4cccccc-4c4ccc(c2c43)CC1
8.808204615106648,85.86666666666666,CC1(C)CC=C[C@]23CCC(C=C12)C3(C)C
7.9910343599412075,64.0,C[C@@H]1C2c3ccccc3C(c3ccccc32)[C@H]1C
7.895958472053156,40.30769230769231,Cc1ccc(C(C)(C)C)c(C)c1C
7.641865262452102,28.666666666666668,CCc1ccc2c(C)c(C)c3ccccc3c2c1
7.426941516632704,24.2,Cc1cc2cc3ccccc3c(C)c2c2ccccc12
6.01950718196183,45.111111111111114,C1=CC=C2C=CCC3C2=C(C=C1)c1ccccc13
8.224178355114763,150.0,C1C2CC1C1CCC21
7.9910343599412075,64.0,C[C@H]1C2c3ccccc3C(c3ccccc32)[C@@H]1C
7.623727611643446,109.42857142857143,C=C1CC2CC1C2
7.533917605346188,23.09090909090909,Cc1cc[c]c2ccccc12
7.250117228004463,20.666666666666668,C=Cc1cc2c3c(cccc3c1)-c1ccccc1-2
8.063863528957958,96.0,CC#CC12CC3CC(C1)CC(C#CC)(C3)C2
6.173428740043141,47.0,C1=CC2CCCC3=C2C(=C1)c1ccc2ccccc2c13
2.699654630761759,44.0,Cc1ccc2c(c1)C(C)(C)c1cc(C)c3c(c1-2)CCC3
7.7509358606792915,56.0,C1#CCC1
7.333029372538231,22.22222222222222,C#CCC#CCC#CC
6.978396318051437,18.666666666666668,C#Cc1cc2cccc3ccc4cccc1c4c32
6.347380353910225,47.666666666666664,CC1=Cc2c(C)cccc2C1C
7.74529457439697,36.705882352941174,Cc1ccc2c(c1)CCc1ccc(C)c(C)c1-2
7.337163179815721,23.428571428571427,C1=c2ccccc2=C1c1ccccc1
7.638136723683368,30.5,CC1=Cc2ccccc2Cc2ccccc21
7.623650842891462,88.66666666666667,C=C1C=C(C)C2CC1C2
6.350861933396562,41.46666666666667,Cc1cc(C(C)(C)C)[c]c(C(C)(C)C)c1
7.873602757637839,58.333333333333336,C=C1CC=CC1
7.419783470443157,34.44444444444444,CC1=C(C)c2c(C)c(C)cc3cc(C)c(C)c1c23
7.579873261454786,23.09090909090909,Cc1[c]ccc2ccccc12
5.886124663930826,40.266666666666666,C/C=C/c1c(C)cc(C(C)(C)C)cc1C
6.781421897172612,41.46666666666667,Cc1[c]c(C(C)(C)C)cc(C(C)(C)C)c1
8.583266844946305,100.26666666666667,CC(C)CC1(C)C(C)(C)C2CC(C)C21C
6.061309299662645,40.0,[CH]=C/C=C\C
7.909035212293424,50.2,C1=CC2C=Cc3ccc4c5c3C2=C2C1=CCC(=C25)CC4
6.632834075491516,39.111111111111114,CC#CC(C)C#CCC
6.7887376820275405,21.555555555555557,CC#Cc1cc(C#CC)c(C#CC)cc1C#CC
7.881366736787241,68.88888888888889,c1ccc2c(c1)C1c3ccccc3C2[C@H]2CC[C@H]12
7.749110831074989,31.142857142857142,CCc1cc2ccc(C)ccc-2c1C
7.353237386129311,30.4,C1=Cc2cc3ccc4cccc5ccc(c2CC1)c3c45
7.327531905758886,28.6,c1cc2c3c(c4c(ccc5ccccc54)cc3c1)CC2
7.22473418729633,24.444444444444443,Cc1cc2c3c(cccc3c1C)-c1ccccc1-2
6.037500952292623,39.36842105263158,Cc1c2c(c3ccccc3c1C)C=C1C=CC=CC12
7.931486458634789,51.4,CC1C=CC(=c2ccc(=C3C=CC(C)C=C3)cc2)C=C1
7.950417052030203,82.66666666666667,CC1(C)CCC(C)(C)C1
3.258757564109721,30.0,C=Cc1ccc2cccc(C(C)(C)C)c2c1
7.860894902541231,69.35714285714286,C[C](CC12CC(C1)C2)c1ccccc1
7.91368756108415,15.0,[3H]C#CC=C
7.42741815536008,30.4,C1=C2c3c(cccc3-c3ccc4ccccc4c32)CC1
7.842611263709944,58.8235294117647,C[C@H]1CC2c3ccccc3C1c1ccccc12
7.999856367148291,45.75,CC1(C)CCCc2c1ccc1ccccc21
7.91368756108415,15.0,[2H]C#CC=C
7.762652554751249,28.533333333333335,C#Cc1ccc(C)cc1C#CC(C)(C)C
7.686899852354971,29.5,C1#Cc2ccccc2-c2ccccc2CC1
7.892235615582022,39.0,C1=CC2Cc3ccccc3-c3cccc1c32
7.258255431974721,16.0,C#CC#CC
7.7394757383465365,44.857142857142854,[CH]C1=C(C)C(=C)C1
6.835838563669413,56.705882352941174,C1=Cc2cccc3c2C(C=C1)C1=C3CCCC1
7.793596552271409,42.0,CC1=CC#CCC=C1
4.889309711834546,66.33333333333333,C=C1C[C]CC1
6.915241080675592,38.666666666666664,Cc1ccc(C2=Cc3cccc(C)c3C2C)cc1
7.2694681616518855,20.941176470588236,CC#Cc1cc2ccccc2c2ccccc12
7.124085638764356,22.58823529411765,Cc1cc2c3c(cccc3c1)-c1ccccc1-2
5.5162465405173915,44.0,CC1(C)C=CC(C)(c2ccccc2)C=C1
7.606886445761564,40.857142857142854,Cc1c2c(cc3ccccc13)CCC2
5.782268560609988,38.5,Cc1ccc2c(c1)C(C)c1c(C)cccc1-2
7.774435157951347,33.88235294117647,Cc1ccc2c(c1)C(C)(C)c1cccc(C)c1-2
7.670131108143691,36.21052631578947,Cc1ccc2c(c1C)-c1c(C)c(C)c(C)c(C)c1C2
7.694319727066942,38.0,C=C1CC(=C)c2ccccc2C1
7.825821900975156,43.333333333333336,CC1=CC=CC1=C(C)C
6.999757634412778,69.14285714285714,C=C1CC(C)C1=C
6.097629895235929,35.0,C[C]1[C][C][C][C]1
7.851928830900024,58.588235294117645,c1ccc2c(c1)CCC1=C2CCC2=C1CCC2
6.32019343990129,36.21052631578947,CC1(c2ccccc2)Cc2cccc3cccc1c23
7.414964225533302,17.714285714285715,C#CC#CC(=C)C
7.461984315084993,21.11111111111111,C=Cc1cccc2cc3c(C=C)cccc3cc12
7.442913149525394,27.11111111111111,Cc1cccc2c1-c1ccc3ccccc3c1C2
7.752503274579132,34.2,CC1=CCCc2c1cc(C)c1c2ccc2ccccc21
7.146744490614513,30.666666666666668,C1=CC2=Cc3cccc4ccc(c2c34)C1
7.785000129461443,33.38461538461539,CC(C)=C1C=c2ccccc2=C1C
6.579570600198656,78.4,[2H]C1=C([2H])C([2H])([2H])C([2H])([2H])C1([2H])[2H]
5.928467021350058,73.6,[C]1=CCCC1
5.308210319311955,78.4,[2H]C1=C([2H])CCC1
7.597404354070733,36.22222222222222,Cc1cc2c3c(ccc2c2ccccc12)CCC3
4.385130411046393,36.57142857142857,C=C(c1cc(C)cc(C)c1)C(C)(C)C
7.865309281847377,69.2,[CH]1CC=CC1
7.561517865399124,56.5,CC1=C(C)C(C)=C(C)C2C=C(C(C)C)C=C12
7.607748314708808,22.923076923076923,Cc1c[c]ccc1-c1ccccc1
7.492925487266468,24.2,Cc1cccc2c1ccc1cc3ccccc3c(C)c12
7.767168507309997,43.333333333333336,C=C1C=C(C)C(C)=C1C
7.940644602570604,56.285714285714285,CC1=CC2C(C)=CC1c1ccccc12
6.575583696906806,43.4,CC(C)(C)C1=C(C#Cc2ccccc2)C(C)(C)C1(C)C
7.457168505010428,32.2,C1=Cc2ccc3c4c(c5ccccc5c(c24)C=C1)CC3
7.6129033357268705,28.0,CC#CCc1ccc(C)cc1
5.247518365172308,38.22222222222222,C/C=C/C=C\C#CCC
7.3555276483498915,24.375,C=C1c2ccccc2C=Cc2ccccc21
7.452035396380101,26.105263157894736,CCc1c(C)cc2ccc3cccc4ccc1c2c34
8.71590826851239,107.2,CC1=C[C@@]2(C)CCC[C@@]23[C@@H](C)CC[C@]13C
7.741530771547405,33.333333333333336,CC1=Cc2c(cccc2-c2c(C)cccc2C)C1
7.826620395170116,27.5,[C]#CC=C(C)C
8.71590826851239,107.2,CC1=C[C@]2(C)CCC[C@]23[C@H](C)CC[C@@]13C
7.106611946235814,28.266666666666666,C1=C2c3ccccc3-c3cccc(c32)C1
7.451950222923338,25.25,Cc1ccc2cc3ccccc3c(C)c2c1
7.508119956042199,24.375,[14CH2]=C1c2ccccc2C=Cc2ccccc21
3.141138218303814,62.4,[C]1CC=CC1
8.060863254795139,55.0,CC(C)=C1C2C=CC1c1ccccc12
6.646390816011836,49.77777777777778,C/C=C\C=C/C(C)(C)C
7.392783375270084,21.333333333333332,C#Cc1ccccc1C#Cc1c(C)cccc1C
7.7211281886054035,38.0,C=Cc1ccc(C2=CCC2)cc1
6.25192540098213,42.888888888888886,CC1=CC2CC=c3c(C)ccc4ccc(c2c34)=C1
7.414063626942686,27.058823529411764,Cc1ccc2c(cc(C)c3ccccc32)c1C
8.060863254795139,55.0,CC(C)=C1[C@H]2C=C[C@@H]1c1ccccc12
7.79266466750655,36.0,Cc1cc(C)c(C2=CC=CC=CC=C2)c(C)c1
7.299922645776199,52.666666666666664,CC(C)(C)C=C1C=C(C(C)(C)C)C=C1C(C)(C)C
7.813696600602282,32.57142857142857,C=C(C)C#CCC
9.005620386363166,105.88235294117646,CC(C)C12C[C@H]3C[C@@H](C1)CC(C(C)(C)C)(C3)C2
6.785250513722631,48.857142857142854,CC1=Cc2c(cc(C)c(C)c2C)C1C
7.952197460996411,42.4,Cc1cc(C(C)(C)C)cc(C(C)(C)C)c1
7.096747701348191,20.4,c1ccc2c(c1)ccc1cc3cccc4ccc2c-1c43
7.61141353417386,31.0,CC#CC(C)C#CC
7.678080231070922,45.42857142857143,CC1=c2c(C)ccc(C)c2=C(C)CC1
7.529868718468361,36.4,CC1=Cc2ccccc2C1
7.3839580915159,27.058823529411764,Cc1cc2c(C)cc3ccccc3c2cc1C
7.556786705589821,150.0,C1CC2CC3CC1C23
7.239588447179643,16.666666666666668,C#C/C=C/C#CC#C/C=C/C#C
7.245560113858808,32.21052631578947,C1=CC2=C3C(=CCC2=C1)c1cccc2cccc3c12
7.8483986852396495,28.666666666666668,C#CC=C(C)C
7.895513888034686,67.0,CC1=C[CH]CC1
7.461505659875379,23.058823529411764,Cc1cc2ccccc2cc1-c1ccccc1
7.568054425797106,28.63157894736842,Cc1ccc2ccc3c(c2c1C)Cc1ccccc1-3
7.579970780857476,32.5,Cc1ccc2c(c1C)-c1cccc(C)c1C2
7.510639545218892,23.058823529411764,Cc1ccc(-c2cccc3ccccc23)cc1
7.4366647978221225,25.25,Cc1ccc2c(c1)cc(C)c1ccccc12
7.267974552038066,32.2,C1=Cc2c3c4c(cccc4c4cccc(c24)C1)CC=C3
7.2528568462511895,28.6,c1ccc2c(c1)Cc1c-2ccc2c1-c1ccccc1C2
7.175961940322129,25.25,Cc1ccc2ccc3ccc(C)cc3c2c1
7.212749031773553,28.6,c1ccc2cc3ccc4ccc5c4c3c(cc2c1)CC5
7.291240821842803,30.4,C1=Cc2c(c3cccc4ccc5cccc2c5c43)CC1
7.1468113575216154,23.666666666666668,C1=Cc2c1ccc1ccccc21
8.71279265424367,107.2,CC1=C[C@@H]2CC(C)(C)C[C@]23[C@H](C)CC[C@@H]13
7.888473441188423,37.26315789473684,C1=CC2=CC=c3ccc4cccc5c4c3C2C(=C1)C=5
4.448821622190767,36.666666666666664,[CH]=CC=C(C)C
5.351939101513919,37.84615384615385,C#CC1=CC=CC1c1ccccc1
7.8921510918583735,32.8,Cc1ccc2c(C(C)(C)C)cccc2c1
7.280452386898299,36.470588235294116,C1=CC2=CC=CC(c3ccccc3)=C(C=C1)C2
6.214403676612022,70.4,C1=CC2=CC3C=CC3C2=C1
5.578379205744927,31.4,Cc1ccc2c(c1)C(c1ccccc1)c1ccccc1-2
6.951184238500294,22.105263157894736,Cc1ccc2ccc3ccc4cccc5c4c3c2c1-5
4.1798796727301895,52.666666666666664,CC1(C)C=CC=CC2=C1C=CC2
7.601751746066388,31.529411764705884,Cc1cc(C)c(-c2cc(C)ccc2C)c(C)c1
5.411600369045615,27.789473684210527,C#CC1=CC=C(C#C)C2=C(C#C)C=CC(C#C)=C1C2
7.842611263709944,58.8235294117647,C[C@@H]1CC2c3ccccc3C1c1ccccc12
7.3003528473419435,24.666666666666668,C1=Cc2cccc3c2c(cc2ccccc23)C=C1
7.8978281993782256,36.0,CC(C)(C)C1=Cc2cccc3cccc(c23)C1
7.523803889511852,35.529411764705884,Cc1cc2c(C)c(C)c(C)c(C)c2c(C)c1C
7.414260475876883,27.058823529411764,Cc1ccc2c(c1)cc(C)c1cc(C)ccc12
7.5851668372533245,28.842105263157894,C1=CC(c2cccc3c2ccc2ccccc23)=CC1
7.207382081970631,30.5,[CH]1Cc2cccc3cccc1c23
7.130888086426682,22.526315789473685,Cc1ccc2c3ccccc3c3ccccc3c2c1
7.96855955691025,47.23076923076923,C=C1C(C)=C(C)C(C)=C1C(C)(C)C
8.276669845579505,105.88235294117646,CC12CC3C(C)(C)C(C1)C(C)(C)C(C2)C3(C)C
7.531505323378351,19.0,C#C[CH]c1ccccc1
7.450044216410412,34.8,C1#CCc2ccccc2C1
7.67163477219886,60.44444444444444,C1=CC2=C(C=CC1)CC2
7.602549054245948,43.2,CC1=CC=C1
7.755779136312002,39.75,CC(C)(C)c1ccc2c3c(cccc13)CC2
5.856644626397366,42.888888888888886,CC1=CCC2C=Cc3c(C)ccc4ccc1c2c34
7.913579330317379,30.526315789473685,C=C(c1ccc(C)cc1)c1c(C)c(C)cc(C)c1C
7.016220410256325,25.714285714285715,Cc1ccc(C)c2c1-c1ccccc1-2
7.406198265947167,30.88888888888889,Cc1cc2c3c(ccc4c(C)c(C)cc(c43)C2)c1
7.535674615936399,33.333333333333336,CC1=Cc2cc3cc(C)cc-3ccc2C1
7.372366951465645,26.526315789473685,C1=c2cccc3ccc4c(c23)C(=c2ccccc2=4)C1
7.708729045041824,45.333333333333336,CC1=CC(C)=C(C)C=C(C)C=C1
7.991695647373664,57.23076923076923,C=C1C(=C)[C@@H]2C[C@H]1c1ccccc12
7.436373416784735,24.88888888888889,C=c1c(=C)c2cc(C)ccc2c2ccc(C)cc12
7.567114036400017,26.526315789473685,Cc1ccc(-c2cc(C)cc3cc(C)ccc23)cc1
7.077411693169447,45.89473684210526,Cc1ccc2c(c1)-c1c(C)cccc1C21CCCC1
6.588947594051207,20.5,c1ccc2cc3ccccc4cc(c1)c2c43
7.607122208931822,32.666666666666664,[c]1cccc2c1CC=C2
7.313920797619492,28.42105263157895,C1=CCc2c(c3cccc4c3c3c(cccc23)C=4)=C1
7.386080319075317,41.0,c1ccc2c(c1)Cc1ccc3c(c1C2)CC3
7.362621175755781,26.105263157894736,CC(C)c1cc2ccc3cccc4ccc(c1)c2c34
7.839209051038628,28.266666666666666,CCc1c(C)cccc1-c1ccccc1
7.448996080509594,39.75,Cc1cc2cc(C)c(C)c3c2c(c1C)CC3
7.311836455109904,28.666666666666668,Cc1ccc2c(c1)c(C)c(C)c1cc(C)ccc12
7.228088199465182,28.0,CC1=CCc2ccc3c4c(ccc1c24)-c1ccccc1-3
8.88853222838857,92.26666666666667,CC1=C2C[C@H]3CC[C@@H](C)[C@]2(C=C1)C3(C)C
7.765784751290898,21.8,[C]#CC(=C)C
8.88853222838857,92.26666666666667,CC1=C2C[C@@H]3CC[C@H](C)[C@@]2(C=C1)C3(C)C
7.804288732527527,57.35294117647059,[CH2]C1CC2c3ccccc3C1c1ccccc12
7.570692461169412,29.375,CC=C1c2ccccc2Cc2ccccc21
6.920431610971247,45.89473684210526,CC1(C)CCC2(C1)c1ccccc1-c1ccccc12
7.495598452671089,24.2,Cc1cccc2ccc3cc4ccccc4c(C)c3c12
7.759011934703629,37.75,Cc1cccc2c(C)c3c(cc12)=CCCC=3
7.251860423270736,20.666666666666668,C=Cc1cccc2c1-c1cccc3cccc-2c13
7.774435157951347,33.88235294117647,Cc1ccc2c(c1)-c1c(C)cccc1C2(C)C
7.862786289752437,18.2,C#CC([CH2])=C
7.813720218285342,27.88888888888889,CC(C)=C1C=c2cccc(-c3ccccc3)c2=C1
7.527443263507422,29.75,C/C=C1/c2ccccc2-c2ccc(C)cc21
8.961907796750843,110.8,C#CC12CC3C4CC5(C#C)CC3C(C1)C(C#C)(C5)C4C2
5.920181334448458,54.57142857142857,Cc1ccc2c(c1C)CCCC2(C)C
7.387021523529182,29.5,C1=c2c3ccccc3c3cccc4ccc(c2c43)CC1
7.455975398156169,27.6,CC(C)(C)c1ccc2ccc3cccc4ccc1c2c34
7.389193330185254,30.4,C1=Cc2c(cc3c4c(cccc24)-c2ccccc2-3)CC1
5.835975038441373,35.0,[CH]=C/C=C/[CH2]
7.464165574562461,35.5,Cc1ccc(C)c2c1Cc1ccccc1C2
7.555014343086614,33.88235294117647,Cc1ccc2c(c1)C(C)(C)c1cc(C)ccc1-2
7.774766370984163,40.0,c1ccc2c(c1)C1c3cccc4cccc(c34)C21
6.93590036213696,22.22222222222222,C1=c2ccc3c4c(ccc(c24)=C1)=c1ccccc1=3
7.412297060959704,36.470588235294116,[2H]C1=CC=C([2H])C2=C(c3ccccc3)C=CC([2H])=C1C2
7.871164224827337,34.54545454545455,C/C=C(\C)c1ccccc1C
7.178522478780193,18.933333333333334,C#Cc1cc(C#CC)c2ccccc2c1
6.752051176792453,9.5,C#CC#CC#CC=C
7.355139299170017,30.105263157894736,Cc1ccc(C)c2c(C)c3c(C)ccc(C)c3cc12
7.313825786877768,28.6,c1ccc2c(c1)cc1c3c2ccc2cccc(c23)CC1
6.157069025598167,48.53333333333333,C=C1C=C(C(C)(C)C)[CH]C(C(C)(C)C)=C1
7.80491315681005,23.2,C#CC(=C)C
7.2930049512550745,24.444444444444443,Cc1cc2cccc3c2c(c1C)-c1ccccc1-3
7.491230838437037,24.2,Cc1ccc2cc(C)c3c4ccccc4ccc3c2c1
7.52383301549994,32.2,C1=Cc2c3ccccc3cc3c4c(cc1c23)=CCCC=4
7.796928793614372,35.8,CC1(C)c2cccc3c2c(cc2ccccc23)C1(C)C
6.381686189080433,55.529411764705884,C1=CC=C2C=CC3C4=C(CCC=C4)C(=C23)C=C1
7.844778217712279,45.06666666666667,CC(C)(C)CC(C)(C)c1cc2cc(c1)C2
7.383994728786653,30.4,C1=Cc2cc3c4c(cccc4c2CC1)-c1ccccc1-3
4.60182968489038,72.28571428571429,CC1=CCC[CH]C1
7.582501791513343,39.77777777777778,[C]1=[C][C]2C=CC=C[C]2[CH]1
7.716642900873306,35.6,CCc1cc(C)cc(C)c1
7.169773642418821,20.666666666666668,C=Cc1ccc2ccc3cccc4ccc1c2c34
7.424240347240781,38.0,CC#C[C]1[CH][CH][CH][C]1C#CC
7.328596855913801,44.2,C1=CC2=CC=C3C4=C(C=CCC24C=C1)c1ccccc13
7.422984819319014,21.333333333333332,C#Cc1ccccc1C#Cc1cc(C)cc(C)c1
7.132470547119692,83.0,[CH2]C1C=CC1
7.072232812412786,12.0,C#CC#C/C=C\C#CC#C
7.393080349421748,21.11111111111111,C=Cc1cccc2c1ccc1c(C=C)cccc12
7.090489166703853,38.44444444444444,c1cc2c3c(c4cccc5c4c(c3c1)CC5)CC2
6.99153640975925,14.75,C#CC#Cc1ccc(C#C)c2ccccc12
7.219196019686473,88.0,C[C@@H]1C=CC1
8.488683577035312,109.2,C=C1CC[C@H]2[C@@H]3[C@@H]1CC[C@]3(C)CC2(C)C
6.871147299556346,18.27777777777778,[C]#Cc1ccc2ccc3cccc4ccc1c2c34
7.886058071168728,30.105263157894736,Cc1cccc2c1ccc1cc(C(C)C)cc(C)c12
7.461400806547632,31.875,CC1=Cc2cc(C)cc3cc(C)cc(c23)[CH]1
6.661155242839557,48.705882352941174,C#CCc1ccc2c(c1)C(C)(C)CCC2(C)C
8.025795413910268,80.8,CC(C)=C1CC2(C)CCC1C(=C(C)C)C2
7.413200312227966,27.0,Cc1ccc2cccc-2cc1C
7.417357594048197,95.0,C1=C[C@H]2CC=C[C@@H]2C1
7.100553090998986,21.6,CC#Cc1ccc(C#CC)c(C#CC)c1
7.781803256832834,28.266666666666666,CC(C)=Cc1ccc(C)c2ccccc12
8.421241450557044,102.58823529411765,C1=CC2=C(CC1)[C@H]1CC[C@@H]3C=CC[C@H]3[C@@H]1CC2
7.637696907232119,30.5,Cc1ccc(-c2ccccc2)c2c1CC=C2
7.983442022817764,40.0,Cc1cc2c3c(c1)-c1ccccc1C3CC=C2
5.776238441364262,54.666666666666664,Cc1ccc2c(c1)C([13CH3])([13CH3])CCC2([13CH3])[13CH3]
7.771892964476356,32.0,CC1(C)C=C(c2ccccc2)c2ccccc21
7.664188738675239,33.05263157894737,Cc1ccc2c(c1)c1c(c3ccccc32)C=CCC1
7.408834180720216,32.23529411764706,Cc1cc2c3c(ccc4cccc(c43)CC2)c1
7.203856456461495,22.666666666666668,C1=Cc2cccc3cccc(c23)-c2ccccc21
7.447574122373139,21.333333333333332,C=C(C)C#Cc1cccc2ccccc12
4.945265235453636,35.27272727272727,C=C(C)C#C/C(C)=C\C=C/C
7.2885564409449906,36.5,[CH]1C=C2C=Cc3cccc(c32)C1
6.147093896823316,43.25,CCc1cc(C(C)(C)C)cc(C(C)(C)C)c1
6.42719401171067,48.0,[CH]=CC(C)(C)C
7.932024133907914,42.4,CC(C)c1cc(C(C)C)cc(C(C)C)c1
7.72938737963275,28.0,Cc1cc(C)c2cc(C)c(-c3ccccc3)c(C)c2c1
7.750776355870779,32.0,CC1=Cc2c(cccc2-c2ccccc2C)C1
7.125018222111864,26.526315789473685,C1=Cc2ccc3c4c(ccc(c24)C1)-c1ccccc1-3
7.418670998440177,30.11764705882353,C1=C(c2ccccc2)CC(c2ccccc2)=C1
6.584504617993787,53.733333333333334,Cc1[c]cc2c(c1)C(C)(C)CCC2(C)C
7.743517968475044,32.0,CC1=Cc2cccc(-c3ccc(C)cc3)c2C1
7.172978804647387,33.6,Cc1ccc2c3c1Cc1cccc(c1-3)C2
7.758823849219679,40.666666666666664,C1=Cc2ccc3c4c5c(cc(c24)C1)C=CC5C=C3
7.558472103083745,36.4,Cc1ccc2c(c1)=CCC=2
6.207955201210942,10.0,C#Cc1c(C#C)c(C#C)c(C#C)c(C#C)c1C#C
6.966761516412837,20.4,c1ccc2c(c1)-c1cccc3c1c-2cc1ccccc13
6.28600363183817,45.25,Cc1cc2c(c(C)c1C)C=C1C=CC=CC12
7.228655840354534,29.36842105263158,C1=Cc2cc3ccc4c5c(ccc(c2=C1)c35)CC=C4
7.105390381794534,24.2,Cc1cccc2c1ccc1c3cccc(C)c3ccc21
8.991372120571718,107.2,CC1=CC[C@]23CC1C(C)(C)[C@@H]2CC[C@H]3C
3.050815839281892,32.30769230769231,C#Cc1ccc(CC(C)(C)C)cc1
7.789565683905009,28.0,C#Cc1ccc(C(C)C)cc1
5.776238441364262,54.666666666666664,Cc1ccc2c(c1)C(C)(C)CCC2(C)C
5.935981801481342,45.111111111111114,C1=CC=C2CC=CC3C2=C(C=C1)c1ccccc13
7.607183999595283,24.88888888888889,Cc1ccc2ccc(C)c(-c3ccccc3)c2c1
6.974494330841997,45.75,CC(C)(C)C1Cc2cccc3cccc1c23
6.0306366167274374,36.5,CC1=C[C@@H](c2ccccc2)c2ccccc21
8.991372120571718,107.2,CC1=CC[C@]23C[C@H]1C(C)(C)[C@@H]2CC[C@H]3C
7.45950960982551,87.0,CC12C[C](C1)C2
7.309420932901546,6.0,C#CC#C
8.991372120571718,107.2,CC1=CCC23C[C@H]1C(C)(C)[C@@H]2CC[C@H]3C
6.0306366167274374,36.5,CC1=C[C@H](c2ccccc2)c2ccccc21
7.673989697715104,26.76923076923077,C/C=C/c1cccc2ccccc12
7.246871417987473,28.42105263157895,C1=CC2C=Cc3cccc4cc5cccc1c5c2c34
7.951411849082856,51.2,CC1=CC=CCC(C)=C1C
6.0306366167274374,36.5,CC1=CC(c2ccccc2)c2ccccc21
7.767774283045081,57.142857142857146,C#CC1=CCCC1
7.748654936481426,41.75,C=C1C=CC(C)=C1C
7.610396874783476,26.526315789473685,Cc1cc(C)c(-c2cccc3ccccc23)c(C)c1
7.335576053731294,34.25,Cc1cc(C)c2c(C)cc(C)c(C)c2c1C
7.608816251216826,47.4,[CH]1CC=C2C=CC=CC=C12
7.342567452991732,34.25,Cc1cc2c(C)c(C)c(C)c(C)c2cc1C
7.816069866633693,55.6,C=C1C(C)(C)C(=C)C1(C)C
6.131214485898693,54.666666666666664,Cc1cccc2c1C(C)(C)CCC2(C)C
6.962522833134578,53.111111111111114,Cc1cccc(C)c1C1=CC(C)(C)CCC1(C)C
7.433291824350643,27.058823529411764,Cc1ccc2c(c1)c(C)cc1c(C)cccc12
7.634027067378295,36.22222222222222,Cc1cc2ccccc2c2ccc3c(c12)CCC3
7.6416054572176995,39.77777777777778,C1=CC=C2CCC=C3C2=C(C=C1)c1ccccc13
7.944427315547345,36.0,CC1(C)CC=C(c2ccccc2)c2ccccc21
7.556366764513607,28.8,C1=Cc2c(cccc2-c2ccccc2)C1
7.878790207476481,40.6,Cc1cc2c(c3cc4ccccc4c(C)c13)CCCC2
7.3485794011428,21.666666666666668,C#Cc1ccccc1C#CCC
7.731015651642419,48.11764705882353,CC(C)(C)[C]1[C]2C=CC=C[C]2[C]2C=CC=C[C]21
7.30468420320961,24.307692307692307,C#CC#Cc1c(C)cc(C)cc1C
7.667203139931637,28.666666666666668,CC(C)(C)c1cc2ccccc2c2ccccc12
7.910584655481585,43.5,CC1=CC(C)=C2C(C)=CC=CC=C2C(C)=C1
7.58463083190163,27.428571428571427,C#CCC#CCC
7.996029663680525,46.13333333333333,Cc1ccc2c(c1)C(C)(C)C=CC2(C)C
7.692864195893773,28.266666666666666,C=C(C)c1ccc(C)c2ccc(C)c-2c1
8.16973246028644,62.0,CC1=C(C)[C@@H]2C[C@H]1c1c(C)cccc12
7.7370426418977205,51.733333333333334,C1=CC(=C2C=CCC2=C2CC=CC2)C=C1
7.936352923274329,42.75,CC12C3=CC=C1c1ccccc1C2=CC=C3
8.100279945706614,79.05882352941177,CC1=C(C)C2(C)C(C)(C)C(C)(C)C2(C)C1(C)C
7.583581440674309,23.058823529411764,Cc1ccc2c(-c3ccccc3)cccc2c1
7.554762498046112,32.888888888888886,Cc1ccc(-c2c(C)c(C)c(C)c(C)c2C)cc1
6.953218718240831,18.666666666666668,C#Cc1ccc2ccc3cccc4ccc1c2c34
7.895258436159542,29.77777777777778,C=c1cccc/c1=C\C
7.161994431442914,29.466666666666665,C1=CCc2cc3cc4cccc(c2=C1)c43
7.447144204311129,30.4,C1=C2c3ccccc3-c3cc4ccccc4c(c32)CC1
7.191253986679287,35.6,Cc1cc(C)c(C)cc1C
6.496781970703601,43.75,Cc1cc2c(c3ccccc13)C=CC(C)C2
7.697285333852975,52.0,C1=CC=C2CCC=C2C=C1
7.553707765513986,30.22222222222222,C(#Cc1ccccc1)C1=CCCc2ccccc21
7.481108103083746,36.4,Cc1cccc2c1CC=C2
7.449902933487843,23.058823529411764,Cc1ccc(-c2ccccc2)c2ccccc12
7.105039267467382,28.666666666666668,Cc1ccc(C)c2cc3c(C)ccc(C)c3cc12
7.822130810607299,30.5,[2H]CCc1ccccc1
7.041621108285118,73.6,CC#C[C@@H]1CC[C@@H]1C#CC
7.199794224819783,24.444444444444443,Cc1cccc2c1-c1cccc3c(C)ccc-2c13
7.987528313994157,46.666666666666664,C/C=C\C=C/C
5.7459575927671445,46.90909090909091,Cc1cccc2c1C(C)C=C2
5.159502823399355,47.294117647058826,CC1=C(C)C(C)(C)c2cc(C)ccc2C1(C)C
8.18397341776806,53.1764705882353,CC12CC(Cc3ccccc31)c1ccccc12
7.948761032930438,56.8,CC(C)(C)CCC(C)(C)C
7.667998129185606,33.5,[13CH]1=[13C]([13c]2[13cH][13cH][13cH][13cH][13cH]2)[13c]2[13cH][13cH][13cH][13cH][13c]2[13CH2][13CH2]1
6.903003861985384,55.4,CC1=CC(C)(C)c2cc3c(cc21)C(C)(C)CCC3(C)C
7.380085382170796,39.44444444444444,C1=c2ccc3cccc4c5c(c(c2c34)CC1)CC5
7.540472009080172,24.88888888888889,Cc1cccc2c(-c3ccccc3)ccc(C)c12
7.144867894033102,22.133333333333333,C#CC1=Cc2c(C#C)ccc(C#C)c2C1
7.382142042583554,39.44444444444444,C1=c2c3c(c4cccc5ccc(c2c54)CC1)CC3
7.865455192946767,44.6,CC1=CC(=C(C)C)C(C)=C1
7.486569781726045,25.25,Cc1ccc2c(ccc3cccc(C)c32)c1
8.043541246903542,62.46153846153846,Cc1cc(C)c2c(c1)[C@@H]1C=C[C@H]2C1
8.063241382726645,60.53333333333333,c1ccc2c3c(ccc2c1)C1CCC3C1
7.676640427398788,25.09090909090909,C#C/C=C(/C)c1ccccc1
7.967427585825273,40.30769230769231,Cc1cc(C(C)C)cc(C(C)C)c1
8.710017242519722,107.2,CC1=C[C@@]2(C)[C@@H](C)CC[C@@]23CCC[C@]13C
8.981817824818322,100.66666666666667,C=C1C=C[C@]23[C@H](C)CC[C@H](C[C@@H]12)C3(C)C
7.229491784217481,32.333333333333336,C1=Cc2cc3cccc4ccc5c(c2=C1CC5)c43
7.9305158841598695,54.31578947368421,CC1=CC(C)C2c3ccccc3C1c1ccccc12
7.463099476719805,25.25,Cc1ccc2ccc3cccc(C)c3c2c1
6.263204086769838,38.10526315789474,CC1CC=Cc2ccc3c(ccc4ccccc43)c21
7.7315056335697925,31.142857142857142,CCc1ccc(C)c2cc(C)cc-2c1
6.7194799455336085,45.0,[2H]C1=CC2c3ccccc3C2([2H])c2ccccc21
8.57944918476216,70.10526315789474,Cc1c(C)c(C)c2c(c1C)[C@H]1C=C[C@@H]2C12CCCC2
7.690936946023221,37.0,C=C1C=CC=C1
7.1913800105768395,62.46153846153846,C/C=C/C=C1\C(C)=CCCC1(C)C
8.57944918476216,70.10526315789474,Cc1c(C)c(C)c2c(c1C)C1C=CC2C12CCCC2
7.5919399111880415,34.10526315789474,Cc1cc(C)cc(-c2c(C)c(C)c(C)c(C)c2C)c1
7.598705954553193,20.125,[c]1ccccc1-c1cccc2ccccc12
7.454703482809713,20.125,[c]1ccc(-c2cccc3ccccc23)cc1
7.478564522097184,24.88888888888889,Cc1cc(C)c2ccccc2c1-c1ccccc1
8.921280533893869,122.66666666666667,C#CC12CC3CC4C1CC1CC2C(C3)C4(C#C)C1
5.224302258232798,42.888888888888886,Cc1ccc2c3c4c(ccc13)C=CC(C)C4=CC2
7.477055734901652,23.058823529411764,Cc1cccc2c(-c3ccccc3)cccc12
6.373808829023564,43.75,[CH2]/C=C/C
6.6653022052412325,50.0,[2H]/C(C)=C\C
7.292345407561685,14.0,C#CC#C/C=C/C#C
7.8600449999890785,72.66666666666667,C=C1CCC1=C1CCC1
6.6653022052412325,50.0,[2H]C/C=C/C
8.90599065098812,100.8,CC1=C2C[C@@H]3CC[C@@H](C)[C@@]2(CC1)C3(C)C
4.130947812071819,50.0,C/C=C/C
7.578647120653443,25.555555555555557,C=C(C)C#Cc1cc(C)c(C#CC(=C)C)cc1C
7.824735296358616,46.888888888888886,C1=Cc2cccc3c2C(=CCC1)C1=C3CC=CC1
6.0319081354628,39.0,[CH]/C=C/C
7.674320543509092,33.63636363636363,C=c1cccc2c1=CCC=C2
6.6653022052412325,50.0,[2H]C/C=C\C
6.373808829023564,43.75,[CH2]/C=C\C
7.219822672699764,19.75,[CH]c1ccc2ccc3ccc([CH])cc3c2c1
7.699826947621684,55.333333333333336,C=C1CC(=C)C1
7.465352704598626,35.529411764705884,Cc1cc(C)c2c(C)c(C)c(C)c(C)c2c1C
7.005471315141025,37.9,CC(C)=C1C(c2ccccc2)=C(c2ccccc2)C1C
7.3222411098883535,21.0,c1ccc(-c2cccc3ccccc23)cc1
7.191600609415733,24.444444444444443,Cc1ccc2c(C)ccc3c2c1-c1ccccc1-3
7.946038010411985,28.75,Cc1[c]c(C)ccc1
7.218958943112746,24.8,C=C1C(=C)c2ccccc21
6.6653022052412325,50.0,[2H]/C(C)=C/C
6.817243105512057,50.0,[2H]C([2H])/C=C\C
7.24061778635198,23.1,C1=Cc2cc3cccc4c5ccccc5cc(c2=C1)c34
7.499327828403592,24.2,Cc1ccc2c(C)c3c(ccc4ccccc43)cc2c1
4.130947812071819,50.0,C/C=C\C
7.867711080026438,43.111111111111114,C=C1C=CC=CC(=C)C1
7.533521425121386,34.35294117647059,Cc1ccc2c3c1=CCCC=3c1ccccc1-2
7.500037244464176,21.2,C=c1ccc(=C)c(-c2ccccc2)c1-c1ccccc1
7.482653803841659,24.2,Cc1cc(C)c2cc3c(ccc4ccccc43)cc2c1
7.127841265783375,29.666666666666668,C1=Cc2c3c(ccc2=C1)=CC=C3
8.077448130597631,88.53333333333333,CC1(C)C[C@H]2[C@H](C1)C(C)(C)C=CC2(C)C
8.077448130597631,88.53333333333333,CC1(C)C[C@@H]2[C@@H](C1)C(C)(C)C=CC2(C)C
7.478207399236062,26.6,C=c1cccc2c1=CC=C2
7.549777789695679,35.42857142857143,C#CC1=CC=[C]C1
7.412197331819945,59.333333333333336,C=CC#C[C@@H]1CC[C@@H]1C#CC=C
7.551184167807615,47.111111111111114,CC(C)(C)C#C/C(=C\C=C\C(C)(C)C)C(C)(C)C
7.6839118988736175,40.0,CCC#CCC
7.401339730866273,33.294117647058826,Cc1cc2c3c(ccc4cccc1c43)=CCC2
7.854671580342378,35.833333333333336,C[CH]C#CCC
7.5379065522714095,55.0,C1=CC2=CCC=C2C1
7.605345487801771,26.285714285714285,Cc1cccc(-c2ccccc2)c1C
7.343959162336612,30.5,Cc1ccc([11CH3])cc1
7.699668957836172,37.0,Cc1cccc2c1C=CCC=C2
7.5244250394531145,28.63157894736842,Cc1ccc2c(c1)-c1c(cc(C)c3ccccc13)C2
7.8130830226876204,27.076923076923077,CC#CC(=C(C)C)c1ccccc1
8.570450858116184,77.41176470588235,CC1(C)[C@@H]2CC3=CCc4ccccc4[C@H]3[C@H]1C2
7.76695205525075,34.266666666666666,C=C1C=CC=C1c1c(C)cc(C)cc1C
7.9415328452696325,46.6,CC1=C(C)C(C)(C)c2cc3c(cc21)C(C)=C(C)C3(C)C
7.342567452991732,34.25,Cc1cc2c(C)c(C)c(C)cc2c(C)c1C
7.854478101693128,43.75,CC1=Cc2c(C)c(C)c(C)c(C)c2C1(C)C
7.39216258318255,26.6,C=C1C=Cc2ccccc21
7.028861962201039,24.444444444444443,Cc1ccc2c3c(ccc(C)c13)-c1ccccc1-2
8.457059162041158,20.857142857142858,[14cH]1[14cH][14cH][14c]2[14c]([14cH]1)[14cH][14cH][14c]1[14cH][14cH][14cH][14cH][14c]12
7.299922645776199,52.666666666666664,CC(C)(C)/C=C1\C=C(C(C)(C)C)C=C1C(C)(C)C
7.464165574562461,35.5,Cc1cccc2c1Cc1cccc(C)c1C2
7.344689987015204,48.714285714285715,CC(C)=C1C=CCC1c1ccccc1
7.343959162336612,30.5,Cc1ccc(C)[13cH]c1
7.8468153916204795,31.529411764705884,CCc1ccc(Cc2cc(C)cc(C)c2)cc1
7.61659514437992,40.0,C#CC1=C(C#CC)CCC=C1
7.5005435435216405,29.11111111111111,CC1=Cc2cccc3ccc4cccc(c4c23)C1
7.833063888034686,35.833333333333336,[CH2]CC#CCC
7.369992625652785,35.6,Cc1ccc(C)c(C)c1C
7.527753644777619,19.6,C#C/[C]=C/c1ccccc1
7.181794446949565,17.11111111111111,C#Cc1ccc2cc(C#C)c3ccccc3c2c1
7.707435812609786,27.375,[CH2]c1ccc(C)cc1
6.58983600833324,77.33333333333333,CC(C)(C)C1(C)CCC1
6.712380100651074,39.2,C1=CCC2=C(c3ccccc3)c3ccccc3C2C=C1
7.807445992764784,40.0,C1#CCC#CCC#CCC#CC1
7.973790030564653,46.13333333333333,CC1=CCC(C)(C)c2cc(C)c(C)cc21
8.189901915138398,55.06666666666667,CC(C)=C1C2C=CC1c1c(C)cccc12
7.214329059992608,15.285714285714286,C#Cc1ccc2[c]ccc(C#C)c2c1
7.488700529977878,21.7,C=c1cccc2c1=C(c1ccccc1)c1ccccc1-2
7.9993607035177785,47.733333333333334,C#Cc1cc2c(cc1C)CCCC2(C)C
6.905255668971952,18.666666666666668,C#Cc1cc2ccc3cccc4ccc(c1)c2c34
7.848852039897626,34.10526315789474,CCc1cc(C)c(-c2cc(C)c(C)c(C)c2)c(C)c1
7.432756478675426,32.23529411764706,Cc1ccc2ccc3cccc4c3c2c1CC4
7.8921510918583735,32.8,Cc1ccc2cccc(C(C)(C)C)c2c1
7.400012556795834,21.77777777777778,C#Cc1ccccc1C
5.090084539787362,58.666666666666664,CC1=CC2=C(C1)C(C)(C)C1=C(CC(C)=C1)C2(C)C
7.460755998444303,29.647058823529413,C1=CCc2c3c(ccc2=C1)=Cc1ccccc1-3
7.273962152290457,24.705882352941178,Cc1ccc2c3c(c4ccccc4cc13)C=C2
7.586834945603188,98.66666666666667,C[C@@H]1C=C[C@H]1C
7.036223008048995,56.0,c1ccc2c(c1)CC1Cc3ccccc3C2C1
7.430230394441036,19.75,[CH]c1ccc2c([CH])cc3ccccc3c2c1
7.4391989605879,27.058823529411764,Cc1cc2ccc3cccc(C)c3c2cc1C
7.472740290073608,28.666666666666668,Cc1cc2ccc3ccc(C)c(C)c3c2cc1C
7.643968431771353,39.666666666666664,CC1=Cc2c(C)cc(C)cc2C1
4.489714149652434,42.0,CC1=Cc2c(cccc2C(C)(C)C)C1
7.064470764131652,22.58823529411765,Cc1ccc2c3c(cccc13)-c1ccccc1-2
7.835154601102098,39.8,C1=CC=C2CCC=CC=C3C2=C(C=C1)c1ccccc13
6.888608194365331,13.0,C#Cc1cc(C#C)cc(C#C)c1
7.510927120653444,37.333333333333336,Cc1cc2c3c(c1)C(C)(C)c1cc(C)cc(c1-3)C2
7.123154114309233,20.666666666666668,C#Cc1ccc2c3c(c4ccccc4cc13)C=C2
7.410979546267269,20.941176470588236,C#CCc1c2ccccc2cc2ccccc12
7.939261874758768,30.4,C#C/C=C/C
7.719892786163584,39.714285714285715,C=C1C=CC(C)=C1
7.128428422518069,82.66666666666667,CC1=C[C@@H](C)C1
6.132088375672786,41.42857142857143,CCc1cc(C(C)C)cc(C(C)C)c1
7.498213062650279,30.88888888888889,Cc1cc2c3c(ccc4cccc(c43)C2(C)C)c1
7.318318240593854,24.0,C1#CC=C1
7.206343034690713,19.75,[CH]c1cccc2c1ccc1c([CH])cccc12
7.315729536905842,27.529411764705884,C=C1CC=c2ccc3cccc4ccc1c2c43
7.5695186654728595,32.5,Cc1cc(C)c2c(c1)Cc1ccc(C)cc1-2
7.556374982049704,26.94736842105263,C1=Cc2cc3ccccc3c(-c3ccccc3)c2C1
7.267974552038066,32.2,C1=Cc2c3cccc4c3c(c3cccc(c23)C1)C=CC4
7.799103987546195,22.8,Cc1c#cc(-c2ccccc2)c(-c2ccccc2)c1C
7.7922534835321695,54.22222222222222,CC1C=CC2c3ccccc3C1c1ccccc12
5.041324415903842,42.11764705882353,Cc1ccc2ccc3c4c2c1=CCC4C=CC=3
8.283542378794278,95.11111111111111,CC1=C(C)C23C(C=C[C@@H]12)C12C(C)=C(C)[C@@H]1C=CC32
7.485525558705047,19.0,C#C/C=C(/C#C)c1ccccc1
7.886952607825201,36.35294117647059,C=C1C=CC2C=Cc3cccc4ccc1c2c34
7.645055017663276,64.5,CC1=C2CC(C)(C)C(C)=C2C(C)C(C)=C1C
7.7922534835321695,54.22222222222222,C[C@H]1C=CC2c3ccccc3C1c1ccccc12
7.9265224917842705,37.714285714285715,C/C=C/C#CCC
8.250659652498028,99.6923076923077,CC1C(C)(C)C2(C)CC(C)(C)C12C
7.994816980066437,43.75,Cc1c(C)c(C)c2c(c1C)C=C(C(C)C)C2
7.1707316872085745,19.294117647058822,CC#Cc1ccccc1C#Cc1ccccc1
7.855927381608387,45.42857142857143,CC1=Cc2c(cc(C)c(C)c2C)CC1
7.916020091020405,48.666666666666664,C=C1C=CC(C)=C(C)C1
7.623118805661866,28.0,Cc1ccc(-c2ccc(C)c3cc(C)c(C)cc23)cc1
4.336207029809295,32.0,C=C/C(C)=C\C#CC=C(C)C
8.997733202328563,122.66666666666667,C#CC12CC3C4CC5CC3C(C1)C(C#C)(C5)C4C2
7.738703851656201,27.789473684210527,C=C1[C](c2ccccc2)C=CC=C1c1ccccc1
7.555366763780163,21.333333333333332,C=c1ccc2cccc(=C)c2c1
7.396245228765273,63.4,C1=C2C3=C(CCC3C3=C1CCCC3)Cc1ccccc12
7.474060585963575,32.5,Cc1ccc(C)c2c1Cc1cccc(C)c1-2
7.550326800913641,28.666666666666668,Cc1cc(C)c2c(C)c3ccccc3cc2c1C
7.685735568558243,33.76470588235294,CC=C1c2ccccc2CCc2ccccc21
7.681430806295712,37.77777777777778,Cc1cc(C)c2c(c1)CCc1cc(C)c(C)cc1-2
7.873230656351067,34.8,C1#CCc2ccccc2CC#CCc2cccc(c2)C1
7.516901357504079,34.25,Cc1ccc2c(C)c(C)c(C)c(C)c2c1C
7.0389553781884775,25.866666666666667,c1ccc2c(c1)cc1c3c(cccc32)C1
7.768863735420605,33.88235294117647,Cc1ccc2c(c1C)-c1ccccc1C2(C)C
7.409951213113139,33.88235294117647,Cc1ccc2c(c1C)-c1c(ccc(C)c1C)C2
7.718508659114982,28.666666666666668,CC(C)(C)c1cccc2c1ccc1ccccc12
7.693616775431893,26.571428571428573,C#Cc1ccccc1C#CC(C)(C)C
7.569943817250049,24.88888888888889,C=C(C)c1c(C)c2ccccc2c2ccccc12
7.873672265115494,52.0,C1=CC2CC1c1ccc3ccccc3c12
8.626211996603784,72.63157894736842,CC1=C2[C@H]3C[C@H](C3(C)C)C(C)(C)[C@H]2c2ccccc21
7.874544796621285,47.75,C=C1C=CCC(C)=C1
7.87957808465414,47.07692307692308,Cc1ccc(C(C)(C)C)c2c1CC2
7.406125961838021,36.875,C1=CC2=CCC=C3[C]2C(=C1)c1ccccc13
7.849703356233141,34.526315789473685,CC1=Cc2cccc(-c3c(C)cc(C)cc3C)c2C1
7.991430449383212,52.285714285714285,Cc1cccc(C)c1C1=CCCCC1
7.310398710526932,33.88235294117647,Cc1ccc(C)c2c1Cc1c(C)ccc(C)c1-2
7.405350977512752,24.2,Cc1cc2ccccc2c2cc3ccccc3c(C)c12
7.3969601304408314,27.058823529411764,Cc1ccc2c(C)c(C)c3ccccc3c2c1
7.3969601304408314,27.058823529411764,Cc1ccc2c(c1)c(C)c(C)c1ccccc12
7.398399020253084,32.21052631578947,Cc1cc2c3c(ccc4cc(C)cc(c43)C2(C)C)c1
7.197337571986643,39.2,c1cc2c3c(cccc3c1)C1=C2CCC1
7.889626000197406,41.25,C1=CC2C=Cc3cccc4ccc(c2c34)C1
7.59598854086094,24.88888888888889,Cc1cc2ccccc2c(C)c1-c1ccccc1
7.86976951103291,50.0,C=C1CCC(=C)C1C#CC
7.814961818725219,60.0,CC1=CC(=C2CCC2)C=C1
7.270790950160848,25.41176470588235,c1ccc2c3c(ccc-3c1)Cc1ccccc1-2
7.378695185619708,20.8,C=c1c2ccccc2c(=C)c2c1ccc1ccccc12
7.401339730866273,33.294117647058826,Cc1ccc2ccc3c4c(ccc1c24)CCC=3
7.986004437618154,40.0,CC1CC=C2c3ccccc3-c3cccc1c32
7.1748655080863655,27.6,Cc1cc2ccc3cc(C)c(C)c4ccc(c1C)c2c34
7.805291293409871,48.8,CC1=C(C)C(C#CC2C(C)=C(C)C(C)=C2C)C(C)=C1C
7.31300011883429,28.285714285714285,CC1=Cc2cc(C)cc3cccc1c23
7.6112657952473315,47.142857142857146,CC1=CC=C(C)[CH]1
7.271771950584779,25.714285714285715,CC(C)=c1c2cccc3cccc1c32
7.391713392807253,27.058823529411764,Cc1cccc2cc3cccc(C)c3c(C)c12
6.237220620648552,36.21052631578947,Cc1c2c(cc3ccccc13)CC2c1ccccc1
7.55766833937518,28.666666666666668,Cc1cc(C)c2cc3ccccc3c(C)c2c1C
7.862432558859048,47.75,C=C1C=C(C)C=CC1
7.569361472391531,33.63636363636363,C=C1C=CCc2ccccc21
8.912545869021587,106.0,CC(C)=C1CC2C3(C)CCC1C2(C)CC3
7.767067051165685,52.0,c1ccc2c(c1)c1c(c3ccccc32)[C@H]2CC[C@@H]1C2
7.767067051165685,52.0,c1ccc2c(c1)c1c(c3ccccc32)C2CCC1C2
7.382644561841843,24.8,C=c1ccc(=C)c2c1C=C2
7.100872893384445,21.0,C=c1cc2c(=C)cc1-2
7.3076359309130385,27.6,Cc1cc2ccc3c(C)ccc4cc(C)c(c1C)c2c43
4.672219966152326,149.33333333333334,CC(C)(C)C12C3C4C5C3C1C5C42
7.777291117717128,33.333333333333336,Cc1cc(C)cc(-c2c(C)ccc3c2C=CC3)c1
7.226992592491287,26.526315789473685,C1=C2c3ccccc3-c3ccc4cccc(c4c32)C1
7.4366647978221225,25.25,Cc1ccc2cc(C)c3ccccc3c2c1
7.961307589915802,40.6,C1=CC2C3=C(C=CCC3=C1)c1cccc3cccc2c13
7.62240007213519,42.57142857142857,CC1=Cc2c(ccc3c2CC(C)=C3)C1
7.361243314483105,21.333333333333332,C=c1cccc2c(=C)cccc12
7.414260475876883,27.058823529411764,Cc1ccc2cc(C)c3ccc(C)cc3c2c1
7.259528398191911,40.0,C1=c2ccc3c4c2=C(C1)Cc1ccc2c(c1-4)=C(CC=2)C3
7.554927205023802,49.42857142857143,C1=Cc2c(ccc3c2C=CCC3)CC1
7.54830117020405,33.333333333333336,CC1=Cc2c(cc(C)c3ccccc23)C1
7.389718300652472,23.714285714285715,C#Cc1ccc(C)c2ccc(C)cc12
7.525235985630633,92.66666666666667,CC1=C(C)C2(C)CCC1(C)CC2
7.578155006305641,31.142857142857142,Cc1ccc2c(C)c(C)c(C)cc2c1
7.638239755634048,40.8421052631579,Cc1cc2c3c(c1)C(C)(C)c1cc(C)cc(c1-3)CC2
7.296699851132564,28.842105263157894,C1=Cc2c(c3ccccc3c3ccccc23)C=CC1
7.873316112797404,58.0,C=C1CCC=C1C
7.579845660978083,33.578947368421055,C=C1c2c(C)ccc(C)c2Cc2c(C)ccc(C)c21
7.699862494276652,47.75,C1=CC2=c3ccccc3=C3CCCC(=C23)C1
6.798889665640186,56.53333333333333,CC1=CC2C(C)=C(C)C(C)=C(C)C2=C1C
5.494479989334307,58.666666666666664,CC1=CC2=C(C1)C(C)(C)C1=C(C=C(C)C1)C2(C)C
7.8112868415934695,37.77777777777778,Cc1ccc2c(c1)CCc1c-2cc(C)c(C)c1C
5.829486541502941,53.75,C1=CC2CCCC3=C2C(=C1)c1ccccc13
8.896182877177864,98.8,C=C1C2C(=C)C3C1C(=C)C2C31CCCC1
8.912545869021587,106.0,CC(C)=C1C[C@H]2[C@@]3(C)CC[C@@H]1[C@]2(C)CC3
7.575916189372663,25.09090909090909,C/C=C\C#Cc1ccccc1
7.22885005274469,18.933333333333334,C#Cc1cc(C#C)c2ccc(C)cc2c1
7.506865201076754,28.75,C#CC=C1C=CC=C1
6.657858133419868,48.470588235294116,C1=CC2c3ccccc3C(C1)c1ccccc12
8.896182877177864,98.8,C=C1[C@H]2C(=C)[C@H]3[C@@H]1C(=C)[C@@H]2C31CCCC1
7.796684007901966,44.61538461538461,CC1=c2ccc(C)cc2=C(C)CC1
7.518954812320917,29.789473684210527,C=C1c2ccccc2C2=C(CC=C2)c2ccccc21
7.824824763202078,39.8,C1=CC=C2C3=C(C=CCCC=C3)c3cccc(c32)C=C1
7.864210011863445,13.25,[C]#CC=C
7.499298283531379,29.23076923076923,Cc1ccc2cc(C)cc-2c(C)c1
7.524470855858349,27.058823529411764,CCc1c(C)c2ccccc2c2ccccc12
8.244204761800672,116.57142857142857,CC12CC3CC(C1)CC(C)(C3)C2(C)C
7.875092751290898,48.0,[C]1=CC=CC1
7.7954852493914455,41.333333333333336,C=C1C(C)=CC1=C(C)C
7.18914447354433,20.666666666666668,c1cc2cc3ccccc3c3ccccc3c-2c1
8.68633101664538,80.75,Cc1cccc2c1C1CCC2C12CCCC2
7.837261874758768,52.8,[2H]C1=CCC=C1
7.833998899936018,57.75,C=C1CC(C)=C(C)C1
7.4234441747783455,23.714285714285715,CCC#Cc1cccc2ccccc12
7.597013948804928,26.6,Cc1c(-c2ccccc2)ccc2c1-c1ccccc1C2
7.837261874758768,52.8,[2H]C1C=CC=C1
7.792467002963896,52.8,C1=CCC=C1
7.68242193470363,35.5,Cc1ccc2c(c1)CCc1c(C)cccc1-2
7.689202455341528,33.77777777777778,C1=C2C(=c3ccccc3=Cc3ccccc32)CC1
7.83660966365545,39.77777777777778,C=C1C=CC=CC(C)=C1
7.612865333852976,47.2,CC1=CC2=CCC=CC2=C1
7.1047158119219205,48.888888888888886,CC1=CCC2c3ccccc3C1c1ccccc12
7.278748600900197,31.142857142857142,Cc1cc(C)c2cc(C)cc-2c(C)c1
7.717391334121223,24.88888888888889,CCc1ccc(-c2cccc3ccccc23)cc1
6.623458161230916,12.571428571428571,[2H]C#CC#CC#CC
7.437655212852642,33.294117647058826,Cc1cc2cccc3ccc4c(c1=CCC4)c32
7.837261874758768,52.8,[2H]C1=CC=CC1
7.837261874758768,52.8,[3H]C1C=CC=C1
4.578924528239041,52.92307692307692,CC1=CC2=CC=CCC(C)(C)C2=C1
7.826169902959931,34.25,CCc1c(C)c(C)c(C)c2c(C)cccc12
5.020122908517669,52.5,C1=CC2=CC=C3C=CCC4=C3C2C(=C1)C=C4
7.203860174089662,16.333333333333332,C#CC#CC(C#CC#C)=C(C)C
7.841707878694071,33.333333333333336,CC1=Cc2c(-c3ccccc3)cc(C)c(C)c2C1
7.880475585011639,30.0,CC(C)=C(C)c1cc(C)cc2ccccc12
7.9542536408108475,33.6,C/C=C(/c1ccccc1)c1c(C)c(C)c(C)c(C)c1C
7.875092751290898,48.0,[C]1=CCC=C1
7.266232105581211,22.526315789473685,Cc1cc2ccccc2c2cc3ccccc3cc12
7.560098340150297,33.88235294117647,Cc1cc(C)c2c(c1)Cc1c(C)cc(C)cc1-2
7.8496565909245835,39.529411764705884,CC1(C)Cc2ccccc2Cc2ccccc21
7.552258185524991,45.57142857142857,C=C1C(C)=C(C)C(C)=C(C)C(C)=C1C
7.9897492580479526,37.46666666666667,CC(C)=C1CC=CC=C1c1ccccc1
7.488093061919522,43.6,[CH]1C=CC=C1
7.136374809243358,16.307692307692307,C#Cc1cc(C#C)c(C)c(C#C)c1
7.22885005274469,18.933333333333334,C#Cc1cc(C#C)c2cc(C)ccc2c1
8.657152233280788,110.28571428571429,CC(C)C(C)C(C)C1C(C)C2CCC21
7.830072494078687,33.333333333333336,CC1=C(c2ccccc2)Cc2cc(C)cc(C)c21
7.980379305311758,33.1,C=C1C(c2ccc(C)cc2)=CCc2cc(C)cc(C)c21
8.21491566990934,100.0,[C]1C2C=CC1C2
7.476582590075717,24.88888888888889,Cc1cccc(C)c1-c1cccc2ccccc12
7.334442636420016,24.0,C#CC1c2ccccc2-c2ccccc21
7.430028976792082,16.88888888888889,[CH]c1ccc(C#C)cc1
6.559149635269314,68.0,CC1=CCC2=C(C1)C(C)(C)CC2(C)C
7.706102399617677,71.33333333333333,CC1=CC=CC2C(C)=C(C)C12C
8.707528593207716,107.2,C[C@@H]1CC[C@H]2[C@@H](C)CC3=CC(C)(C)C[C@@]312
4.271268116913266,42.0,CC1=Cc2cccc(C(C)(C)C)c2C1
7.779415017197544,29.1,CC1=CC(=C(c2ccccc2)c2ccccc2)C(C)=C1
4.901267904375884,64.85714285714286,C=C1C=CCCC1
8.646244101964081,64.94736842105263,C=C1C(C)=C2c3ccc(C)c(C)c3CC23CCC1C3
6.133474458142059,42.93333333333333,CC1C=Cc2ccc3ccccc3c2C1
7.634342266413064,26.857142857142858,[13CH3][13c]1[13cH][13cH][13cH][13cH][13cH]1
5.17136223780717,47.0,c1ccc2c(c1)-c1cccc3c1[C@@H]2CCC3
7.192833753659161,19.625,[c]1ccc2cccc3c2c1-c1ccccc1-3
7.941422749340326,50.76923076923077,Cc1cc(C)c2c(c1)CC(C)(C)C2
7.845221959887182,67.5,CC1=C(C)[C@]2(C)C(C)=C(C)[C@]2(C)C(C)=C1C
7.07374842895844,21.7,C=C1c2ccccc2-c2ccccc2-c2ccccc21
7.562894010931075,30.526315789473685,CC1=CCc2c1cc(C)c1c2ccc2ccccc21
7.790986919124925,30.526315789473685,C=Cc1ccc(-c2c(C)c(C)c(C)c(C)c2C)cc1
7.3156564836987235,20.5,c1ccc2c(c1)-c1cccc3[14cH]ccc-2c13
7.800123804341279,27.529411764705884,C=C(c1ccccc1)c1cc(C)c(C)c(C)c1
7.770863288215543,51.05882352941177,C1=CCc2cccc3c2C(=C1)C1=C3CCCC1
7.67463062158574,32.25,C1=CC=C2C=CC=c3ccccc3=C2C=C1
7.7546848080126685,53.714285714285715,CC1=CC=C(C)C1
7.8351922623305805,54.0,CC1=CC[CH]C=C1
5.17136223780717,47.0,c1ccc2c(c1)-c1cccc3c1C2CCC3
7.263731443597002,61.86666666666667,CC1=C(C)C2=C(C)C(C)C(C)(C)C2=C1C
7.247365463727917,56.25,CC1=C2CCCC2C(C)=C1c1ccccc1
7.535372066578656,11.0,C#C[CH]C#C
7.512180398425255,22.5,C=C(C#CC)C#CC
7.404539773499373,24.2,Cc1ccc2ccc3c4cccc(C)c4ccc3c2c1
7.314086832121003,28.285714285714285,CC1=Cc2cccc3c(C)ccc1c23
6.77190446714474,56.705882352941174,C1=CCC2=C(C1)c1cccc3c1C2CC=CC3
8.875661822717845,97.0,C=C1[C@@H]2CCC[C@@]23C=C[C@H](C3)C1(C)C
7.389873714930305,14.6,[C]#CCC#C
6.758235242057844,20.5,c1ccc2c(c1)-c1cccc3cccc-2c13
8.712256626842198,116.26666666666667,CC(C)C(C)C1C(C)C2(C)C(C)C(C)C12
7.334901775431893,33.0,C1=C2c3ccccc3-c3cccc(c32)CC1
7.7906029308685705,51.63636363636363,C#CC1=C(C#CC)CCCC1
7.95315100960791,37.714285714285715,CC#C/C=C/CC
7.878426535890834,42.15384615384615,CC1=CCCC(c2ccccc2)=C1
7.345839807991867,30.125,C1=Cc2cccc3c2[C](C1)c1ccccc1-3
7.360660027385434,36.0,Cc1cc2c3c(cccc3c1)CC2
7.1462055527742585,46.8235294117647,CC1=CC2=C(C=CC=CC2c2ccccc2)C1
7.591161407181798,58.94736842105263,C1=C2[C@H](c3ccccc3C1)[C@H]1c3ccccc3C[C@@H]21
7.8724221540435595,39.0,C1=CC2c3ccccc3-c3cccc(c32)C1
8.785999450788456,129.71428571428572,CC12CC3CC4CC3(C)C1(C)C4(C)C2
7.66359206286802,28.666666666666668,CCc1cc2ccc(C)cc2c2cc(C)ccc12
7.6709150078550365,28.666666666666668,CCc1ccc2c(c1)c(C)cc1c(C)cccc12
7.92046494960575,42.93333333333333,CC1=Cc2c(C)c(C)cc(C)c2C1(C)C
7.722400448937161,38.8235294117647,Cc1ccc2c(C)c3c(c(C)c2c1)=CCCC=3
7.811320230966637,38.25,CC1C=CC2=Cc3cccc4ccc1c2c34
7.56651139081651,26.625,C=C1C=CC(c2cccc3ccccc23)=C1
8.117786164705635,95.16666666666667,C=C1CC(C)(C)[C@@H]2CCC[C@@]12C
7.502843573768453,33.77777777777778,C1=CC2=C(C1)c1ccccc1Cc1ccccc12
5.782268560609988,38.5,Cc1cc(C)c2c(c1)-c1ccccc1C2C
7.946398777160249,34.90909090909091,CC#CC(C#CC(C)C)=CC
6.768046782320796,56.666666666666664,CC1=CC2=CC(C)=CC2C(C)=C1
7.79620746604939,30.0,C=Cc1c(C)c(C)c(C)c2c(C)cccc12
7.078325719391616,22.58823529411765,Cc1cccc2c1-c1cccc3cccc-2c13
7.757031499370719,23.5,[CH]=c1ccccc1=C
7.5093460091401845,19.714285714285715,[C]=Cc1ccccc1-c1ccccc1
7.731125440794441,36.2,C1=CCc2c3c(c4ccccc4c2C=C1)C=CCC=C3
7.653124781795562,39.77777777777778,C1=CC=C2C3=C(CCC=C3)c3cccc(c32)C=C1
7.98332018848855,78.66666666666667,[2H]C1CC2C(=C)C(=C)C1C(=C)C2=C
6.93721066718631,11.714285714285714,C#Cc1cc(C#C)c(C#C)c(C#C)c1
7.894710615582023,39.0,C1=Cc2cccc3c2C(C1)c1ccccc1-3
7.667030416101214,26.857142857142858,[2H]Cc1ccccc1
7.378156897264149,33.77777777777778,C1=C2C(=CC1)c1ccccc1Cc1ccccc12
6.356009720743315,38.2,C=Cc1ccc2c(c1)C1c3cccc4cccc(c34)C21
5.997722785641062,36.5,C[C@H]1C=C(c2ccccc2)c2ccccc21
7.478262089418353,26.375,C=C1c2ccccc2-c2cc(C)cc(C)c21
7.1098158425412805,49.4,CC1=C(C)C(C)C(C)=C1c1c(C)c(C)c(C)c(C)c1C
7.752301346105429,42.0,CC1=C(C)c2c(C)c(C)cc(C)c2C1
7.645509454069331,21.11111111111111,C=Cc1ccc(-c2cccc3ccccc23)cc1
7.06129026581347,21.0,C=c1ccc(=C)c2c1-c1c-2c(=C)ccc1=C
5.307903994815079,42.8235294117647,C1=CCC2c3ccccc3-c3cccc(c32)C1
7.827182643562766,55.75,C1=Cc2ccc3c4c2=C(C1)CCC=4CCC3
7.6079673033382065,40.90909090909091,C=C1CCc2c(C)cccc21
7.652071401159244,43.25,C1=c2ccc3cccc4c3c2=C(CC1)CC4
7.6091157248105254,33.88235294117647,Cc1cc2c(c(C)c1C)-c1c(C)cccc1C2
7.8469304208242825,65.6,C=C1C[CH]C1
8.117786164705635,95.16666666666667,C=C1CC(C)(C)[C@H]2CCC[C@]12C
7.7498605078633656,29.88235294117647,CC(C)=Cc1cccc2c1Cc1ccccc1-2
7.583581440674309,23.058823529411764,Cc1ccc2cccc(-c3ccccc3)c2c1
7.88123505282427,45.6,C1=C2c3c4cccc-4cccc3C2CC1
7.210547257853155,20.941176470588236,CC#Cc1c2ccccc2cc2ccccc12
7.721671611206558,40.22222222222222,CC1=CC2=C(CCc3ccc4ccccc4c32)C1
7.314086832121003,28.285714285714285,CC1=Cc2ccc(C)c3cccc1c23
7.868098039447872,34.526315789473685,CC1=Cc2c(-c3ccc(C)cc3C)ccc(C)c2C1
6.14588784285957,20.0,c1cc2ccc3ccc4ccc5c6ccc1c6c2c3c45
7.949760607825199,41.64705882352941,C1=CC=C2C=CC3C2=C(C=C1)c1ccccc13
7.634932198454432,31.157894736842106,Cc1cccc2c1Cc1c(ccc3ccccc13)C2
7.188019648646164,35.25,C1=CCC2=C(C1)c1cccc3cccc2c13
6.718080225395991,17.2,C#Cc1cc2ccc3cc(C#C)cc4ccc(c1)c2c34
7.5153189124783975,21.846153846153847,C#CC#C/C(=C/C)c1ccccc1
6.464484994581937,37.64705882352941,CC1=C(c2ccccc2)c2ccccc2C1C
7.422600323192247,33.1,C1=CCc2cc3ccc4c5c(ccc(c2=C1)c35)C=CC4
7.57185661137162,104.0,C1CCC1
7.887940062340967,34.25,Cc1c(C(C)(C)C)cc2ccccc2c1C
6.173194924191883,42.93333333333333,CC1C=Cc2c(ccc3ccccc23)C1
7.3111451298478976,42.4,CC1=CC2=CC(C)=CC2=C1
7.971982620057052,40.30769230769231,Cc1cc(C)cc(CC(C)(C)C)c1
7.490455128982724,32.8,Cc1cc2c(C)ccc(C)c2c(C)c1C
6.958169008832312,50.0,C1=CC=C2C=CCC3C4=CC=CC=CC=C4C(=C23)C=C1
7.216588989204709,42.666666666666664,CC(C)/C=c1/cccc/c1=C/C(C)(C)C
5.645308559229699,104.0,[2H]C1CCC1
7.439076471597962,35.05882352941177,c1ccc2c(c1)cc1c3c(cccc32)CCC1
7.845731049494449,60.0,CC1=CC2=C(C=CC1)CC2
7.085135660291609,17.11111111111111,C#Cc1cccc2cc3c(C#C)cccc3cc12
5.645308559229699,104.0,[3H]C1CCC1
7.817934032540226,33.333333333333336,CC1=C(c2ccccc2)c2c(C)cc(C)cc2C1
7.566302123116651,45.111111111111114,C1=CCC23C(=C1)C=CC=C2C=Cc1ccccc13
7.905820300132891,35.294117647058826,C1=Cc2cccc3c2C(C=C1)c1ccccc1-3
7.480164134381059,32.2,C1=Cc2c(cc3c4c(cc5ccccc53)C=Cc24)CC1
7.022139930201584,20.4,c1cc2c3ccccc3c3ccc4cccc(c1)c4c3-2
7.627591036786773,30.5,Cc1ccc2c(c1-c1ccccc1)C=CC2
5.290165182623834,40.30769230769231,CCc1cc(CC)cc(C(C)C)c1
7.938052293008093,42.93333333333333,CC1=C(C)C(C)(C)c2ccc(C)c(C)c21
7.634238957836172,31.5,CC(C)=C1C=Cc2ccccc21
6.7730517842761895,20.4,c1cc2cc3ccc4cccc5ccc(cc-2c1)c3c45
5.17136223780717,47.0,c1ccc2c(c1)-c1cccc3c1[C@H]2CCC3
7.624920806197614,36.22222222222222,Cc1ccc2ccc3c4c(ccc3c2c1)CCC4
7.809051173927432,34.666666666666664,CC#C/C=C\C
7.288262254148972,26.823529411764707,CC1=C2C(=Cc3ccccc32)c2ccccc21
7.749833980778057,24.5,[CH2]CC#CC=C
7.491294801890801,26.526315789473685,Cc1cccc(C)c1-c1c(C)ccc2ccccc12
7.572812319319015,32.5,Cc1cc(C)c2c(c1)Cc1c(C)cccc1-2
7.43658062158574,35.25,C1=CCc2cc3cccc4c3c(c2=C1)CC=4
7.72408013462421,30.666666666666668,[CH]=CC#CCC
7.639642489717608,26.285714285714285,C=Cc1c(C)ccc2cc(C)ccc12
8.460371729595066,71.2,CC1=CC2c3cccc(C)c3C1CC2C
7.126904524295511,16.285714285714285,C#Cc1ccc2cccc(C#C)c2c1
7.616506641425381,60.94117647058823,Cc1ccc2c(c1)C1=C(CCC(C)C1)C2(C)C
7.684714634546914,42.2,C1=Cc2c3c(c4cccc5c4c2C=CC5)CCC=C3C1
7.33822741164096,15.285714285714286,C#Cc1[c]c2ccccc2c(C#C)c1
7.911914461735868,41.25,C1=Cc2ccc3cccc4c3c2C(C=C4)C1
6.949866381004363,27.6,Cc1cc(C)c2ccc3c(C)cc(C)c4ccc1c2c43
8.650916769600899,98.66666666666667,C#CC12CC3CC(C)(C1)CC(C#C)(C3)C2
8.018204914241817,57.23076923076923,C=C1c2ccccc2C2CC1C2=C
7.392978859963717,27.0,CC#CC#C/C=C/C
7.461004517562553,32.8,Cc1ccc2c(C)c(C)c(C)c(C)c2c1
7.0396570441894095,20.857142857142858,C#CC1=Cc2cccc3cccc1c23
7.634342266413064,26.857142857142858,C[13c]1[13cH][13cH][13cH][13cH][13cH]1
7.876378391986574,28.0,CC(C)=Cc1c(C)ccc2c1ccc1ccc(C)cc12
7.378242256929899,25.2,CC#Cc1ccccc1C
5.267304136417486,40.30769230769231,CCc1c(C)cc(C(C)C)cc1C
7.262543324475383,32.375,C1=C[C]2C(=CC1)c1cccc3cccc2c13
7.3936646298247695,59.25,CC1=CC(c2ccccc2)C2=C1CCCC2
6.5873039847401476,47.375,C=C1C=C(C2=C(C)C=CC2)C(C(C)(C)C)=C1
7.744928527925199,46.666666666666664,C/C=C1/CCc2ccc(C)cc21
7.34337823806134,27.058823529411764,Cc1ccc2c(C)c3ccc(C)cc3cc2c1
7.402159075367379,29.647058823529413,C1=Cc2cccc3c2C(=CC1)c1ccccc1-3
7.929491140527379,85.6,[CH]1C[CH]CC1
7.710640010269762,33.6,Cc1cc(C)c(/C=C/c2c(C)cc(C)cc2C)c(C)c1
7.2734237288635795,94.0,c1cc2c(c3c1C1CC3C1)C1CC2C1
7.237061786092809,59.46666666666667,C1=C[C@@H](c2ccccc2)C2=C1CCCC2
5.853272984618007,41.6,c1cc2c3c(c1)Cc1c(ccc4ccccc14)C3CC2
7.805865201076753,23.0,C#C/C=C\C=C/C#C
7.162973830308024,19.0,C=CC#Cc1ccc2ccc3cccc4ccc1c2c34
7.309163875180274,22.526315789473685,C=C(C)c1ccc2ccc3cccc4ccc1c2c34
5.928274719317788,39.0,CCc1cc(C)cc(C(C)C)c1
7.862837538658944,41.25,C1=CCC2C(=C1)c1cccc3cccc2c13
8.055569626856897,44.6,C1=CC2=CC=C3C=CC(c4ccccc4)C3=C(C=C1)C2
7.522933810305389,27.058823529411764,Cc1ccc2c(c1)cc(C)c1c(C)cccc12
7.751997496398337,82.4,CC1=CC(C)(C)C2C=CC12
6.984654154966053,53.89473684210526,C1=CC=C2C=CC=CC3C4=C(CC=CC4)C(=C23)C=C1
7.070142137161611,28.6,c1ccc2c(c1)Cc1ccc3c(c1-2)-c1ccccc1C3
7.405350977512752,24.2,Cc1cc2ccccc2c2c(C)c3ccccc3cc12
7.334191057457982,28.0,CC1=Cc2ccc3c(c2C1)-c1cccc2cccc-3c12
7.845221959887182,67.5,CC1=C(C)C2(C)C(C)=C(C)C2(C)C(C)=C1C
7.667437405929945,31.555555555555557,[C]1=c2ccccc2=CC1
7.867860909143568,42.75,Cc1cc2ccccc2c2c1CC(C)(C)C2
5.817812411420046,53.75,C1=CC2=C3C(=CCCC3C1)c1ccccc12
7.542029810054581,34.666666666666664,[2H]C1C=C2c3ccccc3-c3cccc1c32
7.437063970148461,27.6,C=C1Cc2ccccc2-c2ccccc21
7.663825135906283,32.0,[2H]CC#CC
7.81778496485817,40.92307692307692,CCC1=Cc2c(C)cc(C)cc2C1
7.752204344749371,32.0,CC1=Cc2c(-c3ccccc3)ccc(C)c2C1
8.201096572127932,72.3076923076923,Cc1cc(C)c2c(c1)[C@@H]1CC[C@H]2C1
7.29283673106879,32.375,C1=CC[C]2C(=C1)c1cccc3cccc2c13
7.562610039115854,31.142857142857142,Cc1cc2cccc(C)c2c(C)c1C
7.727982907877058,51.38461538461539,Cc1cc2c3c(c1)=CCCC=3CC2
7.729579943556343,30.933333333333334,C=C(C)C#Cc1c(C)c(C)cc(C)c1C
7.563132998784726,66.28571428571429,C1=CC2=C(C=CC3=C1CCC3)CCC2
7.299921826688752,26.2,Cc1c2ccccc2c2c3c1ccc1cccc(c13)C2
7.339132844027503,27.6,Cc1cc2c(C)cc3ccc(C)c4ccc(c1C)c2c34
7.868779037367484,34.11764705882353,CC1(C)C=Cc2ccc3ccccc3c2C=C1
6.505294936553121,45.89473684210526,Cc1cccc2c1C1(CCCC1)c1c(C)cccc1-2
7.559771293516665,24.88888888888889,Cc1cc(-c2ccccc2)c2ccccc2c1C
7.5245912443479,23.058823529411764,C=C(C)c1c2ccccc2cc2ccccc12
7.990757525433822,53.0,c1ccc2c(c1)CC1CC2c2ccccc21
6.507013393829042,72.4,c1ccc2c(c1)C1CC2C1
8.324595377080634,26.857142857142858,C[14c]1[14cH][14cH][14cH][14cH][14cH]1
6.864049806631934,20.857142857142858,c1cc2cccc-2cc2cccc-2c1
7.550602777677462,43.25,C1=C2CCCc3ccc4cccc(c4c32)C1
7.562405262452103,28.666666666666668,Cc1ccc2c(ccc3c(C)c(C)c(C)cc32)c1
7.870532182373094,48.266666666666666,Cc1cc(C)c2c(c1C)C(C)(C)C2(C)C
7.62249451387422,25.285714285714285,Cc1cccc(C)c1-c1c[c]ccc1
7.822497597571562,35.111111111111114,Cc1ccc2c(c1)C(C)(C)c1c-2ccc(C)c1C
4.747578107584129,41.0,Cc1cc2c(ccc3ccccc32)c2c1C1CCC=C21
7.477927888017722,31.529411764705884,Cc1cc(C)cc(-c2c(C)cc(C)cc2C)c1
6.2402234351035455,40.888888888888886,C1=CC2(CCC1)c1ccccc1-c1ccccc12
7.30639030126375,28.666666666666668,Cc1cc(C)c2cc3cc(C)cc(C)c3cc2c1
7.502115928393206,28.8,C=Cc1ccc2c3c(cccc13)CC=C2
7.54753879740892,32.5,Cc1ccc2c(c1)Cc1cc(C)cc(C)c1-2
7.479509220058656,38.6,c1ccc2c(c1)cc1c3c(cccc32)C2=C1CCCC2
8.145745378107497,88.0,C=CC12CC3(C=C)CC(C=C)(C1)CC(C=C)(C2)C3
7.343959162336612,30.5,Cc1cc[13c](C)cc1
4.660151511475405,50.5,CC1=C(C)C2=C(C)C(C)(C)C(C)=C(C)C2=C1
7.3481147042413895,29.11111111111111,[CH]1C=Cc2ccccc21
7.428643168287119,27.11111111111111,Cc1cccc2c1Cc1ccc3ccccc3c1-2
7.441545173235912,24.2,Cc1cccc2c1cc(C)c1c3ccccc3ccc21
7.726720748827221,32.0,Cc1ccccc1-c1c(C)ccc2c1C=CC2
6.406200909090591,70.66666666666667,CC1=[C]CCC1
8.610180456962745,95.11111111111111,CC1=C(C)[C@@]23[C@@H]1C=C[C@@H]2[C@@H]1C=C[C@H]2C(C)=C(C)[C@]213
7.587930588549783,32.5,Cc1ccc2c(c1)-c1c(C)ccc(C)c1C2
7.508394093319499,24.307692307692307,CCC#CCC#Cc1ccccc1
7.6393711418234425,17.333333333333332,C#C/C=C\C#C
7.518213573098847,37.1764705882353,C1=C2c3ccccc3-c3cccc(c32)CCC1
7.241366254148971,34.588235294117645,c1cc2c3c4c5c(cccc5cc3c1)CC4C2
7.774190985866251,36.705882352941174,Cc1ccc2c(c1)-c1ccc(C)c(C)c1CC2
7.82748448024533,41.42857142857143,Cc1cc(C)c(C)c(C(C)(C)C)c1C
7.349423126570663,18.857142857142858,C=CC#Cc1cccc2ccccc12
7.732486405012894,41.75,C=C1C=C(C)C=C1C
6.909194929401071,17.2,C#Cc1cc(C#C)c2ccc3cccc4ccc1c2c43
6.477312046953408,51.733333333333334,CC1=CC=C2C=CC(C)=C3C=CC=C1C23
7.397479532013651,78.0,CC1=C(C)C(C)C2=C1CCCC2
7.571991895517302,24.0,C=Cc1c(C)ccc2ccccc12
7.460958788460695,25.25,Cc1cc(C)c2ccc3ccccc3c2c1
7.579584876208171,33.77777777777778,C1=Cc2cccc3c2C(=CCC1)c1ccccc1-3
7.9147318527327375,32.10526315789474,C=C1CC=C(c2ccccc2)/C1=C/c1ccccc1
7.343959162336612,30.5,Cc1ccc(C)cc1
7.396786226375739,33.88235294117647,Cc1cc(C)c2c(c1)Cc1cc(C)cc(C)c1-2
7.593361527446829,24.88888888888889,Cc1ccc(-c2cccc3cccc(C)c23)cc1
7.661730487554523,67.63636363636364,CC1=C(C)C(C)(C)C=CC1C
7.265581069750409,33.26315789473684,c1cc2ccc3cc4c(c5ccc(c1)c2c35)CCC4
7.232016228783429,27.6,Cc1c(C)c2ccc3ccc(C)c4ccc(c1C)c2c34
7.4388948387877525,24.2,Cc1cccc2c1c(C)cc1c3ccccc3ccc21
7.4507518524590255,32.666666666666664,[c]1ccc2c(c1)CC=C2
7.808595230966637,37.875,[2H]C1=c2ccc3c([2H])c([2H])c([2H])c4ccc(c2c43)CC1[2H]
4.075748358592875,46.25,C#CC1=C(c2c(C)cccc2C)CCCC1
7.321618484484761,60.0,C1=C2CC=C2C1
7.433291824350643,27.058823529411764,Cc1cc(C)c2ccc3c(C)cccc3c2c1
6.854379067527813,36.4,c1cc2cc3c4c(cc5c6c(cc(c1)c2c46)CC5)CC3
7.879083478699882,86.58823529411765,CC1(C)C2C(C)(C)C(C)(C)C1C(C)(C)C2(C)C
6.855516619058044,52.0,Cc1cc(C)c2c(c1)CC(C)C=C2
7.556254522529103,80.57142857142857,CC1=C(C)C2(C)C(C)(C)C1(C)C2(C)C
7.235707094164808,24.0,C#Cc1cccc2c1Cc1ccccc1-2
7.335820742920449,22.526315789473685,Cc1cccc2ccc3c4ccccc4ccc3c12
7.573490365244673,31.529411764705884,Cc1ccc(-c2c(C)cc(C)cc2C)c(C)c1
7.110606646311425,16.285714285714285,C#Cc1cc(C#C)cc2cccc-2c1
6.991955726587779,62.0,CC1C2=C(CCCC2)c2ccccc21
7.604021409395931,30.0,Cc1ccc(-c2c(C)cccc2C)c(C)c1
8.459818955775084,103.11111111111111,CC(C)(C)C12CC3CC(C1)CC(C(C)(C)C)(C3)C2
7.07181907315567,30.75,c1cc2c3c(c1)ccc1cccc(c13)CC2
8.376137182731807,76.83333333333333,C/C=C1/C(=C(C)C)C2C=CC1C2
7.3979056549417095,29.5,[2H]C1([2H])CC=c2cccc3c2c1c1cccc2cccc3c21
7.862913650562552,52.888888888888886,C1=CC=C2CCC=C3C4=C(CC=CC4)C(=C23)C=C1
7.300126389735251,33.55555555555556,Cc1cc2c3c(ccc4cc(C)cc(c43)CC2)c1
6.465800241521813,48.705882352941174,C#Cc1cc(C)cc2c1C(C)(C)CCC2(C)C
5.51461319027986,31.4,Cc1cccc2c1-c1ccccc1C2c1ccccc1
7.387894161172321,44.2,C1=CC2=CC=C3C=CCC4=C3C2(C=C1)c1ccccc14
7.364629165794285,31.142857142857142,Cc1ccc2ccc(C)c(C)c2c1C
7.38391262315222,26.071428571428573,[C]#Cc1c(C)c(C)c(C)c(C)c1C#C
7.456403357387682,113.33333333333333,C1=CC2CC1C2
5.6242112453107715,56.714285714285715,C[C]1[C](C)[C](C)[C](CC(C)(C)C)[C]1C
6.890944884773075,45.89473684210526,Cc1cccc2c1-c1cccc(C)c1C21CCCC1
6.264990030189602,57.166666666666664,CC(C)=C1CC(C)(C)C(C)=C1C
7.307794083124201,31.875,C1=c2ccc3cccc4ccc(c2c43)CC1
4.224673293068699,35.111111111111114,c1ccc(C2Cc3cccc4cccc2c34)cc1
8.035009858520478,53.333333333333336,Cc1cccc2c1C1CCC2c2c(C)cccc21
7.675265661752163,34.94736842105263,Cc1ccc2c(c1C1=CC=CC1)Cc1ccccc1-2
7.63666538451406,36.21052631578947,Cc1cc(C)c2c(c1)C(C)(C)c1cc(C)cc(C)c1-2
7.808595230966637,37.875,[2H]C1=c2ccc3c([2H])c([2H])c([2H])c4ccc(c2c43)C([2H])C1
7.315746101091753,55.4,C1=C[C@@H]2C3=C(CC=CC3=C1)c1cccc3c1[C@H]2C=CC3
7.646501846083166,35.5,CC1(C)c2ccccc2Cc2ccccc21
7.900927188110016,51.63636363636363,CC1=CC=CC=C(C)C1(C)C
7.48021203475925,27.0,Cc1cccc2ccc(C)c-2c1
9.004170014377442,109.2,C=C1[C@H]2CC[C@@]3(C2)[C@H](C)CC[C@H]3C1(C)C
7.573793154762848,31.529411764705884,Cc1cc(-c2c(C)cccc2C)cc(C)c1C
7.868680786852133,32.8,Cc1cc(C(C)(C)C)c2ccccc2c1
7.4507518524590255,32.666666666666664,[c]1ccc2c(c1)C=CC2
7.054144953123443,18.666666666666668,C#CC#CC#C/C=C/C
6.704177986581032,48.63157894736842,CC1=C2C=C(C(C)C)CCc3cc(C)c(C)c(c32)C1
7.2307251988879795,25.5,C1=Cc2ccccc2-c2ccccc2C=C1
7.692874462931527,33.05263157894737,Cc1cc2c(ccc3ccccc32)c2c1=CCCC=2
9.004170014377442,109.2,C=C1C2CC[C@@]3(C2)[C@H](CC[C@@H]3C)C1(C)C
7.308187154097554,58.72727272727273,C=C1C(C)=CC(C)=C(C)C1C
7.514504516714743,41.86666666666667,Cc1ccc2ccc(C)c3c2c1CCC3
7.154407849887872,53.06666666666667,C1=CC2(CCCC2)C(c2ccccc2)=C1
9.004170014377442,109.2,C=C1C2CC[C@@]3(C2)[C@H](C)CC[C@H]3C1(C)C
7.8730274791804975,31.529411764705884,CCc1cccc(-c2c(C)cc(C)cc2C)c1
7.799040896534384,33.88235294117647,CC(C)(C)c1cccc2c1-c1ccccc1C2
7.9053453821511965,62.857142857142854,CC1C2=C(C=CCC2)C2=C1CCC=C2
7.351731383059686,29.647058823529413,C1=CCc2cccc3c2C(=C1)c1ccccc1-3
6.496781970703601,43.75,Cc1cccc2c3c(ccc12)CC(C)C=C3
6.938053652852108,55.0,C1=CC2(CCCC2)c2ccc3c4c(ccc1c24)CCC3
6.818058922042143,46.0,Cc1cc(C)c2c(c1)C(C)(C)C=CC(C)(C)C=C2
5.7140035812965895,71.33333333333333,CC1=CC2(C)C=C(C)C2C(C)=C1
7.492276740934568,23.058823529411764,C=c1c2ccccc2c(=C)c2cc(C)ccc12
7.454384688113387,27.058823529411764,Cc1ccc2c(C)c3cc(C)ccc3cc2c1
7.3162138422727745,24.2,Cc1cc(C)c2c3ccccc3c3ccccc3c2c1
8.247966847163372,103.11111111111111,CCC12CC3(CC)CC(CC)(C1)CC(CC)(C2)C3
3.325415401975965,37.1764705882353,C1=CC2(CC1)c1ccccc1-c1ccccc12
7.577729406154899,27.076923076923077,C=CC#Cc1c(C)cc(C)cc1C
7.609722256929899,46.4,C#CC1=C(C#CC)CCC1
7.449041268766598,30.333333333333332,CC#Cc1c(C)cc(C)cc1C
7.753794453358971,30.58823529411765,C#CC1(C)c2ccccc2Cc2ccccc21
7.375639279673452,23.714285714285715,CC#Cc1c(C)ccc2ccccc12
7.443624274688739,44.2,C1=CC2=CC=c3ccc4c5c3C2(C=C1)C=CC5=CCC=4
6.399224348102985,46.888888888888886,CC1=C2C=Cc3ccc(C)c4c3C2C(=CC4)C=C1
7.829821366675514,25.6,[CH]=C(C)C#C
7.543021242809792,16.307692307692307,C#CC(C#C)(C#C)c1ccccc1
6.4717639207826565,8.0,C1#CC#CC#CC#CC#CC#C1
7.634593984216276,42.93333333333333,CC1=C(C)c2c(C)c(C)c(C)c(C)c2C1
7.650590508086365,29.1,CC1=CC=C(C)C1=C(c1ccccc1)c1ccccc1
7.633034767104427,31.2,CC1=c2ccccc2=C2C1=c1ccc(C)c(C)c1=C2C
7.5244250394531145,28.63157894736842,Cc1cc(C)c2ccc3c(c2c1)-c1ccccc1C3
7.396864567839073,25.05263157894737,[2H]C1(c2ccccc2)c2ccccc2-c2ccccc21
6.771222994923034,17.2,C#Cc1ccc2ccc3c(C#C)ccc4ccc1c2c43
4.141461531190255,69.33333333333333,CC1=C(C)C(C)(C)CCC1(C)C
7.487846586431658,30.933333333333334,Cc1cc(C)c2c(c1)-c1ccccc1C2
7.499847236440712,40.285714285714285,C1=Cc2ccc3c(c2=CC1)=CCC=C3
7.398057891739134,33.5,C1=CCc2ccccc2-c2ccccc2C1
7.565216792754235,24.6,Cc1cccc(C)c1-c1ccccc1-c1ccccc1
7.597480557899926,32.666666666666664,[c]1cccc2c1C=CC2
7.73321018123667,41.75,C=C1C=C(C)C(C)=C1
5.728108042228131,26.857142857142858,[14CH3]c1ccccc1
6.905281395903997,17.25,C#Cc1c(C)c(C#C)c(C#C)c(C)c1C#C
4.167809051070368,33.77777777777778,C1=CCC2(C=C1)c1ccccc1-c1ccccc12
6.939581269061601,24.63157894736842,[2H]C1([2H])c2cccc3ccc4ccc5cccc1c5c4c23
7.296806361511197,40.6,C1=CC2=CCc3ccc4cccc5c4c3C2(C=C1)C=C5
7.521638521444336,31.142857142857142,Cc1cc(C)c2cccc(C)c2c1C
7.369101144665603,80.0,CC1=C[C@H](C)C2=C1CCCC2
7.830278556965107,56.4,C/C=C1\CCCC2=C1C=C(c1ccc(CC)cc1)C2C
7.521389073591054,25.3,C=C1C=CC=C1c1c2ccccc2cc2ccccc12
7.5061800057964305,34.2,CC1=c2c(c3ccccc3c3ccccc23)=C(C)CC1
7.585132434104591,37.55555555555556,Cc1c2c3c4c(cccc4c1C)CC=C3CC=C2
7.12803780735019,25.5,C1=Cc2ccccc21
8.587286949745259,92.0,Cc1cccc2c1[C@@H]1[C@H]3CC[C@H](C3)[C@@H]1C2
8.678710376997607,100.57142857142857,CC1(C)C=C2CC3(C)CC(C)(CC23)C1
6.565515065681327,61.0,C1Cc2c1c1c(c3c2CC3)CC1
7.335139049685202,41.5,c1ccc2c(c1)CC2
7.1897282278591765,27.75,CC1c2cccc3ccc4cccc1c4c23
7.388019553961478,29.5,C1=c2ccc3cc4ccccc4c4ccc(c2c34)CC1
8.085119474628344,101.71428571428571,C#CC12CC3CC(C1)CC(C#C)(C3)C2
7.32676344745774,27.6,Cc1cc2cc(C)c3c(C)ccc4ccc(c1C)c2c43
7.369101144665603,80.0,CC1=CC(C)C2=C1CCCC2
7.1299817126244225,16.285714285714285,C#Cc1cc(C#C)c2cccccc1-2
9.004170014377442,109.2,C=C1[C@@H]2CC[C@@]3(C2)[C@H](CC[C@@H]3C)C1(C)C
7.409971470236146,37.55555555555556,CC1=Cc2ccc3c4c(ccc(c24)C1)C=C(C)C3
7.557813015686044,31.555555555555557,[C]1=CCc2ccccc21
7.561126421080273,29.23076923076923,Cc1cccc2cc(C)c(C)c-2c1
7.559847295866856,33.111111111111114,Cc1cc2c(c3ccc4c(c13)CC=CC=4)C=CC=2
7.6428580154999395,29.333333333333332,CC#Cc1ccc2c(c1)C(C)(C)c1ccccc1-2
7.652039905485958,31.157894736842106,Cc1ccc2c(c1)Cc1c(ccc3ccccc13)C2
7.445046445982127,24.2,Cc1ccc2c(ccc3cc(C)c4ccccc4c32)c1
7.66969170593662,40.92307692307692,CC1=C(C)c2c(C)ccc(C)c2C1
7.222819926978082,24.2,Cc1ccc2c(ccc3ccc4cc(C)ccc4c32)c1
7.384576129062102,24.4,C=C1c2ccccc2-c2cccc(C)c21
7.6238366874418855,33.88235294117647,Cc1cc(C)c2c(c1)Cc1ccc(C)c(C)c1-2
7.358435987527911,30.4,C1=Cc2c(cc3ccc4cccc5ccc2c3c45)CC1
7.662953478728597,26.285714285714285,C=C(C)c1c(C)ccc2ccccc12
7.752301346105429,42.0,CC1=C(C)c2c(C)cc(C)c(C)c2C1
7.613410915674429,30.0,Cc1ccccc1-c1cc(C)c(C)c(C)c1
7.601045593768786,42.0,CC1=CCc2c(C)c(C)c(C)c(C)c21
7.976048490613607,32.44444444444444,CC1c2ccccc2-c2ccc3ccccc3c21
7.703732025851263,28.4,CC1=Cc2c(cc3ccccc3c2-c2ccccc2)C1
7.632446445761564,26.285714285714285,C=Cc1cccc2c(C)ccc(C)c12
2.8235497822464097,44.61538461538461,CC(C)c1ccc(C2=CCC2)cc1
7.509844411051969,44.0,CC1=C(C)C(=C2C=CC=C2)C(C)=C1C
7.50272525804807,46.22222222222222,C1=CCC2=CC=CC2=C1
6.590720445168923,48.30769230769231,CC1=Cc2cc(C)cc(C)c2C1C
7.701723139931637,35.0,CC(C)=C1c2ccccc2CCc2ccccc21
7.893735251809715,33.111111111111114,C#Cc1cc(C(C)(C)C)c(C#C)cc1C(C)(C)C
7.874639308248074,37.6,CC1(C)C=C2c3ccccc3C(C)(C)c3cccc1c32
7.070256889943279,21.25,CC#Cc1cccc2c(C#CC)cccc12
7.204424920457626,24.2,C=c1cc(C)c2ccc3c(C)cc(=C)c4ccc1c2c34
6.801370709451213,33.0,Cc1cccc(C)c1[C@H](C)c1ccccc1
7.477689295618168,57.86666666666667,Cc1cc(C)c2c(c1C)C(C)(C)C(C)C2
6.864447353147505,24.444444444444443,Cc1cc2ccc3cc(C)cc4ccc(c1)c2c34
7.279020428087353,26.2,Cc1cccc2cc3c4c(ccc5cccc(c54)C3)c12
8.140090907322682,76.92307692307692,C=C1C(=C)C2C(=C)C(=C)C1C[C@@H]2C
7.41444245979749,33.88235294117647,Cc1cc(C)c2c(c1)-c1cc(C)cc(C)c1C2
7.809051173927432,34.666666666666664,CC#C/C=C/C
6.866629464211224,20.4,c1ccc2c3ccc4cccc5ccc(c-2cc1)c3c45
7.443313567884742,24.2,Cc1cccc2cc(C)c3c4ccccc4ccc3c12
5.534012162465206,51.46666666666667,Cc1cc(C)c2c(c1)C(C)(C)CC2(C)C
8.037338487879412,62.46153846153846,CC1=C(C)C2CC1c1ccccc12
8.406765338823453,62.13333333333333,CC1=C[C@]23C=C[C@H]1c1cccc(c12)CC3
7.622325375748012,30.2,Cc1ccc2c3c(c4ccccc4c2c1)C=CCC=C3
7.4874269476216835,45.333333333333336,CC1=CC=C1C
7.594106445761565,42.57142857142857,CC1=Cc2c(cc(C)c3c2CC=C3)C1
7.678512076602147,32.5,Cc1cccc2c1C(C)(C)c1ccccc1-2
7.77059558227144,36.0,Cc1ccc2c(c1)Cc1c-2ccc(C)c1C1=CC=CC1
3.1145625435453157,45.75,CC1(C)CCCc2ccc3ccccc3c21
7.371080231021337,24.2,Cc1ccc(C)c2c1ccc1c3ccccc3ccc12
7.660390024641026,32.75,Cc1ccc2c3c(ccc2c1)C=CCC=C3
7.4811333760929575,28.842105263157894,C1=CCC(c2c3ccccc3cc3ccccc23)=C1
7.600643936868458,30.0,Cc1cccc(-c2c(C)cc(C)cc2C)c1
7.707607747507832,32.8,CCC#C/C=C\C#CCC
7.691139992439648,28.88888888888889,Cc1ccc2c(c1C)-c1ccccc1C=CC=C2
7.584255266266149,24.88888888888889,Cc1ccc2c(-c3ccccc3)cc(C)cc2c1
7.510362157953511,52.5,C1=CC2=CC3(C=CC=C3)C3=C2C(C=C1)C=C3
7.4947382176401005,28.8,C1=Cc2ccccc2-c2ccccc2C1
7.343959162336612,30.5,[13CH3][13c]1[13cH][13cH][13c]([13CH3])[13cH][13cH]1
7.623566530774087,33.68421052631579,c1ccc(-c2cc3c(c4ccccc24)CCC3)cc1
7.057953179656442,16.285714285714285,C#Cc1cccc2c(C#C)cccc12
7.336525721016667,32.30769230769231,C#Cc1c(C)c(C)c(C)c(C)c1C
6.8775118565280415,24.63157894736842,c1cc2c3c(c1)ccc1ccc4cccc(c4c13)C2
7.543932339524844,26.235294117647058,CC=C1c2ccccc2C=Cc2ccccc21
7.578331952435132,30.0,Cc1ccc(-c2cc(C)c(C)cc2C)cc1
7.202104031823459,30.736842105263158,Cc1ccc2ccc3c4c(cc5ccc1c2c53)CC4
4.439042842714042,37.333333333333336,Cc1cccc2c1[C@H](C)c1ccccc1-2
7.931391890235685,56.266666666666666,C#Cc1ccc(C#C)c2c1C1CCC2C1
7.416911876979365,28.666666666666668,Cc1ccc2c(C)cc3c(C)cc(C)cc3c2c1
6.537344951681845,7.75,C#CC#CC#C[C]=C
4.439042842714042,37.333333333333336,Cc1cccc2c1C(C)c1ccccc1-2
7.191188990308464,20.8,c1ccc(-c2c3ccccc3cc3ccccc23)cc1
7.505178586120053,37.1764705882353,C1=C2c3ccccc3CCc3cccc(c32)C1
7.541231874331997,32.5,Cc1cc(C)c2c(c1)Cc1cccc(C)c1-2
6.960131933381227,39.2,C1=CC2=c3cccc(-c4ccccc4)c3=CCC2C=C1
8.281976483006016,64.0,C1=C[C@H]2C[C@@H]1[C@@H]1c3ccccc3-c3ccccc3[C@@H]12
7.614023132123217,28.8,C=c1cc(C)c(=C)cc1C
7.168247501477079,25.57894736842105,C1=c2ccc3cccc4cc5cccc(c5c2c34)C1
4.62331799788889,71.5,CC1(C)CC(C)(C)C1=C1C(C)(C)CC1(C)C
7.690848174573316,28.4,CC1=Cc2cccc(-c3cccc4ccccc34)c2C1
7.730885499079045,43.666666666666664,Cc1cc(C)c2c(c1)CCC=C2
7.5097823161992405,30.4,C1=c2cccc3c2=C(CC1)c1c-3ccc2ccccc12
7.765716271518383,41.68421052631579,Cc1cccc2c1CCC1=C2c2ccccc2CC1
7.388019553961478,29.5,C1=c2ccc3c4ccccc4cc4ccc(c2c43)CC1
7.333842691279308,43.25,c1cc2c3c(cccc3c1)C1=C2CCCC1
7.154070410649816,29.5,Cc1c(C)c(C)c2c(c1C)-c1ccccc1-2
7.445531442073366,32.2,C1=Cc2c3c4c(cccc4c4ccccc24)CC=C3C1
7.644537222534292,30.105263157894736,Cc1cc(C)c2c(ccc3c(C)c(C)c(C)cc32)c1
7.31450214763473,22.526315789473685,Cc1c2ccccc2cc2ccc3ccccc3c12
7.620503898391041,31.11111111111111,Cc1cccc(C)c1/C=C/c1c(C)cccc1C
7.264759785737193,24.4,CC=C1c2ccccc2-c2ccccc21
8.69157823822128,138.5,C[C@H]1[C@H]2CCC[C@H]2[C@H]2[C@H]1C[C@@H]1CCC[C@@]12C
6.999729806254212,20.4,c1ccc2c3c(ccc2c1)=c1ccc2ccccc2c1=3
7.685380596053463,37.26315789473684,Cc1ccc2ccc3c4c(c(C)cc3c2c1)CCC4
5.845957632112939,38.5,Cc1ccc2c(c1C)C(C)c1ccccc1-2
7.723518009278538,40.92307692307692,CC1=C(C)c2c(ccc(C)c2C)C1
7.77436025869443,30.333333333333332,CCC#CCc1ccc(C)cc1
7.056131325887307,20.857142857142858,C=c1c(=C)c2c1ccc1c(=C)c(=C)c12
7.882705158893708,27.4,C=Cc1c(C)[c]ccc1C
7.805188928898582,44.36363636363637,CC1=CC=CC(C)=CC(C)=C1
7.429071826688752,32.2,C1=CC2=CCc3c4ccccc4cc4ccc(c2c34)C1
7.943259429996668,89.5,C#CC12CC3CC(C#C)(C1)CC(C#C)(C3)C2
7.817417275981434,31.714285714285715,CC#C/C=C/c1c(C)cc(C)cc1C
4.439042842714042,37.333333333333336,Cc1cccc2c1[C@@H](C)c1ccccc1-2
7.00555364836363,43.0,C=C1C=CC(C)=CC1c1ccccc1
6.801370709451213,33.0,Cc1cccc(C)c1[C@@H](C)c1ccccc1
7.6024695226846415,40.857142857142854,Cc1cc2ccccc2c2c1CCC2
7.997341482073993,49.111111111111114,c1cc2c3c(c1)ccc1cccc(c13)C1CCC21
7.576677127011322,32.5,Cc1ccc2c(c1)-c1c(ccc(C)c1C)C2
6.6094672456163375,20.4,c1cc2cccc3c4cccc5cccc(c(c1)c23)c54
7.573692764261228,30.0,Cc1ccc2c(c1C)-c1c(cc(C)c3ccccc13)C2
6.929975252676572,20.4,c1cc2ccc3ccc4cccc5ccc(c-2c1)c3c45
7.59983620645327,38.6,C1=C2CCCc3ccc4c(c(cc5ccccc54)C1)c32
7.102084193135882,19.7,[c]1ccc2cccc3c4cccc5cccc(c1c23)c54
7.319704253928122,35.46666666666667,C1=CC2=c3ccccc3=C3C=CC(=C23)C1
5.236737187267554,54.57142857142857,Cc1ccc(C)c2c1CCCC2(C)C
7.460958788460695,25.25,Cc1ccc2c(c1)c(C)cc1ccccc12
7.567504028179147,40.857142857142854,Cc1cc2c3c(cccc3c1)CCC2
7.140901124062839,24.2,Cc1cc2c3ccccc3c(C)cc2c2ccccc12
7.344872664130359,32.22222222222222,C=C1Cc2ccccc21
7.915926820685033,35.2,C1=CC2c3c(cccc3-c3cccc4cccc2c34)C1
7.760987634602093,50.76923076923077,Cc1ccc(C)c2c1CC(C)(C)C2
8.991372120571718,107.2,CC1=CC[C@@]23C[C@@H]1C(C)(C)[C@H]2CC[C@H]3C
7.5635797661466935,27.5,C1=CC=CC(=C(c2ccccc2)c2ccccc2)C=C1
8.132862313108188,111.42857142857143,CC1CC(C23CC(C)C2C2=C3C=C2)C1
7.619963561117113,36.22222222222222,Cc1cccc2ccc3c4c(ccc3c12)CCC4
8.424825722854543,56.0,C1=CC23CCc4ccc5c(c42)C1(CC5)c1ccccc13
7.471622031266407,24.2,Cc1cccc2c(C)c3c(ccc4ccccc43)cc12
6.162880535167262,20.0,c1cc2cc3ccc4ccc5cc6ccc1c2c6c3c45
7.715452137122526,40.92307692307692,CC1=C(C)c2c(C)cc(C)cc2C1
7.161799949135468,37.25,CC1=C2C=CC=CC(=Cc3ccccc31)C2
8.991372120571718,107.2,CC1=CC[C@]23C[C@H]1C(C)(C)[C@@H]2CC[C@@H]3C
6.203257751693191,45.0,C1=CC2c3ccccc3C2c2ccccc21
7.296205685879134,28.666666666666668,Cc1cc(C)c2ccc3c(C)cc(C)cc3c2c1
7.847337041242221,35.529411764705884,Cc1c(C)c(C(C)(C)C)c2ccccc2c1C
7.566206625049568,30.0,Cc1cc(C)c(C#Cc2cc(C)c(C)c(C)c2)c(C)c1
6.845049347318323,52.0,CC1=CC(C)Cc2ccc(C)cc21
7.994523223430377,65.0,CC1(C)C2=C(CC=CC2)CC2=C1CC=CC2
7.571153058983206,25.6,[CH]=CC#CC
7.32089483009513,27.0,Cc1cc(C)c2cccccc1-2
6.950262459267446,10.222222222222221,C#CC(C#C)(C#C)C#CC#CC(C#C)(C#C)C#C
7.71861650869443,39.666666666666664,CCc1cc(C)c2c(c1)CC=C2
7.723026006201125,28.857142857142858,C/C=C/c1ccc(C)c2ccccc12
7.709976275766743,60.44444444444444,C1=CCC2=CCCC2=C1
7.5689318529111995,25.176470588235293,C/C=C/c1c2ccccc2cc2ccccc12
7.790530065060713,31.8,CC1=CC(C)(C)c2cc3ccccc3c3cccc1c23
9.063534683643006,98.4,CC(C)[C@@]12CC3CC(C(C)(C)C)(C1)C[C@](C(C)C)(C3)C2
7.123731535922199,106.0,C1C2CC1c1c2c2c(c3c1C1CC3C1)C1CC2C1
7.502500906577073,28.0,C#Cc1c(C)cc(C)cc1C
6.934539538390857,20.4,c1ccc2c(c1)cc1[13cH]cc3cccc4c[13cH]c2c1c34
7.89975141107795,55.5,CC1=C(C)C(C)(C)C2=C1C(C)=C(C)C2(C)C
7.671848453482221,40.92307692307692,CC1=CCc2c(C)cc(C)c(C)c21
7.753767721924644,33.88235294117647,Cc1cc(C)c2c(c1)C(C)(C)c1ccccc1-2
7.365495485960604,31.142857142857142,Cc1cc(C)c2c(C)cc(C)cc2c1
6.415758130204777,49.333333333333336,CC1=CC(C)c2c(C)c(C)c(C)c(C)c21
7.450323217343822,22.526315789473685,C=CCc1ccc2c3c(cccc13)-c1ccccc1-2
8.476112686575654,61.88235294117647,CC1=CC(C)(C)[C@H]2C=C[C@@H](C1)c1ccccc12
4.975873034972718,42.93333333333333,CC1=Cc2c(C(C)(C)C)ccc(C)c2C1
7.069266739105759,72.25,Cc1c(C)c(C)c2c(c1C)C1CCC2CC1
7.307634602972721,33.26315789473684,c1ccc2c(c1)Cc1cc3c4c(cccc4c1-2)CC3
6.601449939662044,46.22222222222222,c1ccc(C2C3=C(CCC3)c3ccccc32)cc1
6.934539538390857,20.4,c1ccc2c(c1)cc1ccc3cccc4ccc2c1c34
7.33859646593406,28.666666666666668,Cc1cc(C)c2cc3c(C)cc(C)cc3cc2c1
7.139129404858894,23.666666666666668,C1=Cc2cc3cccccc1c2-3
7.862001646316628,35.36842105263158,C1=CC2=c3ccccc3=C3c4ccccc4C(=C1)C23
7.315021984222107,20.4,c1cc2ccc3cc4[14cH]cccc4c4ccc(c1)c2c34
7.609411260002265,24.88888888888889,Cc1cc(-c2ccccc2C)c2ccccc2c1
5.04346663764618,30.4,C#CC(C#CC)C#CCC
7.523601717767524,39.05882352941177,CC1(C)c2cccc3c2-c2c(cccc21)CC3
6.811277125070759,22.210526315789473,[CH]1c2cccc3ccc4ccc5cccc1c5c4c23
6.934539538390857,20.4,c1ccc2c(c1)[13cH][13c]1[13cH][13cH]c3cccc4ccc2c1c43
5.789368713584793,44.3,C1=CC2CCCc3c2c(c2cccc4cccc3c42)=C1
7.665268451307234,27.058823529411764,CCc1c(C)ccc2c1ccc1ccccc12
7.543123674033999,30.5,Cc1cccc(C)c1
7.091954374460653,25.857142857142858,C[C]1c2ccccc2-c2ccccc21
6.934539538390857,20.4,c1ccc2c(c1)cc1[13cH][13cH]c3cccc4[13cH][13cH]c2c1c34
7.7525300484179525,33.88235294117647,Cc1ccc2c(c1C)C(C)(C)c1ccccc1-2
7.57913595319076,40.92307692307692,Cc1c(C)c(C)c2c(c1C)C=CC2
7.764168756241493,34.11764705882353,CC1=C(c2ccc3ccccc3c2C)CC=C1
7.5244250394531145,28.63157894736842,Cc1ccc2c(c1)-c1c(ccc3c(C)cccc13)C2
1.042216728585128,54.57142857142857,C=C1C(=C)C2C(=C)C(=C)C1C(=C)C2=C
7.27086430613661,26.11764705882353,C#CC#Cc1c(C)c(C#C)c(C)c2c1C=CC2
7.441531911251471,22.88888888888889,C#Cc1cc2cc(C)ccc2c2ccc(C)cc12
7.799173565531207,34.0,CC1=CCC(c2ccc(C)cc2)=C1c1ccc(C)cc1
9.0736328159335,122.3529411764706,CC1C2CC3C4(C)CC(C)(C13C)C(C)(C)C24C
7.5026879511114855,28.0,C#Cc1cc(C)c(C)c(C)c1
6.590703851632759,55.285714285714285,C=C1C(C)=C2C(C)=C(C)C(C)=C2[C@H]1C
6.63011150547775,48.857142857142854,CC1=C(C)C(C)c2c(C)ccc(C)c21
3.688080138526187,44.75,CC1(C)C=CC(C)(C)C=c2ccccc2=C1
7.652850756549451,41.86666666666667,Cc1cc2c3c(c(C)ccc3c1)CCC2
6.838740647299171,70.4,CC1=CCC2=C(C1)C(C)(C)CCC2(C)C
7.2404580557065055,27.6,Cc1cc2ccc3c(C)c(C)c(C)c4ccc(c1)c2c34
7.31269101156575,21.23076923076923,C#Cc1cc(C)cc2ccccc12
8.372634418887653,59.77777777777778,CC12CCC(c3c1ccc1ccccc31)C2(C)C
7.616969789154835,36.57142857142857,C=C(C)c1c(C)c(C)c(C)c(C)c1C
7.3815272537369445,33.77777777777778,C1=Cc2cccc3c2-c2c(cccc2C1)C=CC3
7.592203287540584,30.333333333333332,C#Cc1cc(C)c(C)c(C)c1C
7.658977321502178,22.5,C#CC(C#C)=C(C)C
7.262780559150411,56.25,Cc1cc(C)c2c(c1)=CCC1CCC=CC=21
7.377157508769061,38.0,C#CC1=C(C#C)CC1
7.765698195413397,72.0,CC1(C)C(C)(C)C(C)(C)C(C)(C)C1(C)C
7.5485610226803415,35.333333333333336,C=C1CCc2ccc(C)c3cccc1c23
5.30089348358571,46.35294117647059,Cc1ccc2c3c1CC=C1C=CC=C(C=C2)C13
6.456203915929311,42.93333333333333,CC1C=c2c(ccc3ccccc23)=CC1
7.862275855499855,43.2,c1ccc2c(c1)-c1cccc3c1C2CC3
6.721827224495669,20.4,c1ccc2c(c1)c1cccc3ccc4cccc2c4c31
7.8352236064708425,33.0,C1=CC2(C1)c1ccccc1-c1ccccc12
7.4069936459745955,44.2,C1=CC2=CC=CC3=C4CC=Cc5cccc(c54)C23C=C1
7.139134472833167,26.526315789473685,C1=Cc2c(cc3ccc4cccc5ccc2c3c45)C1
5.941008477931101,53.75,C1=Cc2ccc3c4c2C(C=CC4=CCC3)C1
7.139385754884449,26.526315789473685,C1=Cc2cc3cccc4ccc5ccc(c2c5c43)C1
7.122985715140834,20.666666666666668,C#Cc1cccc2cc3cccc4c3c(c12)C=C4
7.626734752660158,36.61538461538461,C(#CC1=CCC1)Cc1ccccc1
7.74225137161553,51.714285714285715,Cc1ccc(C)c2c1CC1=C2CCC1
7.9569030456897245,19.5,C=C1C#CC(=C)C#CC(=C)C#C1
7.936758957946438,41.1578947368421,C1=Cc2cc3cccc4ccc5c(c2C(C1)CC=5)c43
7.311993376003888,78.0,C1=CC2=C[C@@H]3[C@@H]4C=C5C=CC=C5[C@@H]4[C@@H]3C2=C1
7.546458014688451,33.77777777777778,C1=CC2=C(C1)c1ccccc1-c1ccccc1C2
7.70018407143237,34.94736842105263,CC1=CCC=C1c1cccc2c1Cc1ccccc1-2
7.960281715789929,37.9,C1=CC2CC=Cc3c2c(c2cccc4cccc3c42)=C1
7.230913394031809,24.444444444444443,Cc1cc2ccc3cccc4c(C)cc(c1)c2c34
7.640407838406206,30.5,CC1=CCc2cccc(-c3ccccc3)c21
7.604021409395931,30.0,Cc1ccc(C)c(-c2c(C)cccc2C)c1
7.673267918714812,34.666666666666664,[CH]=C1C=CC=C1
7.936847100405313,37.9,C1=CC2C=CCc3c2c(c2cccc4cccc3c42)=C1
6.8091515245913135,66.54545454545455,C/C=C1\C=C(C)CC(C)(C)C1
5.67341907701024,64.0,[C]1C[C]C1
5.918960155764356,66.0,CC1(C)CC(C)(C)C2=C1C=CC2
7.87155875350845,42.93333333333333,CC1=C(C)C(C)(C)c2c(C)ccc(C)c21
5.94494755035721,54.4,CC1=C(C(C)(C)C)C=CC1
7.038464464453453,13.0,C#Cc1cccc(C#C)c1C#C
7.368106524304219,70.15384615384616,CC1=CC2C(C)=C(C)C1C(C)=C2C
7.609093431771353,39.666666666666664,CC1=CCc2cc(C)cc(C)c21
7.432123143269553,40.888888888888886,c1ccc2c(c1)CCC1=C2c2ccccc2CC1
7.722222929278048,31.25,c1ccc2c(c#1)-c1ccccc1CCC=C2
7.749988960133987,30.941176470588236,C=c1ccc2c(c1)Cc1cc(C)ccc1C=2C
6.513706799719579,20.22222222222222,c1cc2ccc3c4ccc5cccc(c(c1)c23)c54
8.189167152493779,59.46666666666667,CC12C=CC=CC(C)(C1)c1ccccc12
3.790437608464268,47.57142857142857,CC(=C1CCC1)c1cc(C)ccc1C
7.640070090536286,30.5,[2H]C([2H])c1ccc(C)cc1
7.243534472833167,29.36842105263158,C1=CC2=c3ccc4cccc5ccc(c3c54)CC2=C1
7.191726307371377,24.444444444444443,Cc1cc2ccc3cccc4ccc(c1C)c2c34
7.179124376728376,30.736842105263158,Cc1ccc2c3c(c4cccc5ccc1c2c54)CC3
7.183157937490584,33.26315789473684,c1cc2ccc3ccc4c5c(cc(c1)c2c35)CCC4
7.775170664568214,60.5,[CH]1C=CC1
7.902576000197406,39.0,C1=CC2c3ccccc3Cc3cccc1c32
7.464556878921531,24.2,Cc1cccc2cc3ccc4ccccc4c3c(C)c12
8.481909325218325,107.2,CC1=CC[C@@H]2[C@@H]3[C@@H]1CC[C@@]3(C)CC2(C)C
7.537419108605948,28.666666666666668,Cc1ccc2c(c(C)cc3c(C)cccc32)c1C
7.175992135133482,26.105263157894736,Cc1ccc(C)c2c1-c1cccc3c(C)ccc-2c13
7.139385754884449,26.526315789473685,C1=Cc2ccc3ccc4cccc5cc(c2c3c45)C1
6.372731073278692,20.0,c1cc2cc3ccc4cc5cccc6c(c1)c2c(c34)c56
7.626976132448728,120.0,[2H]C1C=CC1[2H]
5.747966151246709,40.30769230769231,C#CC1(C)C=C(C)c2ccccc21
7.755469034276711,30.941176470588236,C=c1c(C)cc2c(c1C)Cc1ccccc1C=2
7.171274643773338,25.57894736842105,C1=c2ccc3cc4ccccc4c4ccc(c2c34)C1
7.417906912049401,37.333333333333336,c1ccc2c(c1)CCCc1ccccc1-2
7.854289009681633,72.0,C1=CCC1
7.5379065522714095,55.0,C1=CC2=CCCC2=C1
7.56966572283218,32.888888888888886,Cc1cc(C)c(C)c(-c2c(C)cccc2C)c1C
7.8532144841610725,15.0,C#CC=C
7.585522518309814,30.333333333333332,C#Cc1c(C)cc(C)c(C)c1C
5.90694153918947,40.8,CC1=c2c(C)cccc2=CC(C)(C)C=C1
7.718541305904705,28.8,C=Cc1c(C)cccc1C
7.576229994978933,32.8,Cc1cc(C)c2c(C)c(C)c(C)cc2c1
7.393408762058101,21.05263157894737,Cc1ccc(C#Cc2cccc3ccccc23)cc1
7.70562116221492,32.8,CCc1c(C)c(C)c(C)c2ccccc12
6.383885898870196,51.75,Cc1cccc2c1C(C)(C)C(C)(C)C2(C)C
7.158788677916542,26.105263157894736,Cc1cc2ccc3c(C)cc(C)c4ccc(c1)c2c34
7.174773694315975,51.25,c1cc2c3c(ccc4c3c1CCC4)CCC2
5.12810149474757,39.733333333333334,CC1=CC(C)c2ccc3ccccc3c21
7.190334874465933,30.736842105263158,Cc1cc2ccc3cc4c(c5ccc(c1)c2c35)CC4
7.54082317378355,38.18181818181818,Cc1cc(C)c2c(c1)CC=C2
6.590703851632759,55.285714285714285,C=C1C(C)=C2C(C)=C(C)C(C)=C2C1C
7.4853176834403214,24.2,Cc1ccc2ccc3c(C)c4ccccc4cc3c2c1
7.317701529137443,33.42857142857143,CC1=Cc2c3c(ccc2=C1)=CC(C)=C3
7.297834162658601,24.444444444444443,Cc1cc2c3c(c(C)ccc3c1)-c1ccccc1-2
6.801370709451213,33.0,Cc1cccc(C)c1C(C)c1ccccc1
7.4631850532283215,29.142857142857142,[2H]C([2H])([2H])C1c2ccccc2-c2ccccc21
7.290017025969567,26.0,[CH]C1c2ccccc2-c2ccccc21
6.988437025530667,22.105263157894736,Cc1cc2cccc3c2c2c1ccc1cccc-3c12
7.135270852006627,24.444444444444443,Cc1cc2ccc3ccc(C)c4ccc(c1)c2c34
7.340040477768719,27.357142857142858,[CH2]C1c2ccccc2-c2ccccc21
7.952215919553254,55.76470588235294,CC1=c2ccc3c(c2=CC1)C1=C(CCCC1)C3
7.896150294495627,31.894736842105264,C=C1C(c2ccccc2)=CCc2c1ccc(C)c2C
7.1975594615778915,17.75,[C]#Cc1cccc2ccccc12
6.357305907933465,20.0,c1cc2cc3ccc4cc5cccc6c(c1)c2c3c4c56
7.217537938063636,20.666666666666668,C=Cc1cc2cccc3ccc4cccc1c4c32
7.779179679934453,44.61538461538461,CC1=Cc2c(C)ccc(C)c2CC1
7.481510228053496,29.142857142857142,[2H]C([2H])([2H])C1([2H])c2ccccc2-c2ccccc21
7.152309615044251,24.444444444444443,Cc1ccc2c(C)cc3cccc4ccc1c2c43
7.325515507711272,43.86666666666667,CC(C)=C1C=CC=CC1c1ccccc1
7.31632763522633,28.42105263157895,C1=C2C=c3cc4ccccc4c4ccc(c2c34)=CC1
7.627647634195549,55.111111111111114,CC1=CC2=C(CC=C2)C1
7.201915669414364,24.63157894736842,c1ccc2c3c4c(ccc5cccc(c54)C3)cc2c1
7.376003364082487,29.142857142857142,CC1c2ccccc2-c2ccccc21
7.190561823260517,25.57894736842105,C1=c2ccc3cccc4c5ccccc5c(c2c34)C1
7.3427396032467165,30.0,Cc1cc(C#Cc2cc(C)c(C)c(C)c2)cc(C)c1C
7.619736361838594,28.63157894736842,CCc1ccc2c(c1)Cc1cccc3cccc-2c13
7.186653191965574,39.0,C1=CC2=CC=CC2=C1
7.748579055106956,78.0,CC1=CC2(C)C(C)=C(C)C2(C)C1
7.629096806034693,32.888888888888886,Cc1ccccc1-c1c(C)c(C)c(C)c(C)c1C
7.325897263980883,53.333333333333336,CC1(C)CC2c3ccccc3C1c1ccccc12
7.258968660867355,29.36842105263158,C1=Cc2c3c4c(ccc5cccc(c2=C1)c54)C=CC3
4.2988939749277675,43.714285714285715,CC1=C2C=CC=CC2c2ccccc21
7.32280562158574,35.25,C1=CC2=C(CC1)c1cccc3cccc2c13
5.004096135670258,50.526315789473685,c1cc2c3c(c1)-c1cccc4c1C3(CCC2)CCC4
7.133486609585304,26.526315789473685,C1=Cc2cc3ccc4cccc5ccc(c2C1)c3c45
7.802462259631668,29.647058823529413,C1=C\c2cccc3c2=c2c(cccc2=3)/C=C\C/1
7.9801279924405835,35.294117647058826,C1=CC2C=c3ccccc3=C2c2ccccc21
7.3641539690033735,24.2,Cc1c2c(C)c3ccccc3c-2ccc2ccccc12
7.684446387592963,33.55555555555556,CC1(C)Cc2c3ccccc3cc3cccc1c23
7.304029103766515,20.470588235294116,Cc1ccc2ccc3cccc4c#cc1c2c43
7.337999845207503,30.4,C1=Cc2ccc3ccc4cccc5cc(c2c3c45)CC1
7.661945374384158,32.0,Cc1cccc(C)c1-c1cccc2c1C=CC2
7.6182356275275485,36.53333333333333,Cc1cc2c(c3ccccc13)CCC=C2
7.54906656449597,46.0,CC1=CC2=CC(C)=CC3=CC(C)=CC(=C1)C23
7.4462990711819295,45.333333333333336,CC1=CC(C)=CC(C)=CC(C)=C1
7.451950222923338,25.25,Cc1ccc2c(C)c3ccccc3cc2c1
6.8146073445415825,45.333333333333336,Cc1cccc2c1C1(CCCC1)c1ccccc1-2
7.9223010001974075,41.25,C1=Cc2ccc3cccc4c(c2-3)C(C=C4)C1
7.004640598566067,20.857142857142858,C#Cc1ccc2c3c(cccc13)C=C2
7.486560015901759,35.05882352941177,c1ccc2c(c1)ccc1ccc3c(c12)CCC3
7.238049390403437,27.0,Cc1cccc2c(C)cccc12
7.140430466455776,25.05263157894737,c1ccc2c(c1)Cc1ccccc1-c1ccccc1-2
7.511210499535828,30.333333333333332,C#Cc1c(C)c(C)cc(C)c1C
6.967019795066175,52.0,CC1=C(C)C(C)Cc2ccccc21
8.700293389518404,95.38461538461539,C#CC1(C)C2(C)CCC(C2)C1(C)C
7.437115271933022,33.77777777777778,C1=CC(=C2c3ccccc3-c3ccccc32)CC1
5.411143858530239,38.44444444444444,CC1C=CC=c2ccc3c4c(ccc3c21)=CC=C4
7.855988774777174,57.411764705882355,C1=CC=C2CC=C3C4=C(CCCC4)C(=C23)C=C1
7.726538556486254,31.555555555555557,CC1=CCC(c2ccccc2)=C1c1ccccc1
7.0593185866390105,20.666666666666668,C=c1cc2cccc3c(=C)cc4cccc1c4c23
7.239476196789857,53.25,CC1C=CCC2=C1C(C)(C)c1ccccc12
7.276056217714309,140.8,C1C2CC1C2
6.903928721009453,20.428571428571427,[C]=C1c2ccccc2-c2ccccc21
7.698662902925199,43.666666666666664,Cc1cc(C)c2c(c1)CC=CC2
6.9716935670224585,29.333333333333332,c1cc2ccc3ccc4c5c(cc(c1)c2c35)CC4
7.50836200549134,22.94736842105263,Cc1ccccc1-c1ccccc1-c1ccccc1
5.985236946838983,49.0,CCC1=CC2=C(C)[C]3C=C(CC)CC3=C(C)C2=C1
7.417358124670926,34.25,Cc1cc2cc(C)c(C)c(C)c2c(C)c1C
7.6867173358301155,31.529411764705884,Cc1ccccc1-c1c(C)cc(C)c(C)c1C
5.150472875983479,39.733333333333334,CC1=CC(C)c2c1ccc1ccccc21
7.94081744359859,29.0,[C]#C/C=C/C
7.042602293629243,22.142857142857142,C=C1c2ccccc2-c2ccccc21
7.070959899712118,46.8235294117647,CC1=CC2=CC=CC=C(c3ccccc3)C2C1
7.440558256929899,25.2,C#Cc1cc(C)cc(C)c1
7.156667023593167,20.470588235294116,Cc1ccc2ccc3c#ccc4ccc1c2c34
6.917623019709866,24.444444444444443,Cc1ccc2ccc3ccc(C)c4ccc1c2c34
7.614320682490495,26.6,Cc1ccc2c(c1-c1ccccc1)Cc1ccccc1-2
5.957891440641756,39.142857142857146,CC=Cc1c(C)cc(C(C)C)cc1C
7.780313146711002,35.529411764705884,Cc1cc2c(C)ccc(C)c2cc1C(C)(C)C
7.704674296025653,56.23529411764706,CC1=C(C)[C@@]2(C)C(=C1C)c1ccccc1[C@H]2C
5.541732686435048,51.333333333333336,CC(C)(C)/C=C\C=C/C(C)(C)C
6.970505401599043,22.105263157894736,Cc1ccc2c3c1ccc1ccc4cccc-2c4c13
6.947270632547924,21.22222222222222,C1=c2ccc3cccc4cc5cccc1c5c2c34
7.374264136938372,25.25,Cc1ccc(C)c2c1ccc1ccccc12
7.468126197055909,54.5,C1=CC2=C3C(=CCC4=C3C(=CC2)CC=C4)C1
7.3759658655345905,53.25,CC1(C)CC=CC2(C)C1=Cc1ccccc12
7.014381287508052,24.444444444444443,Cc1cc2cccc3c(C)cc4cccc1c4c23
6.638097733648417,47.5,C[C@@H]1c2ccccc2-c2ccccc2[C@@H]1C
7.538617758484383,50.526315789473685,c1ccc2c(c1)Cc1c3c(c4c(c1-2)CCC4)CCC3
7.820447563033618,45.75,Cc1cccc(C)c2c3c(cc1-2)CCCC3
7.621571603588393,30.5,Cc1ccc2c(c1-c1ccccc1)CC=C2
7.793745011626706,34.75,CC1=CC(C)(C)c2c1ccc1ccccc21
7.3321667637801635,21.666666666666668,C#Cc1ccc(C)c(C)c1C#C
7.850196320467118,28.0,C=CC#C/C=C/C
7.904786344543418,40.8,CC1=CCC(C)=C1c1ccc(C)cc1C
7.216744586342737,51.25,c1cc2c3c(ccc4c3c1CCCC4)CC2
7.84633298995051,36.666666666666664,CC(C)(C)c1cccc2c(C(C)(C)C)cccc12
6.858665863126302,48.857142857142854,CC1=C(C)C(C)c2ccc(C)c(C)c21
4.52469960882317,36.44444444444444,CC1/C=C\c2cccc3c2=c2c(cccc2=3)/C=C\1
7.441051867086038,31.714285714285715,CC1=CCc2ccc3ccccc3c21
7.6722766355841925,29.714285714285715,C=C(C)C#C/C(C)=C(\C)C#CC(=C)C
7.84892339605063,35.07692307692308,CC(C)=Cc1c(C)cc(C)cc1C
7.034239932422931,67.14285714285714,C1Cc2c3c(c4c(c2C1)CC4)CCC3
8.22696165189128,62.0,Cc1cccc2c1[C@H]1C=C[C@@H]2C1(C)C
7.224365049003597,15.285714285714286,C#Cc1c[c]c2ccccc2c1C#C
6.2164005589955895,48.857142857142854,Cc1c(C)c(C)c2c(c1C)C=CC2C
7.61804150869443,39.666666666666664,CC1=CCc2ccc(C)c(C)c21
7.667998129185606,33.5,C1=C(c2ccccc2)c2ccccc2CC1
8.22696165189128,62.0,Cc1cccc2c1[C@@H]1C=C[C@H]2C1(C)C
7.331106235919279,27.6,Cc1cc2ccc3ccc(C)c4cc(C)c(c1C)c2c34
7.510070605811623,27.058823529411764,Cc1cc(C)c2c(ccc3ccccc32)c1C
7.880095053782173,60.0,CC1=CCC=C(C)C1
7.343959162336612,30.5,Cc1ccc([13CH3])cc1
7.711992423279665,38.666666666666664,C/[C]=C(\C)c1c(C)c(C)c(C)c(C)c1C
7.6478235886187065,26.285714285714285,C=Cc1c(C)c(C)cc2ccccc12
7.549152803502258,33.333333333333336,CC1=Cc2ccc(C)c3cccc(c23)C1
7.365876537261692,26.105263157894736,Cc1cc(C)c2c(c1)-c1cccc3c(C)ccc-2c13
6.874676464038584,11.714285714285714,C#Cc1ccc(C#C)c(C#C)c1C#C
7.807263204729862,53.714285714285715,CC1=CCC(C)=C1
7.561062486144627,26.428571428571427,[C]#CCC#CCC
7.6460418982388285,28.0,C1=CC=C2C=c3ccccc3=c3ccccc3=C2C=C1
5.611059520003872,51.63636363636363,CC1=CC(C)=CC(C)(C)C=C1
7.257245379231983,21.23076923076923,CC#Cc1cccc2ccccc12
7.4668014069989095,24.2,Cc1ccc2cc(C)c3ccc4ccccc4c3c2c1
7.828175015920711,36.333333333333336,C/C=C\c1c(C)cc(C)cc1C
7.980474739468201,40.0,CC1C2=C(c3ccccc3C2)c2ccccc21
7.3666902882509335,40.6,C1=CCC23C=CC=c4ccc5cccc(c5c42)=CC3=C1
7.4017506364041115,30.933333333333334,CC1(C)c2ccccc2-c2ccccc21
7.105590798959875,25.714285714285715,Cc1cc2ccc1=2
7.4017506364041115,30.933333333333334,CC1([13CH3])c2ccccc2-c2ccccc21
7.746487384601086,32.0,CC1=C(c2ccccc2)Cc2cccc(C)c21
7.744792160047278,30.0,CC1(C)c2[c]cccc2-c2ccccc21
7.880873576715464,48.0,C/C=C1\CCc2c1cc(C)c(C)c2C
7.645166895543933,42.0,CC1=Cc2c(C)c(C)c(C)c(C)c2C1
7.936702715953838,31.133333333333333,CC(C)(C)[CH]c1cccc2ccccc12
7.983024077120484,45.75,C1=CC2=CCc3cccc4c3C2C(=C1)C=C4
7.496517508365992,24.533333333333335,C1#Cc2ccccc2-c2ccccc2C1
7.365876537261692,26.105263157894736,Cc1cc(C)c2c(c1)-c1ccc(C)c3cccc-2c13
7.023818222111864,20.63157894736842,CC#Cc1ccc2ccc3cccc4ccc1c2c34
7.904018189116883,46.666666666666664,CC1(C)C2=C(CCC=C2)c2ccccc21
7.621258753453873,26.285714285714285,C=Cc1ccc(C)c2cc(C)ccc12
6.81343857089452,22.22222222222222,C1=Cc2cc3cccc4ccc5ccc1c2c5c43
7.69117280454755,29.23076923076923,CCc1c(C)ccc2ccccc12
7.737957952563906,35.68421052631579,Cc1cc2ccc3c4c(ccc(c1)c24)=CC(C)(C)C3
7.4182973896754865,27.11111111111111,Cc1cccc2c1-c1c(ccc3ccccc13)C2
7.902790565218247,36.666666666666664,Cc1cc(C(C)(C)C)cc(C)c2c(C)c(C)cc1-2
7.904512252991795,46.75,CC1=C(C)C(C)(C)c2ccccc2C1(C)C
7.583169864523043,30.0,Cc1ccc(-c2cc(C)ccc2C)c(C)c1
7.504779936670259,36.21052631578947,Cc1cc2c(c(C)c1C)-c1c(cc(C)c(C)c1C)C2
7.364508613828917,27.529411764705884,C1=Cc2ccc3ccc4ccccc4c3c2C1
8.994873135904166,137.5,C#CC12CC3CC4C5CC(CC41)CC2C5C3
7.600021866761518,45.63636363636363,CC=C1C(C)=C(C)C(C)=C1C
6.617581871026898,44.46153846153846,C=C1c2ccccc2C=C(C)C1C
7.007453584696853,20.5,c1ccc2c3cccc3cc3ccc(c1)c32
7.786602955276684,37.45454545454545,CCc1cc(C)cc(CC)c1
8.302638476638576,68.44444444444444,C1=CC2=C3C(=CC=C4C5C=CC(C=C2)(C=C5)C43)C1
7.13982563198075,20.666666666666668,C#CC1=Cc2cccc3cc4ccccc4c1c23
8.356598697550423,53.111111111111114,C1=C[C@@]23C=C[C@@H](CC2)c2ccc4cccc1c4c23
8.356598697550423,53.111111111111114,C1=CC23C=CC(CC2)c2ccc4cccc1c4c23
7.12561546370176,26.105263157894736,Cc1c(C)c2ccc3cccc4ccc(c1C)c2c34
7.1969847273009036,18.933333333333334,C#Cc1cccc2cccc(C#CC)c12
8.231803536655258,89.47368421052632,CC12CC3(C)CC(C)(C1)CC(c1ccccc1)(C2)C3
7.036045168910753,53.06666666666667,CC1(C)c2ccccc2C2=CC=CCC21
7.863058271886804,35.111111111111114,CC(C)(C)C1(C)c2ccccc2-c2ccccc21
7.329185096263378,27.058823529411764,Cc1cccc2c(C)c3cccc(C)c3cc12
7.2528672696513015,38.8,C1=CCC23C(=C1)C=Cc1cccc(c12)-c1ccccc13
7.718967867365417,25.75,[CH2]C#CC
7.000120767925321,22.58823529411765,Cc1ccc2ccc3cccc4ccc1c2c34
7.798547992416888,60.266666666666666,CC1=CC23C=CC=C2CCC=C3C(C)=C1
7.235881777212784,19.0,C#Cc1cc2ccc3ccccc3c2c2ccccc12
7.634342266413064,26.857142857142858,[12CH3][12c]1[12cH][12cH][12cH][12cH][12cH]1
7.2792970797614265,22.526315789473685,Cc1cc2ccccc2c2c1ccc1ccccc12
7.627193594054283,31.294117647058822,C/C=C1\c2ccccc2-c2cc(C)cc(C)c21
7.23007999657487,18.333333333333332,C#Cc1cccc2ccccc12
5.359728310731752,59.4,CC1(C)CC(C)(C)c2cc3c(cc21)C(C)(C)CC3(C)C
7.740258047594918,33.333333333333336,C=Cc1c(C)c(C)cc(C)c1C
7.793688222374277,42.75,Cc1ccc2c3c(cccc13)CC(C)(C)C2
7.338485558909133,17.166666666666668,C#Cc1cc[c]c2ccccc12
7.4513745003696705,27.11111111111111,Cc1c2cccc-2ccc2c1Cc1ccccc1-2
7.700358662886652,38.5,Cc1cccc2c1Cc1ccccc1CC2
7.447315262980864,18.571428571428573,[CH]c1cc([CH])c2cc([CH])cc([CH])c2c1
7.646207916173663,37.53846153846154,C/C=C1\C(C)=C(C)c2ccccc21
5.629826237691201,41.2,C=C1C=C2C=CC=CC2c2ccccc21
4.525994700392253,46.44444444444444,CC1=CC2=C(C1)C(c1c(C)cccc1C)=CCC2
7.4916232850500535,27.058823529411764,Cc1ccc2c(ccc3cccc(C)c32)c1C
7.663825135906283,32.0,[3H]CC#CC
8.598458021380527,81.75,CC1(C)[C@@H]2c3ccccc3[C@H]1[C@H]1CC=C[C@H]12
6.513706799719579,20.22222222222222,c1cc2ccc3c4cccc5ccc(c(c1)c23)c54
7.840759248057942,41.86666666666667,CC1(C)CCc2ccc3ccccc3c21
7.7351369753176975,58.22222222222222,CC12C3=CC=CC=C1C=C1C=CC=CC(=C3)C12C
7.416911876979365,28.666666666666668,Cc1ccc2c(c1)c(C)cc1c(C)cc(C)cc12
7.742631456461495,39.0,CCc1c(C)c(C)cc(C)c1C
7.311077790748837,40.6,C1=CCC23C=Cc4cccc5ccc(c2c45)C=CC3=C1
5.302119764847172,51.142857142857146,Cc1cccc2c1C(C)(C)CC2(C)C
7.235602340142394,18.75,C#Cc1ccc2ccc3ccccc3c2c1
7.74456009804457,31.142857142857142,CC(C)(C)c1cccc2ccccc12
7.036036798338413,46.8235294117647,CC1C=C2C(=CC=CC=C2c2ccccc2)C1
7.070055392049395,24.444444444444443,Cc1ccc(C)c2c1-c1cccc3cccc-2c13
7.739310517703134,37.45454545454545,CCc1cc(C)c(C)c(C)c1
7.6584890995456885,40.0,[2H]C1=CC=C1
7.208212747462046,24.444444444444443,Cc1cc2ccc3cccc4cc(C)c(c1)c2c34
7.520552690301657,23.058823529411764,Cc1cccc2cccc(-c3ccccc3)c12
7.982134472833167,50.76923076923077,Cc1cc(C)c2c(c1)C(C)(C)CC2
8.586766763911108,89.5,C#CC12CC3CC(CC(C3)C1(C#C)C#C)C2
7.363994184844076,28.533333333333335,CC#Cc1c(C)cc(C)c(C#CC)c1C
7.960962980132854,51.46666666666667,CC1(C)c2ccccc2C(C)(C)C1(C)C
7.543029295896086,27.5,C/C=c1/ccc2cccc3ccc(C)c1c32
6.03350525926866,53.57142857142857,C=C1C2=CC=CCC2=C2C=CC=CC12
7.808810316562082,60.63157894736842,c1ccc2c(c1)-c1ccccc1C21C2CCC1CC2
7.755921641885799,31.142857142857142,CCc1c(C)ccc2ccc(C)cc12
7.274010970962568,31.142857142857142,Cc1cc(C)c2cc(C)cc(C)c2c1
7.794964094553011,34.54545454545455,C/C=C\c1cc(C)cc(C)c1
7.577564463096069,23.058823529411764,C=C(C)c1cccc2c1ccc1ccccc12
7.86710067450064,40.92307692307692,CC1=CC(C)(C)c2ccc(C)cc21
7.634342266413064,26.857142857142858,Cc1ccccc1
7.643581043700172,35.111111111111114,Cc1cccc2c1-c1c(C)c(C)c(C)c(C)c1C2
7.51562280557007,28.63157894736842,CC1(C)c2ccccc2-c2cccc3cccc1c23
7.562218520708079,24.88888888888889,Cc1ccc(C)c2c(-c3ccccc3)cccc12
6.565120936933717,20.22222222222222,c1cc2c3c(c1)ccc1ccc4cccc-2c4c13
5.622320780404449,63.27272727272727,CC1=CC(C)(C)C=C(C)CC1
7.231290387794533,18.545454545454547,C#Cc1cc(C)cc(C#C)c1
7.500915343518064,34.25,Cc1cc2c(C)cc(C)c(C)c2c(C)c1C
7.490019238624798,35.833333333333336,C[C]1C(C)=C(C)c2ccccc21
4.725642477945682,38.44444444444444,CC1C=C2C=CC=C2c2ccc3ccccc3c21
7.891290103501878,42.0,CC1=CC(C)(C)c2c(C)cc(C)cc21
6.152932568270727,58.5,C=C1C(=C)C2C(=C)C(=C)C1C2=C
8.443579568341939,82.0,CC1=CC2CCC1(C)C(C)=C2C
7.724634636191428,32.30769230769231,C#CCc1c(C)c(C)cc(C)c1C
7.84633298995051,36.666666666666664,CC(C)(C)c1ccc(C(C)(C)C)c2ccccc12
8.259873439176326,80.0,CC1=C(C)[C@]2(C)C=C[C@@]1(C)C2
7.636820354848276,39.666666666666664,CC1=Cc2cc(C)cc(C)c2C1
7.138315887107721,20.666666666666668,c1ccc2cccc3c4cccc4cc-3c2cc1
7.4908981959445615,44.6,C=C1C(C)=C(C)C(C)=C1C
7.230907121048424,31.142857142857142,Cc1cc2c(C)ccc(C)c2cc1C
5.549417387953795,57.42857142857143,c1cc2c3c(cccc3c1)C1CCC21
7.098835760912276,18.11111111111111,C#CC(C#C)=C1c2ccccc2-c2ccccc21
7.607401265388419,28.666666666666668,CC(C)(C)c1c2ccccc2cc2ccccc12
7.584255266266149,24.88888888888889,Cc1ccc(-c2cccc3ccc(C)cc23)cc1
7.340445909947793,23.2,Cc1cccc2ccc3ccccc3c12
8.71279265424367,107.2,CC1=C[C@H]2CC(C)(C)C[C@@]23[C@H](C)CC[C@H]13
7.3173840075893395,23.5,Cc1cccc(C)c1C#Cc1ccccc1
7.880227694964738,45.6,C1=CC2CCc3ccc4cccc1c4c32
7.32676344745774,27.6,Cc1cc2ccc3ccc(C)c4c(C)cc(c1C)c2c34
6.9084111638354555,56.57142857142857,CC1=CC2C(=C1)C(C)=C(C)C(C)=C2C
7.60999373183843,24.0,C1#C/C=C\C#C/C=C\C#C/C=C\1
6.175095651196506,35.6,C/C(=C/C(C)(C)C)c1cccc2c1-c1ccccc1C2
6.989118195479746,18.25,c1c2cccc3ccc4cccc(c#1)c4c23
7.9341628346710475,35.2,C1=Cc2cccc3c2C(C1)c1cccc2cccc-3c12
7.7092688196338806,36.666666666666664,C1=Cc2ccc3ccc4cccc5c4c3c2C5C1
7.120967724435732,22.526315789473685,Cc1cccc2c3ccccc3c3ccccc3c12
7.6389169460232225,34.0,C=C1C=CC1=C
7.787014559747634,35.6,Cc1c(C)c(C)c(C2=CCc3ccccc32)c(C)c1C
7.869141941998127,50.76923076923077,CC1(C)CC(C)(C)c2ccccc21
7.319885696703292,28.666666666666668,Cc1cccc2c1c(C)c(C)c1c(C)cccc12
6.434098561636674,49.69230769230769,CC1(C)CC(C)(C)c2ccc[c]c21
7.090489166703853,38.44444444444444,c1cc2c3c(c4c5c(cccc5c3c1)CC4)CC2
7.716401064829972,33.333333333333336,CC1(C)C=Cc2ccc3ccccc3c21
6.3230978555258925,20.285714285714285,c1ccc2c(c1)c1ccc1c1ccc21
7.680133149668097,29.333333333333332,C#Cc1ccc2c(c1)C(C)(C)c1cc(C)ccc1-2
7.400392056311112,25.25,Cc1cc2ccccc2c2c(C)cccc12
7.6459168198137135,39.0,[CH]=C1C=CC1=C
7.255765242063937,28.42105263157895,C1=Cc2ccc3cc4ccccc4c4c3c2C1=CC4
7.430230394441036,19.75,[CH]c1ccc2c(c1)cc([CH])c1ccccc12
4.8310219231960865,43.25,Cc1cc(C(C)(C)C)cc(C)c1C(C)(C)C
7.206118411436416,31.333333333333332,C1=Cc2c3c4c(cccc4c4cccc1c24)CC3
7.572812319319015,32.5,Cc1cc(C)c2c(c1)-c1c(C)cccc1C2
6.963713122848425,49.26315789473684,c1ccc(C2C3=C(CCCC3)c3ccccc32)cc1
7.1748655080863655,27.6,Cc1cc2ccc3c(C)c(C)cc4ccc(c1C)c2c43
7.59972949069884,33.88235294117647,Cc1cc(C)c2c(c1)-c1c(C)ccc(C)c1C2
7.664681294152528,41.86666666666667,CC1(C)Cc2cccc3cccc(c23)C1
7.899136268762046,40.44444444444444,Cc1ccc2c(c1)Cc1ccc(C)c(C)c1CC2
7.49557527763578,27.058823529411764,Cc1cc2ccc3ccccc3c2c(C)c1C
7.674761320937567,36.705882352941174,Cc1ccc2c(c1)CCc1cc(C)cc(C)c1-2
7.761862340430499,38.8,CC1(C)[CH]c2cccc3cccc(c23)C1
7.696691038766456,38.46153846153846,Cc1cc(C)cc(C2C=CC=C2)c1
7.369267998444302,27.529411764705884,C1=Cc2cccc3c2c(cc2ccccc23)C1
7.804406421402159,40.25,C1=Cc2ccccc2C2=CCCC=CC2=C1
2.1298204757838137,45.36842105263158,[CH]1CC=CC2=C1C1=CC=CC3=c4ccccc4=C2C13
7.445046445982127,24.2,Cc1ccc2c(ccc3ccc4c(C)cccc4c32)c1
6.771914421638827,20.4,c1ccc2c3c(ccc2c1)-c1c-3ccc2ccccc12
7.719789567959276,32.421052631578945,CC1(C)C=Cc2cccc3c2C(=C1)c1ccccc1-3
7.583835588549783,32.5,Cc1cc2c(c(C)c1C)-c1ccccc1C2
7.251364809714759,74.57142857142857,Cc1ccc(C)c2c1C1CCC2CC1
7.627906207686744,35.77777777777778,C1=Cc2c(ccc3ccccc23)C2=CCCC2=C1
7.486548667003205,25.25,Cc1cccc2cc3ccccc3c(C)c12
7.638261406916653,35.2,Cc1cc(-c2c(C)c(C)c(C)c(C)c2C)cc(C)c1C
8.408168282298524,81.0,CC(C)=C1C=CCC2=C1C1CCC2C1
7.850935707242989,55.2,Cc1ccc(C)c2c1CC1=C2CCCC1
7.445318863636204,93.2,C1[C]2CC1C2
7.435569083124202,33.0,C1=c2cccc3c2=C(CC1)c1ccccc1-3
7.390627542782092,37.45454545454545,Cc1cc(C)c(C)c(C)c1C
7.454800387187735,53.411764705882355,CC1=CC(C)(C)C2=C(C)c3ccccc3C2C1
7.814191740486164,34.8235294117647,Cc1ccc(C2=CCCc3ccccc32)cc1
7.431002048295679,36.470588235294116,Cc1ccc2c3c4c(ccc13)CC=CC4=CC2
7.130654271212792,46.44444444444444,Cc1c(C)c2c3c(c(C)c(C)c4c3c1CC4)CC2
6.146220600566202,35.78947368421053,C1=CC2=Cc3ccccc3C2C(c2ccccc2)=C1
5.945229139116827,68.92307692307692,CC1=C(C)C(C)(C)C2=C1CCCC2
7.23943907536738,24.705882352941178,Cc1cccc2cc3c4c(cccc4c12)C=C3
6.159449594043941,47.2,C=C1C=CC2=C1C=CC=C1C=CC(=C)[C@@H]12
7.511259004268604,26.6,Cc1ccccc1-c1cccc2c1Cc1ccccc1-2
8.166700376036314,72.3076923076923,CC12CCC(C)(C1)c1ccccc12
7.648085499079046,39.666666666666664,CC1=Cc2c(C)ccc(C)c2C1
7.579864639918593,33.88235294117647,Cc1c(C)c(C)c2c(c1C)Cc1ccccc1-2
7.806947671818469,44.0,C=C1C=CC(=C)C1
9.152172573279524,160.0,C1C2C3CC4CC2C2C5CC6CC(C15)C3C2(C4)C6
6.427282933127318,33.2,CC1=Cc2ccc3ccccc3c2C1c1ccccc1
7.177520401598198,24.2,Cc1ccc2c(c1)c1ccccc1c1ccc(C)cc12
7.203273516700729,47.36842105263158,Cc1cc2cc(C)c(C)c3c2c(c1C)C(C)C3(C)C
6.556513202796722,45.06666666666667,CC1c2cccc3cccc(c23)C1(C)C
7.210465373126363,28.444444444444443,CC1=c2ccccc2=C2C(C)=c3ccccc3=C12
7.272985167257263,21.647058823529413,C#CC1(C#C)c2ccccc2-c2ccccc21
7.163896294231533,54.0,C1=CCc2c(c3c(c4c2CC=CC4)CC=CC3)C1
7.537411059016735,33.88235294117647,Cc1ccc2c(c1C)-c1c(C)ccc(C)c1C2
7.543862106759196,29.23076923076923,Cc1cc(C)c2c(C)cccc2c1
7.285737984738802,22.526315789473685,Cc1ccc2ccc3ccc4ccccc4c3c2c1
7.605729302904422,26.285714285714285,C=Cc1ccc(C)c2c(C)cccc12
6.90561168804242,50.333333333333336,C1=Cc2c1c1c(c3c2CC3)CC1
6.758235242057844,20.5,[13cH]1[13cH][13cH][13c]2[13c]([13cH]1)-[13c]1[13cH][13cH][13cH][13c]3[13cH][13cH][13cH][13c]-2[13c]13
7.350429443892745,25.05263157894737,c1ccc(C2c3ccccc3-c3ccccc32)cc1
7.790931497412789,37.714285714285715,CC#C/C(C)=C\C
7.753562711586478,31.272727272727273,C=Cc1c(C)cc(C)cc1C
6.301396993752652,39.23076923076923,Cc1[c]c(C(C)(C)C)c(C)c(C)c1
7.6349302756956705,26.526315789473685,Cc1ccc2c(C)cc(C)c(-c3ccccc3)c2c1
7.821496124121442,40.92307692307692,CCC1=Cc2c(C)ccc(C)c2C1
5.94426670400173,54.666666666666664,Cc1cc2c(c(C)c1C)CCCC2(C)C
9.306035076114524,160.0,C1C2CC3C4CC5[C@H]6CC7C[C@@H]5C3C(C2)(C7)C6C14
7.611742230305059,42.166666666666664,C=C1Cc2c(C)ccc(C)c2C1
7.944123579313024,40.30769230769231,Cc1cc(C)c(C)c(C(C)(C)C)c1
5.862666628673493,54.57142857142857,Cc1cc(C)c2c(c1)C(C)(C)CCC2
7.897161262538002,51.142857142857146,Cc1cc(C)c2c(c1C)CC(C)(C)C2
7.418081937016109,31.714285714285715,Cc1cc2c(c3ccccc13)CC=C2
7.499536723683367,41.0,c1ccc2c(c1)Cc1ccc3c(c1-2)CCC3
7.874056893309815,50.666666666666664,C/C=C1\CCCc2ccccc21
7.2903758347591925,27.6,Cc1cc2ccc(C)c3c(C)cc4c(C)ccc1c4c23
7.465139161717788,28.4,C1=CC=CC(c2ccccc2)=C(c2ccccc2)C=C1
6.924248129785504,20.857142857142858,c1ccc2cccc-2c2cccc-2c1
7.66968893734049,24.857142857142858,Cc1c[c]ccc1
7.954324788153694,38.94117647058823,CC1CC=c2ccc3cccc4ccc1c2c43
5.692267367020795,46.90909090909091,CC1=C[C@@H](C)c2ccccc21
7.491563475348332,22.5,C=CC#CCC#CC
5.692267367020795,46.90909090909091,CC1=C[C@H](C)c2ccccc21
5.692267367020795,46.90909090909091,CC1=CC(C)c2ccccc21
7.169238313893432,27.75,Cc1ccc2c3c1ccc1cccc(c13)C2
7.889697837070493,42.0,CCC1=C(C)c2c(C)ccc(C)c2C1
6.537642074867861,20.5,c1cc2ccc3cccc4ccc(c1)c4c23
6.535961361023951,53.333333333333336,CC1=C2C=C(C(C)C)CCC(C)=C2C=C1
7.529089882920056,27.058823529411764,Cc1ccc2cc3ccccc3c(C)c2c1C
7.723737422155969,43.666666666666664,Cc1cc(C)c2c(c1)C=CCC2
7.733325197390706,32.0,CC1=C(c2ccccc2)c2c(C)cccc2C1
7.650647671101378,39.77777777777778,C1=CCC2=C3C(=CC=CC2=C1)Cc1ccccc13
7.566239845529651,34.13333333333333,Cc1cccc2c1-c1ccccc1CC2
7.816253572571316,38.705882352941174,CC1=Cc2c(C)c(C)c(C)c(C)c2C1=C(C)C
5.565404754051813,35.578947368421055,CC1=CC(C)c2ccc3c(ccc4ccccc43)c21
7.619653287540584,39.666666666666664,Cc1cc2c(c(C)c1C)C=CC2
1.8346582368389424,45.75,C1=CC2C=CC3=CCC=c4ccc(c2c43)=C1
6.537642074867861,20.5,c1cc2ccc3ccc[13c]4ccc(c1)[13c]4c23
7.724006040085007,44.61538461538461,CC1=CCc2c(C)ccc(C)c2C1
6.494264426185865,46.526315789473685,CC1=C(C)C(C)(c2ccccc2)C(C)=C(C)C1(C)C
7.557864556674782,28.266666666666666,Cc1cccc(-c2c(C)cccc2C)c1
6.621615581510639,48.30769230769231,CC1=C(C)C(C)c2cccc(C)c21
7.48021203475925,27.0,Cc1ccc(C)c2cccc-2c1
6.9609834489502465,21.625,C=C1c2cccc3ccc4cccc1c4c23
8.16973246028644,62.0,CC1=C(C)[C@@H]2C[C@H]1c1cccc(C)c12
7.403301775431893,35.25,C1=Cc2cc3ccccc3c3c2C1=CCC3
7.285078478736005,27.6,Cc1ccc2c(C)c(C)c3c(C)ccc4ccc1c2c43
6.592376555398628,54.583333333333336,C[C](C)C(C(C)(C)C)C(C)(C)C
7.634040014801214,42.4,Cc1c(C)c(C)c(C(C)(C)C)c(C)c1C
8.259873439176326,80.0,CC1=C(C)C2(C)C=CC1(C)C2
7.579483599124316,28.63157894736842,CC1(C)c2ccccc2-c2c1ccc1ccccc21
6.867105287344241,52.0,Cc1ccc(C)c2c1C=CC(C)C2
7.238036206411873,22.333333333333332,[C]=C1C=Cc2ccc3ccc4ccccc4c3c21
7.979297223209815,40.0,CC1CC=CC2=C1c1cc#cc3cccc2c13
4.779696995327552,59.2,CC1=CC(C)(C)C=C(C)C1
6.631786007533061,56.22222222222222,C1Cc2c1c1c3c(c4c(c5c3c2CC5)CC4)CC1
7.720952368267413,38.46153846153846,Cc1cccc(C)c1C1=CC=CC1
7.337231113730633,42.888888888888886,C1=CCc2c(c3c(c4ccccc24)CC=CC3)C1
7.386734459982764,27.529411764705884,C1=Cc2c3ccccc3cc3cccc(c23)C1
7.790930210617507,43.666666666666664,Cc1cc(C)c2c(c1)=CCCC=2
8.201096572127932,72.3076923076923,Cc1cc(C)c2c(c1)C1CCC2C1
7.675465761169125,36.0,C1=CCC2=c3ccccc3=CC=CC2=C1
6.856759243233447,52.0,CC1=CC(C)Cc2c(C)cccc21
7.819868672155969,39.666666666666664,CC1=CC(C)(C)c2ccccc21
7.432353863258619,36.15384615384615,[CH]1CCc2cccc3cccc1c23
7.674951124395927,80.57142857142857,CC1=C(C)C2(CCCC2)CCC1(C)C
8.787575686194492,77.4,CC1(C)[C@@H]2CC[C@@]1(C)C1=CC=C[C@H](c3ccccc3)[C@@H]12
7.222551379516267,25.41176470588235,c1ccc2c(c1)Cc1cccc3cccc-2c13
7.874555990329733,42.93333333333333,CCC1=Cc2c(C)c(C)c(C)c(C)c2C1
7.553878116379725,24.2,CCc1c2ccccc2cc2c1ccc1ccccc12
7.35088639081651,35.25,C1=Cc2ccc3cccc4c3c2C(=CC4)C1
7.536328542234357,31.142857142857142,Cc1ccc2c(C)cc(C)c(C)c2c1
7.865290026558679,32.8421052631579,CC1=CC(c2ccccc2)=C(c2ccc(C)cc2)C1
6.231810454490815,59.2,CC1=CC(C)(C)CC(C)=C1
7.624131807049295,32.5,C=C(C)C#Cc1c(C)c(C)c(C)c(C)c1C
7.242760589863547,24.444444444444443,Cc1ccc2c(c1C)-c1cccc3cccc-2c13
8.34910796734508,71.14285714285714,Cc1cccc2c1[C@H]1CC[C@@H]2C1(C)C
7.54606081212998,45.111111111111114,C1=CCC23C=CC=CC2=Cc2ccccc2C3=C1
8.098009981146182,72.3076923076923,Cc1ccc(C)c2c1C1CCC2C1
8.098009981146182,72.3076923076923,Cc1ccc(C)c2c1[C@@H]1CC[C@H]2C1
7.1218619991689085,35.25,C1=c2ccc3c4c(ccc(c24)=CC1)=CCC=3
6.371292095925175,54.8235294117647,Cc1cc2c(c(C)c1C)C(C)(C)CCC2(C)C
7.536328542234357,31.142857142857142,Cc1cc(C)c2ccc(C)c(C)c2c1
7.059886752412221,16.285714285714285,C#CC#Cc1cccc2ccccc12
7.643212819387937,26.285714285714285,C=C(C)c1cccc2c(C)cccc12
7.3638560238540975,39.0,C1=CC=C2C=CC=CC3=C2C(=C1)C=CC=C3
7.679850870567802,37.77777777777778,CC1(C)c2ccccc2-c2ccccc2C1(C)C
8.34910796734508,71.14285714285714,Cc1cccc2c1[C@@H]1CC[C@H]2C1(C)C
5.00713088040144,49.42857142857143,Cc1ccc(C)c2c1CC1C=CC=C21
7.113292806457723,46.76923076923077,CC1(C)C2=CC=CC=C1C=CC=C2
7.0538295714268155,30.75,c1cc2c3c(cccc4ccc(c1)c43)CC2
7.643212819387937,26.285714285714285,C=C(C)c1ccc(C)c2ccccc12
7.60999373183843,24.0,C1#C/C=C\C#C/C=C\C#CC=C1
7.174115535606258,48.0,CC1=CC=C(C)C2=C(C)C=CC(C)=C1C2
7.173210736097126,35.25,C1=Cc2ccc3c4c(ccc(c24)C=C1)CC3
6.334569877471342,42.4,C1=CC2=c3ccccc3=CC=CC2C=C1
7.916580451721606,52.30769230769231,CC1=CC(C)(C)C=C(C)C(C)=C1C
7.49861239393999,32.8,Cc1ccc2c(C)cc(C)c(C)c2c1C
7.493675961108972,32.0,[CH]C1=Cc2ccccc2C1
6.941876127429342,50.0,CC1=C(C)[C@]2(C)c3cccc4cccc(c34)[C@]12C
6.947743027955303,56.53333333333333,CC1=C(C)C2C(=C1)C(C)=C(C)C(C)=C2C
7.458485461869934,31.142857142857142,Cc1cc(C)c2c(C)ccc(C)c2c1
6.941876127429342,50.0,CC1=C(C)C2(C)c3cccc4cccc(c34)C12C
7.745536627516435,33.22222222222222,C=C1CCC(c2ccccc2)=C1c1ccccc1
7.672821357780553,35.5,Cc1ccc2c(c1)-c1c(C)cccc1CC2
8.351540907296641,59.25,CC1=CC2CC1(C)C(c1ccccc1)=C2C
7.155975853959577,22.58823529411765,Cc1ccc2cccc3c2c1-c1ccccc1-3
7.133470390411815,27.6,Cc1cc2cc(C)c3cc(C)cc4cc(C)c(c1)c2c43
7.7266552516089515,27.294117647058822,C#Cc1cccc2c1C(C#C)c1ccccc1-2
7.2726288946832565,40.0,C1=C[13CH]=[13CH]1
7.3797497644687375,25.25,Cc1cccc2c1ccc1cccc(C)c12
5.727918814032526,44.53333333333333,CC1=C2C=CC=CC2c2cccc(C)c21
7.452873518835653,29.272727272727273,C=C1C=C(C)c2ccccc21
7.769886816931067,29.88888888888889,Cc1ccc2cccc(C)c2c1C=C1C=CC=C1
7.931808076539875,32.421052631578945,CC1=CC2(C=C(C)c3ccccc32)c2ccccc21
8.34910796734508,71.14285714285714,Cc1cccc2c1C1CCC2C1(C)C
7.458946908073369,32.0,CC#CC
7.412961976963686,29.23076923076923,Cc1ccc(C)c2ccc(C)c-2c1
6.749985705879261,50.53333333333333,CC1(C)c2[c]cccc2C(C)(C)C1(C)C
6.7790014824562,20.5,[2H]c1cc([2H])c2c([2H])c([2H])c3c([2H])cc([2H])c4c([2H])c([2H])c1c2c43
6.788109598899858,20.5,[2H]c1cc2c([2H])c([2H])c3cc([2H])cc4c([2H])c([2H])c(c1)c2c34
7.811694666773161,20.5,c1cc2[14cH][14cH]c3cccc4[14cH][14cH]c(c1)c2c34
7.086388443974083,19.625,[c]1cc2cccc3ccc4cccc1c4c23
6.537642074867861,20.5,[13cH]1[13cH][13c]2[13cH][13cH][13c]3[13cH][13cH][13cH][13c]4[13cH][13cH][13c]([13cH]1)[13c]2[13c]34
6.960441450980306,20.5,[2H]c1cc2c([2H])c([2H])c3c([2H])c([2H])c([2H])c4c([2H])c([2H])c(c1[2H])c2c34
7.895306310111138,41.42857142857143,Cc1cc(C(C)(C)C)c(C)c(C)c1C
6.7525372007098134,20.5,[2H]c1c([2H])c2cccc3c([2H])c([2H])c4cccc1c4c23
6.537642074867861,20.5,c1cc2ccc3cccc4ccc(c1)c2c34
7.664749741240216,32.75,CC1=CCC=C1c1cccc2ccccc12
6.8431029763224505,36.4,c1cc2ccc3ccc4c5c(c6c(c1CC6)c2c35)CC4
7.086388443974083,19.625,[c]1ccc2ccc3cccc4ccc1c2c43
6.752537200709813,20.5,[2H]c1cc([2H])c2ccc3c([2H])cc([2H])c4ccc1c2c43
6.788109598899858,20.5,[2H]c1c([2H])c2ccc3c([2H])c([2H])c([2H])c4ccc(c1[2H])c2c34
8.202499723577995,124.92307692307692,CC12CC3CCC(C1)CC(C)(C3)C2
6.672284287886065,20.5,[2H]c1cc2ccc3cc([2H])cc4ccc(c1)c2c34
6.537642074867861,20.5,c1cc2ccc3ccc[13c]4ccc(c1)c2[13c]34
6.715504065818088,20.5,[2H]c1c([2H])c2c([2H])c([2H])c3c([2H])c([2H])c([2H])c4c([2H])c([2H])c(c1[2H])c2c34
6.707274429799095,45.333333333333336,Cc1cccc2c1-c1ccccc1C21CCCC1
7.749838739876385,40.266666666666666,C/C=C(\C)c1c(C)c(C)c(C)c(C)c1C
7.1617584175806615,35.25,C1=Cc2ccc3c4c(ccc(c24)C1)C=CC3
6.537642074867861,20.5,c1cc2cc[13c]3[13cH][13cH][13cH][13c]4ccc(c1)c2[13c]34
4.7789820102799085,45.42857142857143,CC1=Cc2c(C)cccc2C(C)(C)C1
6.537642074867861,20.5,c1cc2[13cH][13cH]c3cccc4[13cH][13cH]c(c1)c2c34
6.818151858220125,20.5,[2H]c1ccc2ccc3cccc4ccc1c2c34
7.679823479848276,30.333333333333332,C#CCc1c(C)ccc(C)c1C
7.8892704528884945,41.0,c1ccc2c(c1)-c1ccccc1C21CCC1
6.954130633516183,80.0,CC1=C(C)C2CC1C(C)=C2C
7.695066179270968,33.1,[CH2]c1c(C)cc(C)cc1C
7.999915663667763,44.142857142857146,C=C1c2ccccc2C(C)(C)C1(C)C
7.049991779100495,30.666666666666668,C1=C2C(=CC1)c1cccc3cccc2c13
6.901572154316447,54.166666666666664,C=C1CC[C@H](C)c2ccccc21
6.47285898875126,48.705882352941174,C#Cc1c(C)ccc2c1C(C)(C)CCC2(C)C
7.758417223049807,34.8235294117647,CC1=C(c2ccccc2)c2ccccc2CC1
7.966029549860926,61.6,Cc1c(C)c(C)c2c(c1C)C1C=CC2C1
7.980799612642952,34.526315789473685,CC1=c2cc(C)cc(C)c2=C(C)c2ccccc2C1
6.970972111789233,22.58823529411765,Cc1c2ccccc3cc4ccccc1c4c32
6.901572154316447,54.166666666666664,C=C1CCC(C)c2ccccc21
7.687527961832677,40.22222222222222,CC1=Cc2ccc3c4c(ccc(c24)CC1)CC=C3
7.720900815235156,39.529411764705884,CC1(C)Cc2ccccc2-c2ccccc2C1
7.9525934693934985,36.0,CC1(C)C=C(c2ccccc2)c2ccccc2C1
7.2252752326699525,32.8,Cc1cc(C)c2c(C)cc(C)c-2c(C)c1
7.225610630698047,56.5,CC1=C(C)C2(C)C(=C1)C(C)=C(C)C(C)=C2C
7.3488440831242015,35.25,C1=CC2=CCc3cccc4ccc(c2c34)C1
7.822246283307597,35.69230769230769,C=C1C(=C)C(C)(C)c2ccccc21
7.458946908073369,32.0,C[13C]#[13C]C
7.706665494741152,30.22222222222222,C#CC1=C(c2ccccc2)c2ccccc2CC1
7.6708754029251995,30.333333333333332,C#CCc1c(C)cc(C)cc1C
2.981594309591796,45.42857142857143,CC(C)(C)c1cccc2c1CC=CC2
7.036821174205654,20.666666666666668,c1cc2c3ccccc3cc3ccccc3c-2c1
7.136594444719913,16.285714285714285,C#Cc1ccc2ccccc2c1C#C
7.6421860586164865,45.333333333333336,CC1=CC=CC=C(C)C(C)=C1C
7.384439069347705,33.77777777777778,C1=Cc2cccc3c2-c2c(cccc2CC=C3)C1
7.852906885322003,41.714285714285715,CC1=CC2=C(C)C=CC=CC2=CC=C1
7.6729386268686985,46.857142857142854,CC1=CC(C)=C1C
6.537642074867861,20.5,c1ccc2ccc3ccc4ccc(c1)c2c43
6.384519328442635,18.2,c1c2ccc3ccc4ccc5ccc(c#1)c1c2c3c4c51
7.496229397193836,29.23076923076923,Cc1cc(C)c2cccc(C)c2c1
7.770489727066942,24.666666666666668,C#CC(=C(C)C)c1ccccc1
7.710177432677924,34.0,[C]1=CC=C1
4.8517025307678585,52.4,CC1=CC(=C2C=C(C)C(C)(C)C(C)=C2)C=C(C)C1(C)C
7.8166214168151456,50.0,C=C1C(C)=C(C)CC(C)=C1C
7.303985991789228,22.526315789473685,Cc1cccc2c1ccc1ccc3ccccc3c12
7.673989697715104,26.76923076923077,C/C=C\c1cccc2ccccc12
7.315150463977745,21.23076923076923,C#Cc1c(C)ccc2ccccc12
7.866151000197407,41.25,C1=CC2Cc3cccc4cccc(c34)C2=C1
7.316179754087312,31.142857142857142,Cc1cc(C)cc2c(C)cc(C)c-2c1
7.752398328354022,37.45454545454545,CCc1c(C)cc(C)cc1C
6.933537482792333,56.57142857142857,CC1=CC=C(C)C2C(C)=C(C)C(C)=C12
7.160077451489739,77.55555555555556,c1ccc2c3c(c4c(c2c1)C1CC4C1)C1CC3C1
7.5366033830596875,29.647058823529413,C1=Cc2cccc3c2=c2c(cccc2=C1)CC=3
7.278808391978622,22.526315789473685,Cc1cc2ccc3ccccc3c2c2ccccc12
7.3403025504667845,23.2,C=c1cc(C)c2cccc3cccc1c32
9.209049691516448,120.94117647058823,C1=CC23CCC4C(CCC5CC2CCC54)C3=C1
7.585105909021866,28.666666666666668,Cc1ccc2cc3c(C)c(C)ccc3c(C)c2c1
7.051617927110145,20.5,c1ccc2ccc3cccc4cc(c1)-c2c34
7.843297332462358,43.75,CC1=CC(C)(C)c2c(C)c(C)c(C)c(C)c21
7.585970354848276,30.333333333333332,CCC#Cc1c(C)cccc1C
8.750039473551753,113.14285714285714,CC(C)C12CC3(C)CC1CC(C)(C3)C2
7.460959999968992,24.88888888888889,Cc1c2cccccc-2c(-c2ccccc2)c1C
7.486341501841704,35.6,Cc1cc(C)c(C)c(C)c1
6.581112537896505,43.75,Cc1cc2ccccc2c2c1C=CCC2C
7.233901053834471,19.875,C#CC=C1c2ccccc2-c2ccccc21
6.880282221616821,57.25,CC1Cc2c1c1c(c3ccccc23)C(C)C1
7.374875212091444,27.6,Cc1cc2ccc3cccc4c(C)c(C)c(c1C)c2c34
7.5256896893006955,32.5,Cc1ccc2c(c1C)-c1c(C)cccc1C2
7.455406588202028,27.058823529411764,Cc1ccc2c(ccc3c(C)ccc(C)c32)c1
6.419003872994983,55.142857142857146,C=C(C)C#CC1=C(C)CCCC1(C)C
6.809658221077695,36.4,c1cc2cc3c4c(ccc5cc6c(c1CC6)c2c54)CC3
7.540108633437786,44.142857142857146,C=C1Cc2c(C)c(C)c(C)c(C)c2C1
7.795985675149834,39.714285714285715,Cc1cc2c(c(C)c1C)CC=CC=C2
7.32378901153074,30.0,Cc1cc(C)c(C#Cc2c(C)cc(C)cc2C)c(C)c1
7.2082794164388435,30.736842105263158,Cc1cc2ccc3cccc4c5c(c(c1)c2c34)CC5
5.42299877340608,52.0,CC1=CC(C)=CC(C)(C)C(C)=C1
7.802075490527955,49.06666666666667,C1=CC2=C3C=CC=C3C3C=CC=C3C2=C1
7.526214783581307,21.5,C1#Cc2ccccc2-c2ccccc2C=C1
7.646515017155172,37.06666666666667,C1=CC2C(=C1)c1cccc3cccc2c13
7.219913221656295,26.571428571428573,C#Cc1c(C)c(C)c(C)c(C)c1C#C
7.826075674811616,37.07692307692308,CC(C)=C1CC=Cc2ccccc21
7.28269167653338,52.0,CC1C=CC(C)(C)c2ccccc21
7.5150088174967475,32.8,Cc1cc(C)c2cc(C)c(C)c-2c(C)c1
7.420828698508817,26.0,C#CCc1cccc2c1Cc1ccccc1-2
7.397085927751553,67.27272727272727,C[C@@H]1C[C@@H](C)c2ccccc21
7.986388274034901,42.11764705882353,Cc1ccc2c3c4c(ccc13)C=CCC4C=C2
6.8425023874335755,20.5,c1cc2cccc3cc4cccc(c1)c4=c23
7.499582286217423,23.058823529411764,C=Cc1c(C)c2ccccc2c2ccccc12
5.9998733640029895,37.84615384615385,C/C=C\c1ccccc1C(C)(C)C
7.397085927751553,67.27272727272727,C[C@H]1C[C@H](C)c2ccccc21
8.69544893766933,109.14285714285714,C#CC12CC3CC(C)(CC(C)(C3)C1)C2
7.659206595969588,34.94736842105263,CC1=C2C(=CC1)c1ccccc1Cc1ccccc12
7.810235733101743,33.333333333333336,CC1=Cc2c(c(C)cc(C)c2-c2ccccc2)C1
7.171765555703271,30.666666666666668,C1=Cc2ccc3cccc4c3c2C1=CC4
7.8699997859874875,55.27272727272727,CC1=C2C=CC=C2C(C)(C)C1
5.039802665183675,45.75,C1=CC2=c3ccccc3=C3CC=CC(=C1)C23
7.591367315547345,28.666666666666668,Cc1ccc2c(c1)c(C)c(C)c1c(C)cccc12
7.444200020494188,25.25,Cc1cccc2c(C)c3ccccc3cc12
6.880958787862049,43.888888888888886,CC(C)(C)c1[c]c(C(C)(C)C)cc(C(C)(C)C)c1
7.806131165457931,53.857142857142854,C1=CC2=CC=CC3=CCCCC(=C1)[C]23
7.876859029559115,36.0,C/C=c1\cccc\c1=C/C
8.315778695343825,76.54545454545455,C=C1CC2(C)CC1C(=C)C2=C
7.241196181158684,24.2,Cc1cccc2ccc3c(ccc4cccc(C)c43)c12
7.322234494149092,34.0,CC#Cc1c(C)c(C)c(C)c(C)c1C
7.630791925842976,41.88235294117647,Cc1c2c(cc3c1Cc1ccccc1-3)CCC2
7.854080483954638,33.4,c1ccc2c(c1)Cc1cccc3c1C2c1ccccc1-3
4.927354349641795,36.75,C#Cc1c(C(C)(C)C)cccc1C(C)(C)C
7.4713049215212255,31.764705882352942,C1=CCc2c3c(c4ccccc4c2=C1)=CC=C3
7.9638086925051,41.25,C1=CC2CC=c3cccc4ccc(c2c34)=C1
7.787286373308875,44.61538461538461,CC1=CCCc2c(C)cc(C)cc21
7.79990459580722,42.93333333333333,Cc1c(C)c(C)c2c(c1C)C=CC2(C)C
7.443669308468186,19.75,[CH]c1cc2ccccc2c2c([CH])cccc12
7.239986620792028,30.666666666666668,C1=C2CC=c3cccc4ccc(c2c34)=C1
5.122265540492569,58.666666666666664,CC1=C2C(C)=C(C)C(C)=C2C(C)(C)CC1
7.601618246510261,44.0,CC1=CCCc2c1cc1c3c(cccc23)CC1
7.049495674574781,67.71428571428571,Cc1c(C)c2c(c3c1CC3C)CC2C
7.97455596148598,62.46153846153846,Cc1ccc(C)c2c1[C@@H]1C=C[C@H]2C1
7.983958312637152,44.61538461538461,CC1=Cc2ccccc2C(C)(C)C1
7.551565521890928,24.0,C=Cc1ccc(C)c2ccccc12
7.63294095125607,37.42857142857143,CC1(C)Cc2cccc3cccc1c23
7.973011837812895,42.11764705882353,CC1C=C2CC=Cc3ccc4cccc1c4c32
7.615029570062176,39.529411764705884,Cc1cccc2c1-c1c(C)cccc1CCC2
7.191498676108916,27.11111111111111,Cc1cccc(C)c1C#Cc1c(C)cccc1C
7.5258715304166035,27.058823529411764,Cc1ccc2cc(C)c3cccc(C)c3c2c1
5.886507461104995,68.92307692307692,CC1=C2CCCC2=C(C)C(C)(C)C1
7.550326800913641,28.666666666666668,Cc1cc2c(c(C)cc3ccccc32)c(C)c1C
7.843991782407409,30.105263157894736,Cc1c2ccccc2cc2c(C(C)(C)C)cccc12
7.97455596148598,62.46153846153846,Cc1ccc(C)c2c1C1C=CC2C1
7.643519384294455,32.5,Cc1cccc2c1-c1ccccc1C2(C)C
7.6602082052559375,30.941176470588236,C=C1c2ccccc2C(C)(C)c2ccccc21
7.845291305513471,33.333333333333336,CC(C)=Cc1c(C)cccc1C
7.216887360979049,26.153846153846153,CC1=Cc2cccc3cccc1c23
7.43867984856432,31.142857142857142,Cc1cc(C)c2ccc(C)c-2c(C)c1
7.142814715979469,24.2,Cc1cccc2c3ccccc3c3cccc(C)c3c12
7.474278694772584,38.4,C=C1CC(=C)c2c(C)c(C)c(C)c(C)c21
6.244371834994196,48.25,C#Cc1cccc2c1C(C)(C)CCC2(C)C
5.844714408332402,60.0,CC1=C(C)C2=C(C=CC=C1)CCCC2
9.165475850345608,140.0,CC1C2CC1(C)C13CC2CC1CC3C
7.78258841878406,38.46153846153846,CC1=CCC(C)=C1c1ccccc1
7.653597208856743,31.157894736842106,Cc1cc2ccccc2c2c1-c1ccccc1CC2
7.605890380261283,46.36363636363637,C=C1CC=CC2=C1C(C)=C2C
7.686571907307295,27.058823529411764,CCc1c2ccccc2cc2c(C)cccc12
7.102398406319429,30.666666666666668,C1=Cc2ccc3c4c(ccc(c24)C1)C=C3
7.4408428810590665,28.266666666666666,Cc1ccccc1-c1c(C)cccc1C
8.479976670156887,65.41176470588235,CC1=C(C)C2=CC=CC3(C)C=C(C=C1)C2(C)C3
7.331447313488738,24.8,C#Cc1cc(C)c(-c2c(C)cc(C#C)cc2C)c(C)c1
9.022901130975665,114.58823529411765,C=C1C2C3CC4C2C(=C)C25C=CC=CC12C3C45
8.872067422900642,92.26666666666667,CC1=CC[C@@]23C[C@@H]1C(C)(C)[C@@H]2CC=C3C
7.997468702467229,42.11764705882353,CC1C=Cc2ccc3c4c(ccc1c24)C=CC3
7.618429651516344,28.0,C#CCc1c(C)cccc1C
7.277229844598149,24.705882352941178,Cc1c2ccccc2c2c3c(cccc13)C=C2
7.0922663481204875,22.6,C1=Cc2ccccc2-c2ccccc2-c2ccccc21
7.634149220783607,36.53333333333333,Cc1c2c(cc3ccccc13)C=CCC2
3.4496357500534387,37.333333333333336,Cc1cccc2c1-c1ccccc1C2C
7.602114056797572,25.176470588235293,C/C=C\c1cc2ccccc2c2ccccc12
7.268667901812928,27.6,Cc1cc2cc(C)c3ccc(C)c4ccc(c1C)c2c43
8.594294999011831,67.57894736842105,C=C(C)C1=CC2=C(C)C(C)(C1)C2C1=C(C)C=CCC1
7.443064548542225,28.8,C1=c2ccccc2=c2ccccc2=CC1
6.779630568272085,73.71428571428571,CC1(C)CCCC2=C1C(C)(C)C2(C)C
6.420651457299086,20.4,c1cc2c3cccc-3c-2c1
5.873223638435423,74.46153846153847,CC1(C)CC(C)(C)C(C)(C)C1(C)C
7.896022597444744,25.4,C#C/C=C/[CH2]
7.397183756715971,25.25,Cc1cccc2c1c(C)cc1ccccc12
7.986070066598597,34.44444444444444,C[C@H]1C=Cc2ccc3ccc4ccccc4c3c21
6.168234172757767,49.0,C1=CC2=CC=C3C=CC=C4c5ccccc5C(=C1)[C@@H]2[C@H]34
7.986070066598597,34.44444444444444,CC1C=Cc2ccc3ccc4ccccc4c3c21
7.793503491402049,44.61538461538461,CC1=CCCc2cc(C)cc(C)c21
7.555913506422402,23.5,CC#Cc1ccc(-c2ccccc2C)cc1
7.833554274281869,40.8,CC1=C(C)C(c2ccccc2)C(C)=C1C
7.865484522783217,39.2,CC#CC1=CCC(C)(C)c2ccccc21
7.248465307941103,39.2,C1=Cc2ccc3c4c(ccc(c24)C1)CC3
7.327926601914211,43.25,C1=c2ccc3c4c(ccc(c24)CC1)=CCC3
6.47724109612339,56.0,CC1=CC(C)(C)C=CC(C)(C)C=C1
8.132167479719824,60.25,Cc1c2c(cc3ccccc13)C1CCC2C1
8.315786674362084,161.5,C1C[C@@H]2C3C4C5[C@@H](CC[C@@H]5[C@@H]5CC[C@H]2C45)[C@H]13
7.873168291809695,48.285714285714285,C1=CC2c3cccc4cccc(c34)C12
7.873168291809695,48.285714285714285,C1=C[C@H]2c3cccc4cccc(c34)[C@@H]12
7.442417601351773,29.142857142857142,[2H]C([2H])([2H])c1cccc2c1-c1ccccc1C2
7.6062674193746345,36.0,C/C=C1/C(C)=Cc2ccccc21
7.6574196073229714,36.0,C1=CC=c2ccc3c(c2C=C1)CC=CC=3
7.90131689620231,96.57142857142857,CC1(C)CC2CC(C)(C)C1C(C)(C)C2
7.573804213976052,37.77777777777778,CC1(C)c2ccccc2C(C)(C)c2ccccc21
3.662690594256378,43.25,CCc1c(C)c(C)c(C(C)(C)C)c(C)c1C
7.257964435040059,31.77777777777778,C1=c2c(c3ccccc3c3ccccc23)=CCC1
7.554344437230799,26.6,Cc1ccc(C2c3ccccc3-c3ccccc32)cc1
7.624502434692985,36.53333333333333,Cc1cc2c(c3ccccc13)C=CCC2
7.299921826688752,26.2,Cc1c2c3c(ccc4cccc(c43)C2)c2ccccc12
4.608002329242323,50.0,C=C1C=C(C)C(C)(C)C(C)=C1
8.70474859875601,98.28571428571429,CC1=C(C)C(C)(C)[C@H]2[C@@H]1[C@@H]1C=C[C@H]2C1
7.149553227859176,21.25,CC#Cc1cccc2cccc(C#CC)c12
7.507132885700409,27.058823529411764,Cc1ccc2c(c(C)cc3ccccc32)c1C
7.101022600328645,21.666666666666668,CC#Cc1ccccc1C#CC
6.9227182197210615,20.666666666666668,c1ccc2c(c1)ccc1ccc3ccccc3c12
7.80691082577899,46.2,CC1=CC2=Cc3ccc(C)cc3C3=CC=CCC23C=C1
4.966381575772467,48.0,c1cc2c3c(c1)CCc1cccc(c1CC3)CC2
6.194719125680377,42.93333333333333,CC1CC=Cc2ccc3ccccc3c21
8.44622552537957,61.8,CC1(C)CC2(C)CC(C)(C1)c1c2ccc2ccccc12
7.29014396910167,25.0,C1=C2C=c3ccccc3=C2c2ccccc21
7.28045860361147,21.0,c1cccc2cccc3ccc(cc1)cc23
7.076584963987293,27.066666666666666,C1=c2ccc3cccc4ccc(c2c43)C1
7.43867984856432,31.142857142857142,Cc1cc(C)c2[13c](C)cc[13c]-2c(C)c1
7.43867984856432,31.142857142857142,Cc1cc(C)c2[13cH]cc(C)[13c]-2c(C)c1
7.105916833300451,20.8,C=Cc1cc2ccc3cc(C=C)cc4ccc(c1)c2c34
7.986070066598597,34.44444444444444,C[C@@H]1C=Cc2ccc3ccc4ccccc4c3c21
7.410237881072052,31.714285714285715,Cc1cc2c3c(cccc3c1)CC=C2
7.894671136169831,46.666666666666664,CC1(C)C2=CCCC=C2c2ccccc21
7.531902073058728,29.5,CC(C)(C)c1cccc2c1-c1ccccc1-2
7.559771293516665,24.88888888888889,Cc1cc(-c2ccccc2)c(C)c2ccccc12
7.057750040138724,40.44444444444444,CC1c2ccccc2-c2c1cccc2C(C)(C)C
7.236205205848477,27.6,Cc1ccc2cc(C)c3c(C)cc(C)c4ccc1c2c43
7.334270407774275,35.46666666666667,C1=Cc2c3c(c4c(c2=C1)C=CC4)=CC=C3
7.145378142604404,70.66666666666667,C1#CC2C#CC3C#CC1C1C#CC2C#CC3C#C1
7.371151807274966,49.8,C[C]1C(C)=C(C)C(C)=C1C
7.155802121964903,21.0,C=c1c(=C)c2ccccc2c2ccccc12
7.120646229744352,20.666666666666668,C=Cc1cc2ccc3cccc4ccc(c1)c2c34
7.26608184412062,27.6,Cc1cc(C)c2cc(C)c3c(C)ccc4ccc1c2c43
7.42619115026991,31.77777777777778,C1=Cc2c(c3ccccc3c3ccccc23)CC1
8.764682815947022,100.70588235294117,CCCCC1C2CC(C)C2C1CC(C)(C)CC
7.085037512089813,33.26315789473684,c1cc2ccc3cccc4c5c(c(c1)c2c34)CCC5
8.109204333341715,58.75,C/C1=C(\C)CCCc2ccc(cc2)CCC1
7.5739432008890955,41.125,C#CC[C]1[C]2C=CC=C[C]2[C]2C=CC=C[C]21
7.475649973541898,32.2,C1=Cc2c3cccc4c3c(c3cccc(c23)C1)CC=C4
7.928055347082628,36.0,C1=CC2=c3ccccc3=C3C=CC=CC23C=C1
7.6493011508529065,33.68421052631579,c1ccc(-c2c3c(cc4ccccc24)CCC3)cc1
7.82453606153739,45.42857142857143,CC1(C)C=CC(C)(C)c2ccccc21
4.406086496706141,31.11111111111111,CC/C(C)=C(/c1ccccc1)c1ccc(C)cc1
7.61703049629771,27.0,CCc1ccccc2cccc1-2
7.554863816526306,23.058823529411764,C=C(C)c1cc2ccccc2c2ccccc12
8.536715266146151,126.85714285714286,CC1CCC2C3(C)CC(C)C3(C)C12C
7.34552162273603,56.61538461538461,CC1=C2C=CC=CC(=C(C)CC1)C2
7.72467445564907,40.92307692307692,CC1=Cc2c(cc(C)c(C)c2C)C1
5.370443806024355,39.733333333333334,CC1=Cc2cccc3cccc(c23)C1C
8.513293518779504,86.42857142857143,C[C]1[CH][C](C)[C]2[C]1CC1CC2C1(C)C
7.128642364880635,19.88888888888889,[c]1cccc2c1c1ccccc1c1ccccc21
8.442159665425878,76.66666666666667,Cc1c2c(c(C)c3c1[C@@H]1C=C[C@H]3C1)[C@H]1C=C[C@@H]2C1
7.4896548129611356,28.666666666666668,Cc1cccc2c(C)c3c(C)ccc(C)c3cc12
9.000486664560746,107.2,CC1=CC[C@H]2C(C)(C)[C@H]3C[C@@]12CC[C@H]3C
5.966625523371006,44.2,C1=CC2=CC=CC3=c4cccc5c4=C(CC=C5)C(=C1)C23
7.767218258514761,34.526315789473685,Cc1c(C)c(C)c2c(c1C)CC=C2c1ccccc1
7.958852445724405,50.92307692307692,C=C1C(C)=C(C)C(C)(C)C(C)=C1C
7.554135771723654,21.88888888888889,[c]1ccc2cccc3c2c1C=c1ccccc1=C3
6.576214637624766,20.666666666666668,c1ccc2c(c1)c1ccccc1c1ccccc21
7.815841886947897,33.333333333333336,CC1=Cc2c(-c3ccc(C)cc3)ccc(C)c2C1
7.245933401923262,18.545454545454547,C#Cc1cccc(C)c1C#C
8.337919244200451,83.63636363636364,C/C=C1\C(=C\C)C2C=CC1C2
6.3926916668004585,51.733333333333334,CC1=CC=C2C=CC=C3C=CC(C)=C1C32
7.785809482158421,32.8,Cc1ccc(C(C)(C)C)c2ccccc12
9.000486664560746,107.2,CC1=CC[C@@H]2C(C)(C)[C@@H]3C[C@]12CC[C@@H]3C
7.290508856280786,28.6,c1ccc2c3c4c(cc5ccccc5c4cc2c1)CC3
7.158806253121532,30.0,C#Cc1ccc2c3c(cccc13)CC2
7.417958522021921,47.833333333333336,C=C1C2=C(CC=C2)C2=C1C=CC2
7.980797882417975,44.470588235294116,Cc1ccc2ccccc2c1C1=CCCCC1
6.917623019709866,24.444444444444443,Cc1ccc2ccc3c(C)ccc4ccc1c2c43
7.9299934602993645,51.63636363636363,CC1=CC(C)(C)C=C(C)C=C1
7.673771603588394,32.75,CC1=CC(c2cccc3ccccc23)=CC1
7.785809482158421,32.8,Cc1cccc2c(C(C)(C)C)cccc12
7.434236787931421,28.63157894736842,Cc1cc(C)cc(C#Cc2c(C)cc(C)cc2C)c1
2.9258609799009783,46.92307692307692,C=C1CCC(C)(C)c2ccccc21
7.616045575601551,43.666666666666664,Cc1ccc(C)c2c1=CCCC=2
7.520351477198146,19.2,C#C/C=C/C#C/C=C/C#C
7.421438459982764,31.764705882352942,C1=CC2=CCc3ccc4ccccc4c3C2=C1
8.58891883828334,113.71428571428571,C[C@@]12CC=C3CC[C@]4(C)C[C@@H](CC1)C324
7.8979366123776185,34.75,CC1=CC=CC=CC(c2ccccc2)=C1C
7.3953742216599085,24.2,Cc1cccc2c1ccc1c3ccccc3cc(C)c21
6.343006508173191,52.857142857142854,CC1C2=C(C=CCC2)c2ccccc21
7.70272528419426,39.0,CC(C)=C(C)c1c(C)c(C)c(C)c(C)c1C
7.8911997551757125,27.11111111111111,C#Cc1ccccc1-c1ccccc1C(C)(C)C
8.991372120571718,107.2,CC1=CC[C@@]23C[C@@H]1C(C)(C)[C@H]2CC[C@@H]3C
7.714659863565483,33.333333333333336,CC1(C)C=Cc2cccc3cccc1c23
7.827385486152969,42.0,CC1=CC(C)(C)c2c(C)ccc(C)c21
8.664372519712844,104.0,CC1(C)C=C2CC3CC(C)(CC23)C1
7.438872146806318,31.714285714285715,Cc1ccc2cccc3c2c1CC=C3
7.3902812218141225,54.57142857142857,[14CH3]C1([14CH3])CCC([14CH3])([14CH3])c2ccccc21
6.12279930526989,71.42857142857143,CC1(C)C=CC(C)(C)C2=C1CCCC2
7.708694473463341,47.714285714285715,Cc1c(C)c(C)c2c(c1C)CC2(C)C
7.797384361420262,33.333333333333336,CC1=Cc2c(-c3ccccc3C)ccc(C)c2C1
7.128829140827242,53.666666666666664,Cc1c(C)c2c(c3c1CC3)CC2
7.2317773989643115,29.41176470588235,CC1(C)c2cccc3ccc4cccc1c4c23
7.164296218401637,59.666666666666664,C[C@@H]1C=C[C@@H](C)c2ccccc21
7.3829248607831754,68.8,CC1=CC(C)CC(C)=C1C
7.526377100182496,32.77777777777778,C=C1C2=C(CCc3ccccc32)c2ccccc21
7.411280538414709,31.714285714285715,CC1=CCc2cccc3cccc1c23
8.289445204950026,80.92307692307692,CC(C)=C1C(=C(C)C)C2CCC1C2
7.173567092599669,53.142857142857146,CC1=C(C)C2(C=CC=CC2)C(C)=C1C
7.643327487476009,35.78947368421053,C1=CC2=CC(C=C1)c1ccccc1-c1ccccc12
7.54692368512105,42.888888888888886,C1=Cc2c(c3c(c4ccccc24)C=CCC3)CC1
7.3500102010346415,24.533333333333335,C=C1[CH]c2ccccc2-c2ccccc21
7.128324024799664,27.529411764705884,C1=c2c(c3ccccc3c3ccccc23)=CC1
7.671430412405288,36.8235294117647,Cc1c(C)c(C)c(C=C2C=CC=C2)c(C)c1C
6.515433583362215,25.428571428571427,C1=Cc2ccc3c4c(ccc1c24)C=C3
7.15377936013338,46.285714285714285,CC1=C(C)C2=C(C)C(C)=C(C)C2=C1C
6.814897939869905,50.0,CC1=CCCC(C)(C)/C1=C/c1ccccc1
8.41690906304669,70.44444444444444,CC12CCC(C)(c3ccccc31)C(C)(C)C2(C)C
7.191746289011227,48.0,CC1=C(C)C(C)=C(C)C(C)=C(C)C(C)=C1C
6.528949779307377,56.72727272727273,CC1=CC(C)=C2C=CC=CC12
7.556832258936579,32.30769230769231,CC#Cc1c(C)cc(C)c(C)c1C
5.160230702794697,42.93333333333333,CC1=C(C(C)(C)C)c2cccc(C)c2C1
7.99925066657898,51.07692307692308,C1=CC2=CC=CC3=CC=C[C@H]3C2=C1
5.974232177103372,80.57142857142857,CC1(C)CCCC2=C1CCCC2(C)C
8.126305846824055,64.76923076923077,C=C1C2CCC1c1c(C)cccc12
5.19846983254741,59.55555555555556,CC1=CC(C)C=C(C)C1
7.939707456118641,37.88235294117647,CC1Cc2c3ccccc3cc3cccc1c23
5.775305077024171,43.714285714285715,CC1=c2ccccc2=C2C=CC=CC12
7.113397041113324,17.11111111111111,C#Cc1cccc2cc3cccc(C#C)c3cc12
7.235325888580029,30.0,Cc1cccc(C)c1-c1c(C)cccc1C
7.344103435073623,28.0,C=C1C=Cc2ccc3cccc4c3c2[C]1C=C4
8.764613077234847,104.0,CC1(C)C[C@H]2[C@H]1CCC1=CCC[C@@]2(C)C1
7.433001054943299,26.285714285714285,Cc1cccc(C)c1-c1ccccc1
7.948321703936299,54.57142857142857,CC1(C)CCC(C)(C)c2ccccc21
7.069989173687868,20.63157894736842,CC#Cc1cc2cccc3ccc4cccc1c4c32
7.441856113878114,28.444444444444443,CC1=C2C(=Cc3ccccc32)c2cc(C)ccc21
6.959851373509187,37.26315789473684,C1=CC2=c3cccc4ccc5c(c34)C2(C=C1)C=CC=5
8.108321037958996,96.0,C#CC12CC3(C)CC(C)(C1)CC(C#C)(C3)C2
7.527273787924979,30.0,C=C1CC=Cc2ccc3ccccc3c21
7.540952412265955,25.285714285714285,Cc1cccc(C)c1-c1cc[c]cc1
6.966892569882045,34.57142857142857,C1=Cc2ccc3c4c(ccc1c24)CC3
7.433117946791109,33.857142857142854,C=C1Cc2cccc3cccc(c23)C1
7.895208510165329,58.285714285714285,CC1=C(C)C(C)(C)C(C)(C)C(C)=C1C
7.662808032157139,66.85714285714286,CC1=C(C)[C@H](C)[C@@H](C)C1=C1C=CC=C1
2.6255039273955596,50.92307692307692,C=C1C(C)=C(C)C(C)=C(C)C1(C)C
7.943567183696468,44.470588235294116,CC1=C(c2cccc3ccccc23)CCCC1
7.903598920599535,94.0,C1=CC2=C(C=C3C(=C1)C1CC3C1)C1CC2C1
7.08369396933213,44.0,C1=Cc2c3c(c4c(c2C1)C=CC4)C=CC3
7.895433566745826,42.0,Cc1c(C)c(C)c(-c2cccc3c2CCC3)c(C)c1C
7.955639308248075,30.7,C=C1C(C(C)(C)C)=C(c2ccccc2)c2ccccc21
7.104343927199046,20.666666666666668,C#Cc1c2ccccc2c2c3c(cccc13)C=C2
7.239969774877332,31.142857142857142,Cc1cccc(C)c2c(C)cc(C)c1-2
7.165236070940395,44.0,C1=Cc2c3c(c4c(c2C1)C=CC4)CC=C3
7.443669308468186,19.75,[CH]c1cccc2c1c([CH])cc1ccccc12
5.486705164986406,31.4,CC(C)=c1ccc2cc(C(C)C)cc3cc(C)c(c1)-c23
7.75432291697095,76.6,C=C1C(C)=C(C)[C@@H](C)[C@@H]1C
8.825902628901208,109.2,C=C1CC[C@@H]2[C@H]3CC[C@@H](C)[C@@]12CC3(C)C
7.286623046116956,20.857142857142858,C=c1ccc2cccc3cccc1c32
7.164446737649917,28.6,c1ccc2c3c4c(c5ccccc5cc4cc2c1)CC3
7.804551210427503,54.25,Cc1c(C)c2c(c3c1CC3)C(C)(C)C2(C)C
7.630426217842153,24.88888888888889,Cc1cccc(-c2cc(C)cc3ccccc23)c1
7.3806347676750725,27.529411764705884,C1=Cc2cccc3cc4ccccc4c(c23)C1
7.859842994923033,39.0,Cc1cc(C)c(C(C)C)c(C)c1
8.53473156163141,89.84615384615384,CC1=C(C)C(C)(C)C2CCC1(C)C2
5.321076389322221,56.0,CC1=CC(C)(C)C=CC(C)(C)C=C1C
7.702792110474392,30.736842105263158,C1=CCC2=c3ccccc3=c3ccccc3=CC2=C1
7.457802243037646,36.470588235294116,CC1=CCc2ccc3c4c(ccc1c24)C=CC3
7.234217979717127,23.2,Cc1c2ccccc2cc2ccccc12
7.422182646210135,28.666666666666668,Cc1ccc2c(ccc3ccc(C)c(C)c32)c1C
7.109109493479716,26.75,C#Cc1ccc2c3c(ccc(C#C)c13)CC2
7.427286589676068,28.63157894736842,Cc1cc(C)c(C#Cc2c(C)cccc2C)c(C)c1
7.763660519224677,31.142857142857142,CCc1c(C)cc2ccccc2c1C
7.791306647413929,39.6,C=C1C=CCc2c(C)c(C)c(C)c(C)c21
7.577629105066963,54.857142857142854,C1=CCC23C=CC=CC2=CC=CC3=C1
7.094268704842642,26.105263157894736,Cc1ccc2ccc3c(C)cc(C)c4ccc1c2c34
7.2365706140791675,27.529411764705884,C1=Cc2c(c3ccccc3c3ccccc23)C1
7.177360808095445,20.857142857142858,c1cc2cccc3ccccc3c-2c1
7.669393890887532,28.266666666666666,C=C(C)c1cc(C)c2cccc-2c(C)c1
7.078099849276178,69.6,C1Cc2c3c(c4c(c2C1)CCC4)CCC3
7.545229754632933,30.0,Cc1cc(C)cc(-c2c(C)cccc2C)c1
7.670461709481964,28.444444444444443,[CH]c1cc(C)cc(C)c1
6.715886784610831,56.666666666666664,CC1=C(C)C2C=CC=CC2=C1C
7.713312649981804,38.5,CC1Cc2ccccc2-c2ccccc2C1
5.675291021199688,39.111111111111114,C1=CCC2c3ccccc3-c3cccc(c32)C=C1
7.407966531757815,21.0,C=Cc1c2ccccc2cc2ccccc12
7.945048670166946,40.92307692307692,CC(C)(C)c1cccc2c1C=CC2
7.214921681974564,26.105263157894736,Cc1cc2ccc3ccc(C)c4ccc(c1C)c2c34
7.643402830118463,26.526315789473685,Cc1cc(-c2cccc3ccccc23)cc(C)c1C
7.270471017389522,39.714285714285715,C1=CC2=C1C1=c3c2cccc3=CCC1
7.909549911491606,43.38461538461539,C[C@@H]1Cc2cccc3cccc1c23
7.520420466945874,39.69230769230769,c1cc2cccc-2c2c(c1)CCC2
7.519425292388233,52.22222222222222,C[C@]12C=CC=C3C=Cc4cccc(c4[C@@]31C)C=C2
7.523431976511389,30.333333333333332,CC#Cc1c(C)ccc(C)c1C
7.467488951044364,49.333333333333336,CC1=Cc2c(C(C)C)ccc(C)c2C1C
6.439795836511713,60.30769230769231,C#CC1=C(C)C(C)(C)CCC1(C)C
7.852906885322003,41.714285714285715,CC1=CC2=CC=CC=CC2=C(C)C=C1
7.272348906637307,30.333333333333332,CC1c2cccc3cccc1c23
7.388181873670273,31.0,C#CC1=C(C)Cc2ccccc21
6.046176610590827,52.0,CC1=CC(C)(C)C(C)=C(C)C=C1
7.914282906353295,32.30769230769231,C#Cc1c(C)cccc1C(C)(C)C
7.995929748472293,42.0,CC1=C(C(C)(C)C)c2ccccc2C1
7.909549911491606,43.38461538461539,CC1Cc2cccc3cccc1c23
8.748757918977887,108.5,C[C@@H]1[C@H](C)[C@H]2C=C[C@@H]1[C@]13C=C[C@]21CC=CC3
7.643816031886489,36.21052631578947,Cc1ccc2c(c1C)C(C)(C)c1c-2ccc(C)c1C
7.4511700489042205,31.714285714285715,CC1=Cc2cccc3cccc(c23)C1
7.45250565987538,23.058823529411764,Cc1cc2ccccc(-c3ccccc3)c-2c1
7.130853014432137,28.285714285714285,CC1=C(C)c2cccc3cccc1c23
7.564352924125668,33.05263157894737,CC1=Cc2c(c3ccccc3c3ccccc23)CC1
7.175078062576757,24.63157894736842,[2H]c1c2c3c(ccc4cccc(c43)C2)c2ccccc12
7.1902928353278615,66.66666666666667,CC1=CC(C)(C)C(C)(C)C(C)(C)C1(C)C
7.459193877986381,23.058823529411764,Cc1ccccc1-c1cccc2ccccc12
7.185433123690913,26.153846153846153,Cc1ccc2c3c(cccc13)C=C2
7.503659429628366,27.058823529411764,Cc1cc2c(ccc3ccccc32)c(C)c1C
6.257074890305906,67.2,CC1(C)C2=C(CC=CC2)C(C)(C)C1(C)C
7.735002566386737,43.666666666666664,Cc1ccc(C)c2c1C=CCC2
7.482763414799821,27.058823529411764,Cc1ccc2c(C)cc3c(C)cccc3c2c1
7.316062522402822,27.0,Cc1cc(C)cc2cccc-2c1
7.047165242063937,24.0,Cc1ccc2cc3c4c(ccc5ccc1c2c54)C=C3
7.18146951556821,26.526315789473685,C1=Cc2ccc3c(c2C1)-c1cccc2cccc-3c12
6.9485985635428,67.42857142857143,CC1=C(C)C(C)(C)C(C)(C)CC1(C)C
7.2726288946832565,40.0,C1=C[13CH]=C1
5.117841802631089,59.0,CC1=CCC2=C1CC1=C(C(C)=CC1)C2(C)C
7.505232121964902,41.714285714285715,CC1=C2C=CC=CC(C)=C2C=CC=C1
7.43867984856432,31.142857142857142,Cc1cc(C)c2c(C)[13cH]c[13c]-2c(C)c1
7.9199611298921395,40.21052631578947,C1=Cc2ccc3ccc4cccc5c4c3c2C(C1)C5
6.806298057778417,52.0,Cc1ccc(C)c2c1CC=CC2C
7.289513790274636,57.75,Cc1c(C)c(C)c2c(c1C)CC(C)C2(C)C
7.332485617876645,31.333333333333332,c1cc2c3c(cccc3c#1)CC2
7.35472841948154,29.647058823529413,C1=CC=c2cccc3c2=c2c(cccc2=C1)C3
5.252164951189409,54.13333333333333,c1cc2c3c4c(ccc3c1)CCCC4C2
7.498779432117422,32.5,Cc1cccc2c1Cc1c(C)ccc(C)c1-2
8.325556315857517,104.0,CC1(C)C[C@@]2(C)CCC3=CCC[C@H]1[C@H]32
7.16370677843185,18.3125,[C]#Cc1cc2ccccc2c2ccccc12
7.01473476424171,17.25,C#Cc1cc(C#CC)c(C#C)cc1C#CC
7.264374074752968,24.2,Cc1ccc2c3ccccc3c3ccccc3c2c1C
7.510945727273323,32.8,Cc1cc2c(C)c(C)ccc2c(C)c1C
7.4773254062419845,30.933333333333334,Cc1cc(C)c2c(c1)Cc1ccccc1-2
7.923806146003207,50.76923076923077,Cc1ccc(C)c2c1CCC2(C)C
6.948089354321114,22.2,C1=Cc2cc3ccccc3c3c2c1cc1ccccc13
7.564677664542411,45.111111111111114,C1=CC2=Cc3ccccc3C3=CCC=CC23C=C1
7.584253569952975,38.18181818181818,CC1=c2ccccc2=C(C)C1
7.763660519224677,31.142857142857142,CCc1c(C)c(C)cc2ccccc12
7.43867984856432,31.142857142857142,Cc1cc(C)c2c[13cH]c(C)[13c]-2c(C)c1
7.177409638446478,17.5,C1#Cc2ccccc2-c2ccccc2C#C1
6.8975473530103315,54.15384615384615,CC1=CC=CC2C(C)=CC=CC=C12
7.875101357348613,100.0,C#CC12C3C4C1C1(C#C)C4(C#C)C3C21C#C
7.841465216190121,30.105263157894736,Cc1cc2ccc3ccccc3c2cc1C(C)(C)C
7.853242229848276,52.666666666666664,CC1=C2C=CCCC(C)=C2C=C1
7.88599247285182,45.55555555555556,CCC1=Cc2c(C)c3c(c(C)c2C1)C=C(CC)C3
7.1846918434969576,31.75,CC1=C(C)c2ccc(C)c3c(C)ccc1c23
7.970008425874231,58.90909090909091,CC1=C(C)C(C)C(C)=C(C)C1
7.302722009866982,58.72727272727273,C=C1C(C)=C(C)C=C(C)C1C
7.466887755316252,28.666666666666668,Cc1c(C)c(C)c2c(ccc3ccccc32)c1C
6.729180898926598,25.428571428571427,C1=CC2=C1c1cccc3cccc2c13
7.433768151629616,29.77777777777778,c1ccc2c(c1)CCc1ccc3ccccc3c1-2
7.303580083319969,29.23076923076923,Cc1c2cccccc-2c(C)c1C
9.010948393920742,122.13333333333334,C[C@@H]1CC[C@H]2C3[C@H]1CC[C@@]2(C)CC3(C)C
7.125387737560099,24.444444444444443,Cc1cc2c(C)ccc3ccc4cccc1c4c32
7.610048285110687,34.10526315789474,Cc1cc(C)c(-c2c(C)c(C)cc(C)c2C)c(C)c1
1.1666978357761089,52.0,CC1=CC(C)=C(C)C(C)=C(C)C1
7.61025212808989,26.526315789473685,Cc1ccc(-c2ccc(C)c3cc(C)ccc23)cc1
7.943922562977466,49.111111111111114,c1ccc2c(c1)c1c(c3ccccc32)C2CC1C2
7.000762712670082,24.444444444444443,Cc1c(C)c2cccc3ccc4cccc1c4c32
7.6122890081658205,68.66666666666667,CC1=CC=CC=C2C(C)C=CC12
8.82206718916299,107.2,CC1=CC[C@@H]2[C@H]3CC[C@@H](C)[C@@]12CC3(C)C
7.224202005407411,35.46666666666667,C1=CC2=C3C=Cc4cccc(c43)CC2=C1
7.734925724409344,48.0,CC1=C/C(=C\C=C2/C=C(C)C=C2C)C(C)=C1
7.73217361909806,31.555555555555557,CC1=CC(c2ccccc2)=C(c2ccccc2)C1
7.757320607218096,29.647058823529413,C1=CC2(C=Cc3ccccc32)c2ccccc21
6.903471640427343,53.89473684210526,C1=CC=C2CCC3C4=CC=CC=CC=C4C(=C23)C=C1
7.150565337370705,24.444444444444443,Cc1cc2ccc(C)c3ccc4cccc1c4c23
7.651633576002122,39.666666666666664,CC1=C(C)c2c(C)cccc2C1
7.073851294447095,24.444444444444443,Cc1cc(C)c2ccc3cccc4ccc1c2c43
7.183952025923042,40.6,C1=CCC23C(=C1)C=CC=C2c1cccc2cccc3c12
7.679063427740338,70.85714285714286,C1=CC23C=CC=CC2(C=C1)CC=CC3
8.298139373105629,72.0,c1ccc2c(c1)-c1ccccc1C13CC4CC21CC4C3
5.182062587780472,58.666666666666664,CC1=C(C)C(C)=C(C)C(C)(C)C1
7.736447694624328,33.333333333333336,CC1=Cc2cccc(-c3c(C)cccc3C)c2C1
7.638225247313089,32.75,Cc1cc(C2=CCC=C2)c2ccccc2c1
8.15644199056532,103.42857142857143,CC1C(C)C2(C)C(C)(C)C(C)(C)C12C
7.674669740370232,11.5,C#C[C]=C
7.640416027949044,36.53333333333333,Cc1c2c(cc3ccccc13)CCC=C2
7.521638521444336,31.142857142857142,Cc1cc(C)c2c(C)cccc2c1C
8.403044445550192,82.13333333333334,CC1=C(C)C2C(C)(C)C1C(C)(C)C2(C)C
7.63828155391782,46.6,C=C1[C](C)[C](C)[C](C)C1=C
6.9974534385958,64.28571428571429,C=C1C(=C)C2C(C)=C(C)C1C(C)=C2C
7.676079727066941,51.0,C1=c2cccc3c2=C(CC1)CC3
7.24061778635198,23.1,C1=Cc2cc3cc4ccccc4c4cccc(c2=C1)c34
7.40965562158574,35.25,C1=Cc2c3c(cc4ccccc24)CCC=C13
8.716283353991422,82.94117647058823,CC(C)=C1[C@H]2C(=C(C)C)[C@@H]3C[C@H]2C(=C(C)C)[C@H]13
7.340153265687437,23.714285714285715,CC#Cc1ccc(C)c2ccccc12
6.865411745095887,29.333333333333332,c1cc2ccc3cccc4c5c(c(c1)c2c34)CC5
7.22480676385753,22.666666666666668,C1=c2ccccc2=Cc2cccc3cccc1c23
7.670878522510889,30.555555555555557,[CH2]c1cc(C)cc(C)c1
5.45252168242628,33.333333333333336,C=Cc1ccccc1C(C)(C)C
6.7216730385259345,53.81818181818182,C#CC1=C(C)C(C)C(C)=C1C
7.760007424796406,51.63636363636363,CC1=CCC=C(C)C(C)=C1C
7.916742700162729,54.0,C1=CC2=C(CC1)C1=C(CC2)c2ccccc2CC1
5.561431633888519,52.92307692307692,CC1=CC2=C(C=CC=CC2(C)C)C1
8.384244898839585,72.8,C=C1C2CCC1C1=C2CC=CC1=C(C)C
8.619514405950197,100.36363636363636,CC1=C[C@H](C)[C@@H]2C[C@H]1C2(C)C
7.4881257269048795,32.5,Cc1cccc2c1-c1c(C)cccc1C2C
7.483662580694168,27.058823529411764,Cc1ccc(C)c2c(C)c3ccccc3cc12
7.450872155403761,36.470588235294116,Cc1cc2c3c4c(ccc3c1)C=CCC4=CC2
6.023039319112873,61.09090909090909,C#CC1=C(C)CCCC1(C)C
7.510497929278047,23.0,Cc1c2c#cccc2c(C)c2ccccc12
7.967370090506144,30.0,C=Cc1cccc2c(C(C)(C)C)cccc12
7.407729370763915,29.23076923076923,Cc1ccc2c(C)ccc(C)c2c1
7.357609536905841,20.941176470588236,C#Cc1c2ccccc2cc2cccc(C)c12
4.441764126447996,42.5,CC(C)=C1CCc2ccccc2C1=C(C)C
7.104165602077,22.75,C1=Cc2cc3ccccc3c3cccc1c23
7.232139275298609,24.2,Cc1c2ccccc2cc2c(C)c3ccccc3cc12
7.303333150797509,48.22222222222222,C[C@H]1C=Cc2ccc3cccc4c3c2[C@@]1(C)C=C4
6.380837293032053,48.30769230769231,CC1=CC(C)c2c(C)ccc(C)c21
7.292621126673186,30.125,C1=C[C]2c3ccccc3-c3cccc(c32)C1
7.339796076841656,32.888888888888886,Cc1cc(C)c(-c2c(C)cc(C)cc2C)c(C)c1
8.527290110016041,88.66666666666667,CC1=CC2C(C)(C)CC1C2(C)C
6.955947282151973,62.0,Cc1cccc2c1C1CCCC=C1C2
7.11343298141455,58.5,C=C1C(C)=C(C)C(C)=C(C)C1C
7.476762858729385,27.058823529411764,Cc1cc(C)c2c(C)cc3ccccc3c2c1
7.0455899136253795,24.444444444444443,Cc1cc2cccc3cc(C)c4cccc1c4c23
7.4793751078563595,47.0,C1=CC2=CC=C3C=CC=CC(=C(C=C1)C2)C3
7.356145211534482,61.09090909090909,C#CC1(C)C(C)=C(C)C1(C)C
7.6011287158053875,28.63157894736842,CC1(C)c2ccccc2-c2ccc3ccccc3c21
7.430230394441036,19.75,[CH]c1ccc2cc([CH])c3ccccc3c2c1
7.4254298474616025,27.11111111111111,Cc1ccc2c(c1)-c1c(ccc3ccccc13)C2
9.015908315996777,126.85714285714286,CC1CC(C)C23CC(C)C2(C)C1(C)C3
7.8823151237972855,38.8235294117647,CC1=c2c(C)c3c(C)cccc3cc2=CCC1
7.763809612630507,70.66666666666667,C1=C2CCCC3=C2C(=CC1)CC3
7.94245465392976,45.333333333333336,CC1=CC=C(C)C(C)=C(C)C=C1
7.057953179656442,16.285714285714285,C#Cc1ccc(C#C)c2ccccc12
7.578155006305641,31.142857142857142,Cc1ccc2cc(C)c(C)c(C)c2c1
7.500640966807291,28.666666666666668,Cc1cc2cc(C)c3ccccc3c2c(C)c1C
7.648786163969783,39.75,CC1(C)c2cccc3cccc(c23)C1(C)C
8.640797548574858,91.28571428571429,C=C1C2C=CC3C(C)=C(C)C1(C)C3C2
7.5769995172240385,33.88235294117647,Cc1cc(C)c2c(c1)Cc1c(C)ccc(C)c1-2
7.11383122993814,21.0,C=c1c2ccccc2c(=C)c2ccccc12
8.640797548574858,91.28571428571429,C=C1[C@@H]2C=C[C@@H]3C(C)=C(C)[C@@]1(C)[C@@H]3C2
7.524471711881809,28.63157894736842,Cc1cc(C)c2c(c1)Cc1ccc3ccccc3c1-2
6.648345917257892,53.81818181818182,C#CC1=C(C)C(C)=C(C)C1C
7.309935669218104,30.933333333333334,Cc1cccc2c1-c1c(C)cccc1C2
7.687193858953887,88.72727272727273,CC1=CC=C(C)[C@@H]2CCC[C@@H]12
7.66312051182547,41.473684210526315,C1=CC=C2C=c3ccccc3=C3C=CC=CC23C=C1
6.985102689902671,47.733333333333334,[2H]C([2H])([2H])C1=c2ccccc2=C2C=CC=CC2C1([2H])[2H]
8.419440505619072,82.72727272727273,C=C1C=C(C)C2CC1C2(C)C
7.203906865029271,23.875,C1=Cc2cc3cccc4cccc(c2=C1)c43
7.420893406451442,32.8,Cc1cc(C)c2c(C)ccc(C)c2c1C
7.6343948624006766,31.142857142857142,CCc1cc2c(C)cccc(C)c-2c1
6.96343334872413,78.66666666666667,C1=CC2CCCC3=C2C(=C1)CC3
7.4489301885098955,36.470588235294116,Cc1ccc2ccc3c4c2c1CC=C4CC=C3
6.18060284818694,93.6,CC1(C)C(C)(C)C2(C)C1(C)C1(C)C(C)(C)C(C)(C)C21C
8.06457818087047,65.53846153846153,c1cc2cc(c1)CCCCCCC2
7.608740148440233,50.36363636363637,C[C]1[CH][C](C)[C]2C=CC=C[C]12
7.38324811308272,74.66666666666667,CC1=C(C)[C@@H](C)[C@@H](C)C(C)=C1C
7.608241797265332,38.18181818181818,Cc1cc(C)c2c(c1)=CCC=2
7.361243314483105,21.333333333333332,C=c1ccc(=C)c2ccccc12
7.539026445761564,40.857142857142854,Cc1ccc2c3c(cccc13)CCC2
7.497502856189298,30.933333333333334,Cc1ccc(C)c2c1Cc1ccccc1-2
7.597410719128724,26.22222222222222,C#CC1(C#C)Cc2ccccc2-c2ccccc21
7.132172927184884,48.25,CC1=CC2=c3ccccc3=CCC2(C)C=C1
5.686902155537008,19.6,c1cc2cc3cc4ccc5cc6cc1c1c2c3c4c5c61
7.153174659984469,48.714285714285715,C=C1CC(C)=C(C)C1c1ccccc1
7.609704180915823,28.0,Cc1ccc2ccc(C)c(-c3c(C)cccc3C)c2c1
7.6346066676911395,51.714285714285715,Cc1c2c(c(C)c3c1=CCC=3)CCC2
7.660334259631668,29.647058823529413,C1=Cc2cccc3c2-c2c(cccc2-3)/C=C\C1
7.17621095294367,18.545454545454547,C#Cc1ccccc1C#CC
6.894129118293476,49.333333333333336,CC1=C(C)C(C)c2cc(C)c(C)c(C)c21
7.889429377928072,46.666666666666664,CC1(C)C2=C(C=CCC2)c2ccccc21
7.2954804693441915,25.41176470588235,c1ccc2c(c1)Cc1ccc3ccccc3c1-2
7.774564016429543,33.333333333333336,C=C(C)c1c(C)cc(C)cc1C
7.624036329730998,36.0,C1=Cc2ccccc2C2=CCC=CC2=C1
7.959536510143664,59.0,CC1(C)C2=C(CC=C2)C(C)(C)C2=C1C=CC2
7.61511579725307,36.22222222222222,Cc1cc2c(c3ccc4ccccc4c13)CCC2
7.43286339201525,36.470588235294116,Cc1ccc2c3c4c(ccc13)C=CCC4=CC2
7.516914618159424,31.142857142857142,Cc1cc2c(C)cccc2c(C)c1C
7.016620286038781,48.0,CC1(C)c2ccccc2C2CCc3cccc1c32
6.742281139520957,50.35294117647059,Cc1cccc2c1C1CC2c2cccc(C)c21
7.655785151835787,31.142857142857142,CCc1ccc2c(C)ccc(C)c2c1
6.4221744781120025,51.142857142857146,C[C@@H]1c2cccc3cccc(c23)[C@@H]1C
7.973104293261368,52.0,CC1=C2CCCc3cccc(c32)C1(C)C
7.452348036726441,25.263157894736842,C#Cc1ccc2c(c1)C(C)(C)c1cc(C#C)ccc1-2
6.156543871062172,47.1578947368421,C1=CC=C2C=CC3C4=CC=CC=CC=C4C(=C23)C=C1
6.264238135787497,66.0,CC1=C(C)C(C)(C)C(C)(C)C(C)(C)C1(C)C
5.591381079636157,42.666666666666664,Cc1ccc2c(c1)C1(CCC1)c1cc(C)ccc1-2
7.769687714315732,41.84615384615385,C=C1C=C(C)C=C(C)C2=CC=C[C]12
6.174008032552403,47.666666666666664,Cc1ccc(C)c2c1C=CC2C
8.501186584422868,80.0,CC1=CC(C)(C)C2CC1C(C)(C)C=C2C
7.243063075367379,24.705882352941178,Cc1ccc2c3c(cc4ccccc4c13)C=C2
7.9779968960473555,38.57142857142857,CC1C=Cc2ccc3ccccc3c21
7.540207123508626,32.30769230769231,CC#Cc1cc(C)c(C)c(C)c1C
7.598189597072521,26.526315789473685,Cc1cc(C)c2ccc(-c3ccccc3)c-2c(C)c1
7.693570038545145,50.333333333333336,Cc1cc(C)c2c(c1C)CCC2
7.798596298542023,34.526315789473685,CC1=Cc2c(-c3c(C)cccc3C)ccc(C)c2C1
6.9406924061611095,60.666666666666664,CC1=CCC2C(C)=CC=CC=C12
7.99738990875725,50.31578947368421,Cc1c(C)c(C)c2c(c1C)CC1=C2C(C)(C)C1(C)C
7.575675307621627,37.75,Cc1c2c(c(C)c3ccccc13)=CCCC=2
7.598207338128132,78.0,CC1=C(C)C2(C)CC1C(C)=C2C
7.561312393785602,29.23076923076923,[2H]C([2H])([2H])c1cccc2c(C)ccc(C)c12
7.443605492536216,50.76923076923077,Cc1c(C)c(C)c2c(c1C)CCC2
6.374633242607162,43.578947368421055,CC1=CCc2c(C)cc3cc(C)cc4c3c2C1C=C4
8.394465288096026,82.13333333333334,CC1=C(C)[C@@]2(C)C[C@]1(C)C(C)(C)C2(C)C
7.510002121151972,28.0,C#Cc1cc(C)cc(C)c1C
8.580579676765828,80.44444444444444,CC1=C(C)C2C(C)(C)C1C(C)(C)C(C)(C)C2(C)C
7.794094947671567,36.0,C/C=C/C#C/C=C/C
5.890458503550651,59.0,C1=Cc2cccc3c2C(C1)CC3
7.442564064471809,28.0,CC#Cc1cc(C)ccc1C
8.548525693109664,117.5,C1CC(CC(C2CCC2)C2CC3CCC32)C1
7.156914273422216,31.0,C=C1C(=C)C(=C)C1=C
7.507446708835109,35.0,C#CC1=CCCc2ccccc21
8.394465288096026,82.13333333333334,CC1=C(C)[C@]2(C)CC1(C)C(C)(C)C2(C)C
7.532304775675982,45.333333333333336,CC1=CC(C)=C1
7.606734152908616,32.888888888888886,Cc1cc(C)c(-c2cc(C)c(C)c(C)c2)c(C)c1
8.244025345323207,64.25,CC1=C(C)C2(C)CCC1(C)c1ccccc12
7.977248958812373,58.666666666666664,CC1=C(C)C(C)(C)C=CC1(C)C
7.031629097037209,36.8,c1cc2c3c(c1)Cc1cccc(c1-3)CC2
7.785125582191906,33.333333333333336,CC1=CC(C)(C)c2ccccc2-c2ccccc21
5.663149457441888,58.46153846153846,CC1=C(C)C(C)(C)C(C)=C(C)C1C
7.744962216222199,54.4,CC1=C(C)C(C)C(C)=C1C
7.518716509804439,32.8,Cc1cc(C)c2c(C)c(C)ccc2c1C
3.4738885237868757,55.2,CC1(C)C2=C(CCCC2)c2ccccc21
8.01004950872206,118.5,C1C[C@H]2CC[C@@H]3CCC[C@H]4CC[C@H](C1)C2=C34
7.70697599183348,29.647058823529413,C1=CC2(C=C1)c1ccccc1-c1ccccc12
7.330915946540358,22.526315789473685,Cc1cc2ccccc2c2ccc3ccccc3c12
7.536328542234357,31.142857142857142,Cc1ccc2c(C)c(C)cc(C)c2c1
6.578324656475116,33.666666666666664,c1cc2c1c1c(c3ccc32)CC1
7.6133690731556705,38.5,C(#CC1C=CC=C1)/C=C/C#CC1C=CC=C1
7.66709303775347,39.0,CCc1cc(CC)cc(CC)c1
6.9406924061611095,60.666666666666664,CC1=CC[C@H]2C(C)=CC=CC=C12
7.476339627660117,24.88888888888889,Cc1ccccc1-c1ccc(C)c2ccccc12
7.1617584175806615,35.25,C1=Cc2ccc3c4c(ccc(c24)C1)CC=C3
7.386734459982764,27.529411764705884,C1=Cc2c(ccc3ccc4ccccc4c23)C1
7.020705368978032,20.4,c1ccc2c(c1)-c1cccc3cc4ccccc4c-2c13
7.082555584591994,57.2,C=C1C(=C)C(C)C(C)=C1C
7.56771049629771,51.0,C1=C2CCc3cccc(c32)CC1
6.950687660778653,22.58823529411765,Cc1cc2ccc3cccc4ccc(c1)c2c34
7.541215655103584,32.8,Cc1cc2ccc(C)c(C)c2c(C)c1C
7.516726186683128,26.0,C=C1Cc2c(ccc3ccccc23)-c2ccccc21
7.62106443470363,34.75,CC1=C(C)c2ccc(C)c3cccc(c23)C1
7.841505015057189,30.105263157894736,Cc1ccc2cc3ccccc3cc2c1C(C)(C)C
7.785690221615415,32.57142857142857,CC#CC=C(C)C
7.659843460360047,24.88888888888889,CC(C)=Cc1cc2ccccc2c2ccccc12
7.812136650143865,47.0,C=C1C=CCC2=C1C(=C)CC=C2
7.640052135168366,32.4,Cc1c2c(c(C)c3ccccc13)-c1ccccc1CC2
7.496518451552838,33.333333333333336,CC1=CCc2cccc3c(C)ccc1c23
7.6240675623839875,29.375,C=C1c2ccccc2C(C)c2ccccc21
7.912989417888111,46.666666666666664,CC1(C)C=Cc2cccc3c2C(=C1)CC3
7.24832146345151,26.105263157894736,Cc1cc2ccc3cc(C)c(C)c4ccc(c1)c2c34
7.507132885700409,27.058823529411764,Cc1cc(C)c2ccc3ccccc3c2c1C
7.153089296184344,27.733333333333334,Cc1cccc2c1-c1c(C)ccc(C)c1-2
7.382462916044796,25.05263157894737,c1ccc(-c2cccc3c2-c2ccccc2C3)cc1
8.064530345942039,84.5,C=C1C(C)C2(C)C(C)=C(C)C12C
7.282797288228829,88.0,CC1=C(C)[C@H](C)[C@@H]1C
7.895517703934399,42.25,CC1(C)C2=CC=CCC=C2c2ccccc21
7.485337889912173,23.058823529411764,Cc1ccc2ccccc2c1-c1ccccc1
7.730906338871411,40.61538461538461,CC1=C2C=CC=CC=C2C=CC=C1
8.366731413968186,70.73684210526316,c1ccc2c(c1)-c1ccccc1[C@H]1[C@@H]3CC[C@@H](C3)[C@@H]21
7.615711432892862,40.90909090909091,C=C1CCc2cccc(C)c21
7.7779383707329774,36.0,Cc1cc(C)c2c(c1C1=CC=CC1)Cc1ccccc1-2
5.272562582549094,39.111111111111114,C1=CCC2C(=C1)c1ccccc1-c1ccccc12
6.413118233902792,62.2,C=C1C=C(C)CC(C)(C)C1
8.28376556838508,87.8,Cc1ccc(C23CC4(C)CC(C)(CC(C)(C4)C2)C3)cc1
7.806612346280259,33.88235294117647,Cc1ccc2c(c1)C(C)(C)c1c(C)cccc1-2
8.55356507878668,138.66666666666666,CCC1C(C)CC2C3CCC3C12
5.780848803926714,58.666666666666664,CC1=C(C)C2=C(C1)C(C)(C)C1=C(CC(C)=C1C)C2
7.628425880913095,35.5,C=C1C=CCc2cccc(C)c21
7.869944152925199,30.333333333333332,C#Cc1ccccc1C(C)(C)C
7.210015244703834,24.2,Cc1cc2cc(C)c3ccccc3c2c2ccccc12
7.482097969110276,27.058823529411764,Cc1ccc2ccc3c(C)cc(C)cc(c1)c23
6.914687680224277,24.22222222222222,C1=c2ccc3c4c(c5ccccc5c(c24)=C1)=CC=3
6.168234172757767,49.0,C1=CC2=CC=C3C=CC=C4c5ccccc5C(=C1)[C@H]2[C@@H]34
7.1730451746002934,17.11111111111111,C#Cc1cccc2c(C#C)c3ccccc3cc12
7.551248322244606,26.6,CC1(c2ccccc2)c2ccccc2-c2ccccc21
7.251723733701242,76.3076923076923,CC1=C(C)C2(C)CC1(C)C(C)=C2C
7.5274793987835436,32.72727272727273,C#CC1=CC=CC=C(C#C)C1
6.730407338244366,55.285714285714285,C=C1C2=C(C)C(C)=C(C)C2=C(C)C1C
7.303262545252336,25.833333333333332,C=C1C(=C)c2ccccc2C1=C
7.522021928897411,33.333333333333336,Cc1cc(C)c2cccc3c2c1C=CC3
7.446570256929899,25.2,C#Cc1c(C)cccc1C
7.645670666074433,34.0,C[C]1c2ccccc2C(C)(C)c2ccccc21
7.924411542357404,46.857142857142854,CC1=CC(C)=C(C)C(C)=C(C)C(C)=C1
7.252946006201125,21.25,CC#Cc1ccc2ccccc2c1C#CC
7.78031302684499,31.272727272727273,C=C(C)c1c(C)cccc1C
6.6047097269524935,73.14285714285714,CC1C(C)(C)C(C)(C)C(C)(C)C1(C)C
7.616506641425381,60.94117647058823,Cc1ccc2c(c1)C1=C(CC[C@@H](C)C1)C2(C)C
7.691669429670599,31.473684210526315,CC1(C)C=Cc2ccc3cccc4ccc(c2c34)=C1
7.745264585713226,32.0,CC1=Cc2cccc(-c3ccccc3C)c2C1
7.5564212113702105,49.81818181818182,Cc1ccc(C)c2c1CCC2
6.9915498111916685,21.6,C#Cc1c(C)c(C#C)c(C)c(C#C)c1C
7.3874420768762485,29.142857142857142,Cc1cccc2c1-c1ccccc1C2
6.735917540637844,23.8,Cc1c2c3ccccc3c2c(C)c2c3ccccc3c12
7.533189881154132,39.294117647058826,C1=Cc2c(c3c(c4ccccc24)C=CC3)CC1
6.811628918609002,43.714285714285715,c1cc2c3c(ccc4c3c1CC4)CC2
7.420448420229809,65.33333333333333,C[C@]12C3=CC=C4C=CC=C(CCC1=CC=C3)[C@]42C
7.719160000773515,54.54545454545455,CC1=C(C)C(C)(C)C(C)=C1C
8.195240120485247,41.44444444444444,CC(C)=C1CC#CCc2cccc(c2)CC#CC1
6.961603396463881,38.8,CC1=C(C)C(c2ccccc2)C(c2ccccc2)=C1C
7.829066155917809,47.6,C=C1C(C)=C(C)C(=C)C1C
7.494914693894778,50.36363636363637,CC1=CC=C(C)[C]2[CH][CH][CH][C]21
7.632324032226166,50.11764705882353,CC(C)(C)C1=CC(C(C)(C)C)c2ccccc21
7.499753384544704,37.75,Cc1c2c(c(C)c3ccccc13)CC=CC2
6.838889339528618,20.666666666666668,c1ccc2cc3ccccc4cccc(c1)c2c43
7.873510262300553,37.1764705882353,C1=CCC2(C1)c1ccccc1-c1ccccc12
7.465762476297454,32.0,C=C1CC(=C)c2ccccc21
7.859432974344607,34.25,CCc1c(C)c(C)cc2cc(C)cc(C)c12
7.46970133108697,39.69230769230769,c1ccc2c3c(ccc-3c1)CCC2
6.5311052201550845,48.30769230769231,CC1=Cc2c(C)ccc(C)c2C1C
7.583029750741442,37.55555555555556,CC1=Cc2ccc3cc(C)cc4c3c2C(=CC4)C1
7.539895880913095,31.5,C=C1C(C)=C(C)c2ccccc21
7.405985693600606,31.142857142857142,Cc1ccc2c(C)ccc(C)c2c1C
7.58669927610841,45.26315789473684,C1=C[C@H]2C[C@@H]1c1c2c2ccccc2c2ccccc12
7.525256722107729,29.23076923076923,Cc1ccc2cccc(C)c2c1C
7.813542325313671,40.8,CC1=CCC(C)=C1c1cc(C)cc(C)c1
7.613210499079045,39.666666666666664,CC1=CCc2c(C)ccc(C)c21
7.261382805659082,27.6,Cc1ccc2ccc3c(C)cc(C)c4c(C)cc1c2c34
7.058942835561165,44.0,C1=c2c3c(c4c(c2=CC1)=CCC=4)=CCC=3
7.4108086126087755,29.846153846153847,C1=c2cccc3cccc-3c2=CC1
7.48309331933023,25.25,CCc1c2ccccc2cc2ccccc12
7.536094527068272,44.25,CC1=Cc2c(C)c3c(c(C)c2C1)C=C(C)C3
7.227013417249331,25.714285714285715,Cc1cccc2c1=c1c(C)cccc1=2
7.316432197457741,27.6,Cc1cc2ccc3c(C)ccc4c(C)cc(c1C)c2c34
7.111089904093945,31.0,C=C1C(=C)C(=C)C(=C)C1=C
7.2726288946832565,40.0,C1=CC=C1
7.371131858263225,39.69230769230769,c1cc2c3c(cccc3c1)CCC2
7.82968213369443,43.666666666666664,CC1=c2c(C)cccc2=CCC1
7.619603662615216,18.5,C#C/C=C/C#CC=C
7.814820187118881,41.86666666666667,CC1(C)CCc2cccc3cccc1c23
7.285676796297654,27.6,Cc1ccc2cc(C)c3c(C)ccc4c(C)cc1c2c43
6.851461063617973,18.666666666666668,c1cc2c(cc#1)c1ccccc1c1ccccc21
8.23535003057959,62.0,Cc1cccc2c1[C@@]1(C)C=C[C@]2(C)C1
7.351061002244949,43.69230769230769,C1=CC2=CC=CC3=CC=CC(=C1)C23
6.984534434444692,20.666666666666668,C=c1c2cccc3cccc1c32
7.0887922470935445,27.6,Cc1ccc2c(C)cc3c(C)cc(C)c4ccc1c2c43
9.332245772573174,149.6,CC12CC3C4CC5(C)C6CC7CC5C(C4C1)C(C7)(C2)C36
6.917733216284812,20.666666666666668,C=c1cc2ccc3cc(=C)cc4ccc(c1)c2c34
7.739319623239652,33.333333333333336,CC1=C(c2ccccc2)c2c(C)ccc(C)c2C1
7.674104229447705,43.666666666666664,CC1=c2ccccc2=C(C)CC1
7.760778600615483,55.27272727272727,CC1=CC2=C(C)CC(C)=C2C1
7.268667901812928,27.6,Cc1cc2ccc3c(C)cc(C)c4ccc(c1C)c2c34
9.02572009003941,138.8235294117647,CC12CC3C4CC5CC(C(C1)C3(C)C5)C4(C)C2
7.707372608901845,59.55555555555556,CC1=C(C)C23C(=CC=C12)C1=CC=C2C(C)=C(C)C123
7.2803359967682395,64.3076923076923,C#CC12CC(c3ccccc3)(C1)C2
7.584255266266149,24.88888888888889,Cc1ccc(-c2cccc3cc(C)ccc23)cc1
7.679005601704295,41.86666666666667,Cc1cc(C)c2ccc3c-2c(c1)CCC3
8.792273259317152,106.0,CC1(C)CC2(C)CC3(C)CC1C(C)(C)C32C
7.5221155051157655,29.23076923076923,Cc1cc2ccccc2c(C)c1C
7.543785762527046,32.25,C1=CC(=C2C=CC=C2c2ccccc2)C=C1
9.060204253952158,123.6,C1=CC23C4CC5C6C4C4CC6C6(C=CC=CC426)C53C=C1
6.075103321654955,54.54545454545455,CC1=CC(C)=C(C(C)(C)C)C1
7.768883017798259,35.6,CCc1c(C)cccc1C
7.648846418402723,24.375,Cc1[c]c2ccc3ccccc3c2c(C)c1
7.721411075367379,30.142857142857142,Cc1cc(C)c2c(C)c(C)c[c]c2c1
7.105746052996542,22.2,C1=Cc2cc3ccc4ccccc4c3c3cccc1c23
5.549417387953795,57.42857142857143,c1cc2c3c(cccc3c1)C1CC2C1
7.463099476719805,25.25,Cc1cc(C)c2c(ccc3ccccc32)c1
7.410193675744311,25.25,Cc1ccc2ccc3ccccc3c2c1C
7.247188776671642,28.6,c1ccc2c(c1)ccc1cc3c4c(cccc4c12)CC3
7.887479035199379,43.25,Cc1c(C)c(C)c(CC(C)(C)C)c(C)c1C
5.719610025975538,71.42857142857143,CC1(C)CCC(C)(C)C2=C1CC=CC2
8.166700376036314,72.3076923076923,C[C@]12CC[C@](C)(C1)c1ccccc12
7.73682423980973,35.5,CC1(C)Cc2ccccc2-c2ccccc21
8.61559728981666,65.33333333333333,CC1/C=C\CCCc2ccc(cc2)CC1
7.5809990811497165,31.142857142857142,Cc1cc(C)c2c(C)c(C)ccc2c1
7.826283787644478,44.666666666666664,Cc1c(C)c(C(C)(C)C)c(C)c(C)c1C(C)(C)C
6.148912955064258,53.5,CC1=CCC=C1C1=C(C)C(C)=C(C)C1(C)C
8.964887257551352,134.22222222222223,CC12CC3C4CC5(C)CC(C(C1)C3(C)C5)C4(C)C2
7.31819721380371,56.25,CC1=c2cccc(C)c2=C2C=CCCC2C1
7.6478235886187065,26.285714285714285,C=Cc1c(C)cc2ccccc2c1C
7.433659467739586,21.0,C=Cc1ccc2cccc3ccc(=C)c1c23
7.443384240594883,19.25,C#C/C=C/c1cccc2cccc(C#C)c12
7.828175015920711,36.333333333333336,C/C=C/c1c(C)cc(C)cc1C
7.501987192952087,24.2,Cc1c2ccccc2cc2c1ccc1cccc(C)c12
7.079951582096652,20.4,[2H]c1cccc2c1cc1ccc3cccc4ccc2c1c34
7.612965125855601,28.625,CC(C)=C1C=Cc2cc3cccccc-3c21
7.23307134466728,18.75,C#Cc1cc2ccccc2c2ccccc12
6.388856203534107,41.64705882352941,CC1=Cc2c(c(C)c3ccccc3c2C)C1C
7.6890753167404124,25.833333333333332,Cc1[c]c2ccccc2c(C)c1
7.486602034759249,27.0,Cc1cc(C)c2ccccc2c1
7.838815649598592,40.92307692307692,CC1=C(C)C(C)(C)c2ccccc21
7.333691727225898,28.285714285714285,CC1=Cc2cccc3ccc(C)c1c23
7.129340671922097,19.75,[CH]c1c([CH])c2ccccc2c2ccccc12
7.101969294152703,25.25,Cc1c(C)c2ccccc2c2ccccc12
7.720319742756328,40.92307692307692,CC1=Cc2c(C)cc(C)c(C)c2C1
7.636180622258844,36.53333333333333,Cc1cc2ccccc2c2c1CCC=C2
6.766806883967732,20.5,c1cc2cc3cccc3c3cccc3c2c1
7.6830070262460755,32.0,Cc1ccc(C)c2c1CC=C2c1ccccc1
9.038032591211563,134.22222222222223,CC12CC3C4CC5(C)CC3(C)C(C1)C(C)(C5)C4C2
7.266894029485954,26.2,Cc1cc2c3ccccc3cc3c2c2c(cccc12)C3
6.570244317866482,50.857142857142854,C#CC1=CC(C)(C)C(C)=C(C)C1(C)C
3.812658711821653,45.42857142857143,CC1=C(C)c2ccccc2C(C)(C)C1
7.653449076789874,34.55555555555556,CC1(C)CC=c2ccc3cccc4ccc1c2c43
7.776163857780553,37.75,Cc1cccc2cc3c(c(C)c12)=CCCC=3
7.655884918091504,30.0,Cc1cc2c(c3ccccc13)-c1ccccc1C2(C)C
7.559961275627577,24.88888888888889,Cc1cc(C)cc(-c2cccc3ccccc23)c1
7.257577349240862,32.2,C1=Cc2cccc3c4c5c(cccc5c(c23)C1)C=CC4
7.575902206181913,27.142857142857142,[CH]=Cc1c(C)c(C)cc2ccccc12
7.577673973955019,25.833333333333332,C=C1C=c2c(=C)ccc(=C)c2=C1
7.546686800913641,28.666666666666668,Cc1cc(C)c2c(C)c(C)c3ccccc3c2c1
6.5942280863627465,58.57142857142857,CC1=CCC2CCc3ccc(C)c1c32
7.589883014234649,45.45454545454545,Cc1cc2c(c(C)c1C)CC2
7.622675794613941,40.8,C=C1C=CC2=C1CC=CC1=C2C(=C)C=C1
7.3066921600472785,30.75,c1ccc2c3c4c(cccc4cc2c1)CC3
7.667007211602887,32.0,Cc1cccc(C)c1C1=CCc2ccccc21
7.337921520040327,29.846153846153847,C1=Cc2cccc3cccc-3c2C1
7.304600230633527,56.22222222222222,CC1=C(C)C2(C)C(C)=C(C)C1(C)c1ccccc12
7.9027424445843355,46.15384615384615,CC1=CC=CC(C)=C(C)C(C)=C1C
6.489584478881901,16.0,C#CC1=C(C#C)C(C#C)=C1C#C
7.405877683841477,25.25,Cc1cc2cccc(C)c2c2ccccc12
7.253937153336405,30.666666666666668,C1=C2C=c3cccc4ccc(c2c34)=CC1
6.868034933451119,24.63157894736842,c1ccc2c(c1)c1cccc3c1c1c(cccc21)C3
7.460958788460695,25.25,Cc1ccc2c(C)cc3ccccc3c2c1
9.030952668083701,150.0,C1CCC2CC3C(C2)C2C4CC(C1)CC4C32
6.765727105823151,10.75,C#Cc1cc(C#C)c(C#C)c(C#C)c1C#C
7.901522629678431,34.44444444444444,CC1C=Cc2c1c1ccccc1c1ccccc21
7.749029738632597,32.0,CC1=Cc2c(cccc2-c2ccc(C)cc2)C1
7.959440951991411,38.57142857142857,C[C@@H]1C=Cc2cccc3cccc1c23
7.232964678663265,26.105263157894736,Cc1cc(C)c2c(C)cc3cccc4ccc1c2c43
9.058751335507035,144.0,CC12CC3C[C@@H]4[C@H]1CC1C[C@H]2[C@H](C3)C4(C)C1
8.927948472269735,144.0,CC12CC3CC4C1CC1CC2C(C3)C4(C)C1
7.70589872877602,32.714285714285715,Cc1cccc(C)c1C=C1C=CC=C1
7.959440951991411,38.57142857142857,CC1C=Cc2cccc3cccc1c23
6.464140440513546,43.666666666666664,C=C1c2ccc(C#CC)cc2CC(C)(C)C1(C)C
7.160146438645133,24.63157894736842,c1ccc2c(c1)cc1c3c2ccc2cccc(c23)C1
7.585308379033785,24.0,C=C(C)c1cccc2ccccc12
9.134059772307227,137.68421052631578,[C]1C23CC4CC5CC16CC1CC(C2)CC3(C4)C6(C5)C1
7.000994290487932,24.0,Cc1ccc2ccc3ccc4c5c(cc1c2c35)C=C4
7.61365343397884,24.0,C=c1cc2ccccc2c(C)c1=C
6.068250792814513,52.666666666666664,CC(C)(C)C(=C(C(C)(C)C)C(C)(C)C)C(C)(C)C
7.493817522145117,32.8,Cc1cc(C)c(C)c2c(C)ccc-2c1C
7.75432291697095,76.6,C=C1C(C)=C(C)[C@H](C)[C@H]1C
7.005596326229937,20.666666666666668,[2H]c1c([2H])c([2H])c2c3ccccc3c3ccccc3c2c1[2H]
7.616506641425381,60.94117647058823,Cc1ccc2c(c1)C1=C(CC[C@H](C)C1)C2(C)C
7.345675366194174,29.846153846153847,C1=Cc2c(cccc3cccc2-3)C1
7.325964544812166,21.23076923076923,C#Cc1cccc2cccc(C)c12
8.168827199431147,61.6,CC1=C(C)C2(C)CC1(C)c1ccccc12
8.320784523698471,100.8,C[C@@H]1CC[C@@H]2C3=C1CC[C@@]3(C)CC2(C)C
8.316271777050055,159.2,C1C2CC3CC4CC1C1C5CC(CC6CC(C5)C4C36)C21
7.583766729447705,49.666666666666664,C=C1CC(C)=C2C(=C)CC(C)=C12
6.923319989673508,39.0,Cc1c(C)c(C)c(C)c(C)c1C
6.0273522126703005,46.22222222222222,CC12C=CC(C)(c3ccccc31)c1ccccc12
7.314726869645506,23.2,[2H]Cc1c2ccccc2cc2ccccc12
7.625696866830442,84.70588235294117,C1=CC23C=CC45C=CC16C=CC(C=C2)(C=C4)C635
6.9246436791459365,22.0,CC#CC(C#CC)=C(C#CC)C#CC
5.671943322434221,51.42857142857143,CC1=CC=C2C=CC=C3C=CC=C1C32
7.991986992745073,51.142857142857146,Cc1cc(C)c2c(c1C)C(C)(C)CC2
6.538675711700677,49.333333333333336,CC1=Cc2c(C)c(C)c(C)c(C)c2C1C
7.373007544662663,33.0,C1=C2c3ccccc3Cc3cccc(c32)C1
7.452219359669251,41.86666666666667,Cc1ccc2c3c(ccc(C)c13)CCC2
7.158868177246466,22.75,C1=Cc2c1cc1cccc3ccccc3c2-1
7.7187354075616845,17.333333333333332,C=CC#CC=C
8.327353993722834,86.15384615384616,CC1=C(C)C2(C)CCC1(C)C2(C)C
7.551945225028083,149.33333333333334,CC12C3C4(C)C1C1(C)C2C3(C)C41
7.532137022624951,32.8,Cc1cc(C)c2cc(C)c(C)c(C)c2c1
8.266419376698002,76.3076923076923,CC1=C(C)C2(C)C=CC1(C)C2(C)C
7.256549559527732,10.666666666666666,C#CC(C#C)(C#C)C#C
8.229680671232442,42.8,C/C1=C(\C)c2ccc(cc2)CCCCc2ccc1cc2
7.306847503010078,56.53333333333333,CC1=CC(C)=C(C)C2=CC(C)=C(C)[C@@]12C
7.3027076999621,21.23076923076923,C#Cc1ccc(C)c2ccccc12
5.866857023294621,38.10526315789474,CC1CC=Cc2c1c1ccccc1c1ccccc21
4.40311120178729,41.42857142857143,Cc1cc(C)c(CC(C)(C)C)c(C)c1
7.747569938659035,31.4,Cc1ccc(C)c2c1ccc1c(C)ccc(C(C)C)c12
7.818753460299365,48.36363636363637,C=C1C(C)=C(C)C(=C)C1(C)C
7.5152041904573155,35.05882352941177,c1ccc2c3c4c(cccc4cc2c1)CCC3
7.623082497787634,33.45454545454545,[CH]c1c(C)c(C)cc(C)c1C
6.94774780888738,50.0,C1=CC=C2C3=CC=CC=CC4=C3C(C=CC4)C2=CC=C1
7.71307148305117,42.333333333333336,[2H]C1Cc2cccc3cccc1c23
7.3178582472966465,34.333333333333336,[2H]c1ccc2c3c(ccc([2H])c13)CC2
7.173168479449524,34.333333333333336,c1cc2[13c]3[13c]([13cH][13cH][13cH][13c]3c1)CC2
7.070256889943279,21.25,CC#Cc1ccc(C#CC)c2ccccc12
7.2653590050475545,33.166666666666664,[c]1cc2c3c(cccc3c1)CC2
7.434153876842426,33.166666666666664,[c]1ccc2cccc3c2c1CC3
7.173168479449524,34.333333333333336,c1cc2c3c(cccc3c1)CC2
7.471036902709664,29.23076923076923,Cc1ccc(C)c2cc(C)cc-2c1
7.295069331607939,34.333333333333336,[2H]C1([2H])c2cccc3cccc(c23)C1([2H])[2H]
6.249576004949307,40.0,Cc1ccc2c(c1)-c1ccccc1C1=CC=CCC12
7.6631326508012325,43.2,C1=CC=C2C=CC=C3C=CCC3=C2C=C1
7.113099217812124,24.444444444444443,Cc1ccc2ccc3cccc4cc(C)c1c2c34
7.455398202640697,44.0,C1=CC2=Cc3cccc4c3C2=C(C1)CC4
7.293905732490159,32.8,Cc1c2cccc-2c(C)c(C)c(C)c1C
6.7505820001628125,43.27777777777778,[CH2]C(C)(C)c1cc(C(C)(C)C)cc(C(C)(C)C)c1
7.055534950160846,22.58823529411765,Cc1cc2cccc3ccc4cccc1c4c32
6.427547446843782,51.285714285714285,C=C1CC(C)=C(C)C(C)=C1C(C)(C)C
6.907441866185283,20.857142857142858,c1ccc2ccc3ccccc(c1)c23
7.889761871820853,86.58823529411765,CC1(C)C(C)(C)C2(C)CC1(C)C(C)(C)C2(C)C
9.19770713320391,144.0,CC1C2C3CC2(C)C2CC4C3C1(C)C4(C)C2
6.788588467571001,48.857142857142854,CC1=Cc2cc(C)c(C)c(C)c2C1C
7.414872357732605,24.363636363636363,Cc1ccccc2cccc1-2
7.341420276219292,33.6,CC1c2cccc3c2-c2c(cccc21)C3
5.770760611749322,29.36842105263158,[c]1cccc2c1C(c1ccccc1)c1ccccc1-2
5.831547723517716,62.857142857142854,CC1(C)C#CC(C)(C)C(C)(C)C1(C)C
7.369851696705892,27.058823529411764,Cc1cccc2c1cc(C)c1cccc(C)c12
7.995154661873887,54.76923076923077,CC1=C(C)C(C(C)(C)C)C(C)=C1C
7.661507811141982,39.0,C=C1C=c2cccc3c2=C(C=CC3)C1
5.943459029048707,48.0,CC(C)=C(C(=C(C)C)C(C)(C)C)C(C)(C)C
7.380755812293375,29.23076923076923,Cc1cc2c(C)cccc(C)c-2c1
7.729632577131831,28.8,C=c1cc(C)c(=C)c(C)c1
6.901425273226517,57.0,CC1(C)c2cccc3c2C(C)(C1(C)C)C(C)(C)C3(C)C
7.674298745146899,55.333333333333336,CC1=C(C)C2=C(C)CC(C)=C2C1
8.15910131876559,129.71428571428572,CC12CC3CC1(C)C1(C)CC3CC21C
7.948059730176443,85.28571428571429,C=C1CCC23CCC(=C)C12C(=C)CC3
8.962721775032652,122.3529411764706,CC1CC2C3C4(C)CC(C)(C4(C)C)C3(C)C12C
7.055534950160846,22.58823529411765,Cc1cc2cccc3ccc4cccc1c2c34
7.8205860062011245,41.714285714285715,CC1=CC=CC2=CC=CC=CC2=C1C
7.031148485206451,50.125,C=C1c2ccccc2C=C2CC=CCC12C
7.893823357186757,41.4,C=C1C=CC(C)=CC(C)=C1
7.345403136728724,29.846153846153847,C1=Cc2ccccc3ccc(c2-3)C1
7.430230394441036,19.75,[CH]c1ccc2c(c1)c([CH])cc1ccccc12
7.484791180006822,42.4,CC1=CC(C)=C2C=CC=C12
7.46752614334568,27.058823529411764,Cc1cc(C)c2c(ccc3ccc(C)cc32)c1
7.918060221054801,44.36363636363637,CC1=CC=CC=CC(C)=C1C
7.534588534381918,29.846153846153847,C1=c2ccccc3ccc(c2=3)=CC1
7.187168869312737,18.933333333333334,C#Cc1c(C#CC)ccc2ccccc12
7.723115744193301,32.0,Cc1cc(C)c2c(c1)CC=C2c1ccccc1
7.195704904536818,26.0,C1=Cc2cccc3cccc(c23)C=C1
7.487666975643595,39.5,C=C1C(=C)C(C)=C1C
7.675620398554569,48.0,C1=CC=C2CC=CC3=C2C(=C1)C=CC3
7.3999569828825695,35.38461538461539,C1=CC2=CCc3cccc(c32)C=C1
7.401584034918207,23.714285714285715,C#Cc1cccc2c(C)ccc(C)c12
7.43867984856432,31.142857142857142,Cc1cc(C)c2[13cH]c[13c](C)c-2c(C)c1
7.9590016014096605,44.666666666666664,CC(C)(C)c1cc(C(C)(C)C)cc(C(C)(C)C)c1
7.448272597985078,24.2,Cc1cccc2ccc3c4ccccc4cc(C)c3c12
5.898903823070119,54.54545454545455,CC1=CCC(C)=C1C(C)(C)C
7.456935474239257,24.2,Cc1cccc2c(C)c3ccc4ccccc4c3cc12
7.915889220492255,94.4,CC1(C)CCC2=C1C1(C)CCC2(C)CC1
7.869079179118592,37.45454545454545,Cc1cccc(C)c1C(C)C
7.661177622526684,28.266666666666666,C=Cc1c(C)c(C)c2ccccc2c1C
7.826711701002122,43.666666666666664,CC1=c2cccc(C)c2=CCC1
7.1964282285554155,48.111111111111114,C=C1C=C(C)c2c(ccc3c2C(C)=C(C)C3C)C1
7.2486453294674424,30.75,c1ccc2c(c1)cc1c3c(cccc32)CC1
7.864794023985979,25.09090909090909,C=c1cc(C)c(=C)c(=C)c1=C
7.7565413059047055,28.8,C=c1cc(C)cc(C)c1=C
7.412288515200705,76.8,C1CC2=C3CCC4=C1CC1=C(CCC(=C(CC1)C2)C3)C4
8.095381591395109,121.23076923076923,CC12CC3CC(C)(C1)CC(C)(C3)C2
7.380755812293375,29.23076923076923,Cc1cc(C)c2cccc-2c(C)c1
7.956233345699745,43.75,CC1=C(C)C(C)(C)c2cc(C)c(C)c(C)c21
3.0175088510151333,39.0,C=Cc1c(C)c(C)c(C(C)(C)C)c(C)c1C
7.79981411633259,67.25,C1=CC23C=CC14CCc1ccc(c2c14)CC3
7.995427226520851,110.3076923076923,CC12C[C]3CC(C)(C1)CC(C)(C3)C2
7.280362321150523,23.2,Cc1cc2ccccc2c2ccccc12
7.59521387353928,24.0,C=c1cc(C)c(=C)c2ccccc12
7.484873776197188,70.0,CC1=C2CCC2C=C1C(C)(C)C
7.833126195409465,18.666666666666668,C1#CC#C/C=C\C#C/C=C\C#C1
7.825401082921572,48.125,CC1=CC2=C(C)[C]3C=C(C)CC3=C(C)C2=C1
7.519064905985363,38.18181818181818,Cc1ccc(C)c2c1=CCC=2
9.221721202468393,176.8,C1C2C3C4C1C15C6CC7C8C6C6CC8C8(C3CC4C718)C265
3.1875835736856253,64.61538461538461,CC1=C(C)C(C)(C)C(C)(C)C1(C)C
7.503659429628366,27.058823529411764,Cc1ccc2c(C)c3ccccc3cc2c1C
7.945879037875333,50.333333333333336,Cc1cccc2c1C(C)(C)CC2
7.337423550525292,29.23076923076923,Cc1cccc(C)c2c(C)ccc1-2
7.170666890938543,18.75,C#Cc1c2ccccc2cc2ccccc12
7.64147544974224,30.5,Cc1cccc2c1C(c1ccccc1)=CC2
7.241983276215097,26.307692307692307,[CH]1C=Cc2cccc3cccc1c23
7.44523023977785,28.76923076923077,[c]1ccc2c3c(cccc13)CC=C2
7.346161154981657,29.846153846153847,[2H]C1=CCc2cccc3cccc1c23
7.315809996862871,28.76923076923077,[c]1cc2c3c(cccc3c1)C=CC2
7.325661806872139,29.846153846153847,C1=Cc2cccc3cccc(c23)C1
7.445803615337787,31.714285714285715,Cc1ccc2cccc3c2c1C=CC3
7.45681971346206,28.76923076923077,[c]1ccc2cccc3c2c1CC=C3
7.44523023977785,28.76923076923077,[c]1ccc2c3c(cccc13)C=CC2
7.315809996862871,28.76923076923077,[c]1cc2c3c(cccc3c1)CC=C2
7.449884490789996,28.76923076923077,[c]1ccc2cccc3c2c1C=CC3
7.762971918208708,37.23076923076923,[2H]C1C=Cc2cccc3cccc1c23
7.5490604207471135,38.18181818181818,CC1=CCc2cccc(C)c21
7.945330292530897,55.78947368421053,C1=C[C@@H]2CCC[C@@]23C=Cc2cccc4ccc1c3c24
5.3036398908562346,59.38461538461539,C=C1C(=C)C(C)(C)C(C)(C)C1(C)C
7.64181119156013,32.8,CCc1cc2c(C)cc(C)cc(C)c-2c1
7.640977320870878,33.77777777777778,CC#CC(C)(C)C#CC
7.32089483009513,27.0,Cc1ccc2c(C)ccccc1-2
7.989195545324566,64.28571428571429,CC12CCCc3cccc(c31)CCC2
7.349545705884219,20.8,c1ccc(-c2cccc3ccc4ccccc4c23)cc1
7.4107645226632535,24.2,Cc1cc2c(C)c3ccccc3cc2c2ccccc12
7.443669308468186,19.75,[CH]c1cc2cccc([CH])c2c2ccccc12
7.7549402112924675,32.0,CC1=C(C)c2c(cccc2-c2ccccc2)C1
7.572573442051634,95.33333333333333,CC1(C)C(C)(C)C2(C)CCC12C
6.922846101773991,79.2,CC1Cc2c1c1c(c3c2C(C)C3)C(C)C1
7.850012643562766,45.42857142857143,CC1=CCCc2cc(C)c(C)c(C)c21
7.757119746035646,33.333333333333336,Cc1cc(C)c(C2=CCc3ccccc32)c(C)c1
7.752056855228201,52.0,CC1=Cc2c(C)c3c(c(C)c2C1)CCC3
7.624074955651157,72.0,CC1(C)C(C)(C)C(C)(C)C1(C)C
7.499988679233485,21.58823529411765,[CH2]c1ccccc1-c1cccc2ccccc12
7.523230309664108,30.0,C=C1C=CCc2ccc3ccccc3c21
7.247498452860997,46.333333333333336,Cc1c(C)c(C)c2c(c1C)CC2
9.088895774808977,131.2,CC1C2CC3C4CC2C(C)(C)C4(C)C13C
7.47901344433114,25.25,Cc1cc(C)c2ccc3ccccc(c1)c32
7.842083424081284,34.54545454545455,C/C=C/c1c(C)cccc1C
6.849761535363999,70.54545454545455,CC1=CC(C)(C)CC(C)(C)C1
7.930072161699883,59.0,CC1(C)C2=C(CC=C2)C(C)(C)C2=C1CC=C2
7.6766643828277825,55.2,CC1=C2C=CCC2=C(C)C1
7.412961976963686,29.23076923076923,Cc1ccc2c(C)ccc-2c(C)c1
7.671633174497428,33.38461538461539,CC1=CC(=C(C)C)c2ccccc21
8.798398949220122,100.23529411764706,CC1(C)C2C3(C)CC(C)(C3(C)C)C2(C)C1(C)C
7.550432904399137,32.4,Cc1cccc(C)c1-c1ccc2c3c(cccc13)CC2
7.0772340382857655,31.142857142857142,Cc1ccc(C)c2c(C)ccc(C)c12
7.431572161637801,28.0,CC#Cc1c(C)cccc1C
7.952747911770413,44.61538461538461,CC1=CCC(C)(C)c2ccccc21
7.601055016357896,34.13333333333333,Cc1cccc2c1CCc1ccccc1-2
7.1838942661845255,31.77777777777778,C1=CCc2c(c3ccccc3c3ccccc23)C1
7.612166080636083,36.53333333333333,Cc1c2c(cc3ccccc13)CC=CC2
7.193299520200311,18.933333333333334,C#Cc1ccc2ccccc2c1C#CC
6.757265646236013,70.0,C1CC2=C3CCC3=C3CCC3=C3CCC3=C12
7.4259553635895355,31.714285714285715,Cc1ccc2c3c(cccc13)C=CC2
5.554411654590919,51.46666666666667,Cc1ccc2c(c1C)C(C)(C)CC2(C)C
7.5933148392868315,25.833333333333332,Cc1cc[c]c2cccc(C)c12
7.824173267200328,28.0,CC(C)(C)c1ccccc1-c1ccc2cccccc1-2
7.381985899566692,74.57142857142857,CC12CCC(C)(CC1)c1ccccc12
7.3379209839412844,27.0,Cc1cccc2cccc(C)c12
8.414974274425806,142.0,CC12CCC1C1CC3CC2(C)C31
7.292578704972181,33.42857142857143,Cc1c2c(c(C)c3c1=CC=C3)=CC=C2
7.1123164672099435,28.285714285714285,Cc1ccc2c3c(ccc(C)c13)C=C2
7.353020945115613,24.4,C=C1c2ccccc2-c2c(C)cccc21
7.627042670976415,24.88888888888889,CC(C)=Cc1c2ccccc2cc2ccccc12
7.789276304324276,45.09090909090909,C#CC1C(C)=C(C)C(C)=C1C
7.832055371916825,30.105263157894736,Cc1ccc2c(ccc3ccccc32)c1C(C)(C)C
7.724816805932861,34.266666666666666,Cc1cc(C)c(C=C2C=CC=C2)c(C)c1
7.84080259178088,40.30769230769231,Cc1cc(C)c(C(C)(C)C)c(C)c1
7.250856180930077,20.941176470588236,C#Cc1c2ccccc2c(C)c2ccccc12
7.731324681771353,43.666666666666664,CC1=CCCc2c(C)cccc21
7.268927911069214,31.142857142857142,Cc1c(C)c(C)c2ccccc2c1C
6.885781927560963,17.11111111111111,C#Cc1c2ccccc2c(C#C)c2ccccc12
7.521143171755398,43.666666666666664,Cc1ccc(C)c2c1CC=CC2
7.304424228292903,21.533333333333335,[CH2]c1c2ccccc2cc2ccccc12
7.391916902051073,23.714285714285715,C#Cc1c(C)cc(C)c2ccccc12
7.118407468607243,35.0,Cc1ccc2c3c1Cc1ccc(C)c(c1-3)C2
5.70684426960536,54.46153846153846,Cc1cccc2c1C(C)(C)CCC2
7.5353452644673755,30.105263157894736,Cc1cc2c(c(C)c1C)c(C)c(C)c1ccccc12
7.41241579104218,42.57142857142857,Cc1c2c(c(C)c3c1CC=C3)CC=C2
3.134259681367909,45.42857142857143,Cc1cc(C)c2c(c1)C=CCC2(C)C
7.614822277925199,39.666666666666664,Cc1cc(C)c2c(c1C)CC=C2
7.329018269143675,36.0,Cc1ccc2c3c(cccc13)CC2
7.6022739375178885,33.111111111111114,CC1=Cc2c3c(c4ccccc4c2=C1)=CC=CC3
7.238049390403437,27.0,Cc1ccc(C)c2ccccc12
7.812661055685577,33.88235294117647,CC(C)(C)c1cccc2c1Cc1ccccc1-2
7.998393549756244,50.76923076923077,Cc1ccc2c(c1C)C(C)(C)CC2
7.561126421080273,29.23076923076923,Cc1cc2cccc(C)c(C)c-2c1
7.390107728879098,35.333333333333336,[CH]c1c(C)c(C)c(C)c(C)c1C
7.843402489717608,57.142857142857146,C1=CC=C2CCCC3=C2C(=C1)C=CC3
7.359298407012089,29.23076923076923,Cc1ccc(C)c2c(C)cccc12
7.316530712017557,21.11111111111111,C=Cc1c2ccccc2c(C=C)c2ccccc12
8.034949039957434,123.55555555555556,CC12CC3(C)C4(C)CC1(C)C1(C)C2(C)C3(C)C41C
8.609195155299494,122.66666666666667,CC12CC3CC(C)(C1)CC3(C)C2
7.837418819868784,30.105263157894736,CC(C)(C)Cc1c2ccccc2cc2ccccc12
7.52977076663336,37.625,C=C1C(C)=C(C)c2c(C)c(C)c(C)c(C)c21
7.421248038371835,26.0,Cc1cccc(C)c1-c1ccc2c3c(cccc13)C=C2
5.872576351186658,67.42857142857143,CC1(C)C=CC(C)(C)C(C)(C)C1(C)C
6.807240121193827,53.333333333333336,CC12CCC(C)(c3ccccc31)c1ccccc12
8.224365828616591,116.57142857142857,CC12CC3CC(C)(CC(C1)C3(C)C)C2
7.420966225981345,37.42857142857143,Cc1cc2c3c(ccc(C)c3c1)CC2
7.306847503010078,56.53333333333333,CC1=CC(C)=C(C)C2=CC(C)=C(C)C12C
7.981364589613516,145.6,C1C2C3=C4C5CC6C7=C(C1C6C25)C1CC3C2C4CC7C12
7.382439446188716,29.11111111111111,CC1=CCc2c1c1ccccc1c1ccccc21
7.246728110870286,22.88888888888889,CC#Cc1c2ccccc2c(C)c2ccccc12
7.474404686406817,23.058823529411764,C=Cc1c2ccccc2c(C)c2ccccc12
7.253250077698955,18.75,C#Cc1cccc2ccc3ccccc3c12
8.828418335257751,132.30769230769232,CC1CC2(C)CC3CC(CC1C3)C2
7.370915571248692,23.6875,[CH2]c1c2ccccc2c(C)c2ccccc12
7.262024802031192,37.42857142857143,Cc1ccc2c3c(ccc(C)c13)CC2
7.491157013584277,31.529411764705884,Cc1c(C)c(C)c(-c2ccccc2)c(C)c1C
7.426212493427832,73.6,CC1=C(C)C2(C)C(C)=C(C)C1(C)C2(C)C
7.584331976353645,26.88888888888889,C/C=C/c1c2ccccc2c(C)c2ccccc12
7.193606558197821,61.25,Cc1ccc(C)c2c1C1=C(CCCC1)C2C
7.473128027516427,23.333333333333332,[CH]c1ccc(C)c2ccccc12
7.3386120447572045,19.75,[CH]c1cc2c([CH])cccc2c2ccccc12
7.609803698703276,25.833333333333332,Cc1ccc(C)c2ccc[c]c12
7.190942079258094,35.05882352941177,c1ccc2c(c1)c1c(c3ccccc32)CCC1
7.292730545530321,25.25,Cc1cc2c(C)cccc2c2ccccc12
7.969529655536732,45.89473684210526,CC1=CC(C)=CC2=C3CC=C(C)C3=CC(C)=CC2=C1
8.034949039957434,123.55555555555556,CC12C3(C)C4(C)C1(C)[C@@]1(C)C[C@]2(C)[C@]3(C)C[C@@]41C
4.758894205919653,42.4,Cc1cc(C)c(C)c(CC(C)(C)C)c1C
7.458112767925321,33.333333333333336,Cc1c2c(c(C)c3ccccc13)=CCC=2
6.819131928422947,20.666666666666668,c1cc2cccc3cccc4cccc(c1)c2=c34
7.388717867623424,33.333333333333336,C=c1c(C)c(C)c(=C)c(C)c1C
7.243892467326513,27.0,Cc1cccc(C)c2cccc1-2
7.3603920346191885,28.666666666666668,Cc1cc(C)c2ccc3c(C)cc(C)cc(c1)c23
7.447051084690681,29.23076923076923,Cc1cc(C)c2ccccc2c1C
7.385816228981302,24.307692307692307,C#Cc1c(C)cc(C)c(C#C)c1C
7.53860398131892,126.0,CC12C3(C)C4(C)C1(C)C1(C)C2(C)C3(C)C41C
7.832325994626761,39.0,Cc1cccc(C)c1C(C)(C)C
